﻿<HBProfile xsi:noNamespaceSchemaLocation="../../../Schemas/QuestProfileSchema.xsd" xmlns:xsi="http://www.w3.org/2001/XMLSchema-instance">
    <Name>[A - QO] Argent Tourny - Exodar Valor [Kick] ($ShortHash$)</Name>

    <MinLevel>1</MinLevel>
    <MaxLevel>1001</MaxLevel>

    <MinDurability>0.2</MinDurability>
    <MinFreeBagSlots>2</MinFreeBagSlots>

    <MailGrey>false</MailGrey>
    <MailWhite>false</MailWhite>
    <MailGreen>false</MailGreen>
    <MailBlue>true</MailBlue>
    <MailPurple>true</MailPurple>

    <SellGrey>true</SellGrey>
    <SellWhite>true</SellWhite>
    <SellGreen>true</SellGreen>
    <SellBlue>false</SellBlue>
    <SellPurple>false</SellPurple>

    <TargetElites>true</TargetElites>

    <AvoidMobs>
    </AvoidMobs>
    <Blackspots>
    </Blackspots>
    <Mailboxes>
        <Mailbox X="8589.352" Y="697.2214" Z="547.2932" />
    </Mailboxes>
    <Vendors>
        <Vendor Name="Brollen Wheatbeard" Id="33599" Type="Repair" X="8548.112" Y="933.3629" Z="547.2943" />
    </Vendors>


    <QuestOrder>
    <!--
    http://www.wowhead.com/blog=80946/argent-tournament-guide
    -->

      <If Condition="Me.IsHorde" >
            <CustomBehavior File="RunMacro" Macro="/exit" />
            <CustomBehavior File="RunMacro" Macro="/click StaticPopup1Button1" />
            <CustomBehavior File="UserDialog"  Title="title" AllowBotStop="true" SoundCue="Asterisk" SoundCueInterval="2" Text="You must be Alliance to run this profile" />
      </If>

        <LootMobs Value="true" />
        <UseMount Value="true" />

            <If Condition="Me.MapId == 0" >
                <If Condition="(!HasQuest(13633))" >
                <!-- If you're lazy like me, it will fly u to dock and use boat to borean -->
                <CustomBehavior File="FlyTo" X="-8291.137" Y="1404.371" Z="4.731256" />
                <CustomBehavior File="ForcedDismount" />
                <!-- SW dock to Valiance Keep -->
                <CustomBehavior File="UseTransport"
                                Id="-8300.08, 1405.158, 4.422395"
                                Exit="2234.375, 5132.568, 5.343217"
                                Start="-8288.816, 1424.703, 0.04"
                                End="2218.391, 5119.589, 0.04"
                                Transport="190536" />
                <CustomBehavior File="WaitTimer" WaitTime="5000" />
            </If></If>

            <!-- 25 Seals to next profile -->
            <If Condition="((!HasQuest(13854)) &amp;&amp; (!IsQuestCompleted(13854)))" >
                <CustomBehavior File="FlyTo" X="8582.106" Y="692.2238" Z="547.2957" />
                <CustomBehavior File="ForcedDismount" />
            </If>
        <PickUp QuestName="At The Enemy's Gates" QuestId="13854" GiverName="Ranii" GiverId="33656" />
        <PickUp QuestName="The Grand Melee" QuestId="13756" GiverName="Ranii" GiverId="33656" />
        <PickUp QuestName="A Valiant's Field Training" QuestId="13755" GiverName="Saandos" GiverId="33655" />
            <While Condition="HasQuestAvailable(33593)" >
                <CustomBehavior File="InteractWith"  MobId="33593" CollectionDistance="200"
                                X="8622.947" Y="663.9775" Z="550.2505" />
                <CustomBehavior File="RunMacro" Macro="/click GossipTitleButton1" />
                <CustomBehavior File="RunMacro" Macro="/click QuestFrameAcceptButton" />
            </While>

            <!-- Eadric the Pure Quests -->
            <If Condition="((!HasQuest(13682)) &amp;&amp; (!IsQuestCompleted(13682)))" >
                <CustomBehavior File="FlyTo" X="8484.761" Y="1057.067" Z="550.5325" />
                <CustomBehavior File="ForcedDismount" />
            </If>
        <PickUp QuestName="Threat From Above" QuestId="13682" GiverName="Eadric the Pure" GiverId="33759" />
        <PickUp QuestName="Battle Before The Citadel" QuestId="13861" GiverName="Eadric the Pure" GiverId="33759" />
        <PickUp QuestName="Taking Battle To The Enemy" QuestId="13789" GiverName="Cellian Daybreak" GiverId="33763" />
        <PickUp QuestName="Among the Champions" QuestId="13790" GiverName="Luuri" GiverId="33771" />


            <If Condition="((HasQuest(13682)) &amp;&amp; (!IsQuestCompleted(13682)))" >
                <!-- do before the 10 cursed quest -->
                <CustomBehavior File="FlyTo" X="8017.991" Y="2682.542" Z="548.5018" />
                <CustomBehavior File="UserDialog" QuestId="13682" SoundCue="Exclamation" SoundCueInterval="1" Text="Find and kill Chillmaw and his 3 buddies that spawn" />
            </If>
            <If Condition="((HasQuest(13755)) &amp;&amp; (!IsQuestCompleted(13755)))" >
                <CustomBehavior File="FlyTo" X="7158.93" Y="2559.076" Z="398.3151" />
                <CustomBehavior File="ForcedDismount" />
                <Objective QuestName="A Valiant's Field Training" QuestId="13755" Type="KillMob" MobId="32255" KillCount="10" />
            </If>
            <If Condition="((HasQuest(13854)) &amp;&amp; (!IsQuestCompleted(13854)))" >
                <CustomBehavior File="FlyTo" X="6439.218" Y="2368.915" Z="465.2995" />
                <CustomBehavior File="ForcedDismount" />
    <CustomBehavior File="UserDialog" AllowBotStop="true" SoundCue="Asterisk" SoundCueInterval="1" Text="Do this quest manually while on a horse" />
            </If>
            <If Condition="((HasQuest(13861)) &amp;&amp; (!IsQuestCompleted(13861)))" >
                <CustomBehavior File="UserDialog" QuestId="13861" SoundCue="Exclamation" SoundCueInterval="1" Text="Kill 3 Commanders" />
            </If>
            <If Condition="((HasQuest(13600)) &amp;&amp; (!IsQuestCompleted(13600)))" >

                <CustomBehavior File="FlyTo" X="6201.714" Y="973.8531" Z="164.7364" />

    <CustomBehavior File="UserDialog"  AllowBotStop="true" SoundCue="Asterisk" SoundCueInterval="1" Text="The looting part for this quest is User done until HB 4512+ is out, loot the 4 Winter Hyacinths\n\nPress continue after you have looted 4" />

            <!-- enable in 4512+
              <While Condition="((HasQuest(13600)) &amp;&amp; (!IsQuestCompleted(13600)))" >
                <CustomBehavior File="FlyTo" X="6138.642" Y="1001.314" Z="148.1539" />
                <CustomBehavior File="ForcedDismount" />
                <CustomBehavior File="InteractWith" QuestId="13600" MobId="194213" WaitForNpcs="false"
                CollectionDistance="50" X="6138.642" Y="1001.314" Z="148.1539" />

                <CustomBehavior File="FlyTo" X="6224.009" Y="1042.302" Z="148.2521" />
                <CustomBehavior File="ForcedDismount" />
                <CustomBehavior File="InteractWith" QuestId="13600" MobId="194213" WaitForNpcs="false"
                CollectionDistance="50" X="6224.009" Y="1042.302" Z="148.2521" />

                <CustomBehavior File="FlyTo" X="6259.771" Y="995.2029" Z="149.3356" />
                <CustomBehavior File="ForcedDismount" />
                <CustomBehavior File="InteractWith" QuestId="13600" MobId="194213" WaitForNpcs="false"
                CollectionDistance="50" X="6259.771" Y="995.2029" Z="149.3356" />

                <CustomBehavior File="FlyTo" X="6283.216" Y="974.5555" Z="159.504" />
                <CustomBehavior File="ForcedDismount" />
                <CustomBehavior File="InteractWith" QuestId="13600" MobId="194213" WaitForNpcs="false"
                CollectionDistance="50" X="6283.216" Y="974.5555" Z="159.504" />

                <CustomBehavior File="FlyTo" X="6284.188" Y="917.3234" Z="150.0614" />
                <CustomBehavior File="ForcedDismount" />
                <CustomBehavior File="InteractWith" QuestId="13600" MobId="194213" WaitForNpcs="false"
                CollectionDistance="50" X="6284.188" Y="917.3234" Z="150.0614" />

                <CustomBehavior File="FlyTo" X="6309.871" Y="880.2228" Z="149.0663" />
                <CustomBehavior File="ForcedDismount" />
                <CustomBehavior File="InteractWith" QuestId="13600" MobId="194213" WaitForNpcs="false"
                CollectionDistance="50" X="6309.871" Y="880.2228" Z="149.0663" />

                <CustomBehavior File="FlyTo" X="6342.218" Y="860.8906" Z="150.7731" />
                <CustomBehavior File="ForcedDismount" />
                <CustomBehavior File="InteractWith" QuestId="13600" MobId="194213" WaitForNpcs="false"
                CollectionDistance="50" X="6342.218" Y="860.8906" Z="150.7731" />

                <CustomBehavior File="FlyTo" X="6368.168" Y="857.0884" Z="162.5025" />
                <CustomBehavior File="ForcedDismount" />
                <CustomBehavior File="InteractWith" QuestId="13600" MobId="194213" WaitForNpcs="false"
                CollectionDistance="50" X="6368.168" Y="857.0884" Z="162.5025" />
              </While>
            -->

                <CustomBehavior File="FlyTo" X="4601.406" Y="-1599.759" Z="156.9936" />
                <CustomBehavior File="ForcedDismount" />
                <CustomBehavior File="UseItem" ItemId="45000" />
                <CustomBehavior File="WaitTimer" WaitTime="20000" />
                <CustomBehavior File="InteractWith" QuestId="13600" MobId="194238" CollectionDistance="50"
                                X="4604.894" Y="-1598.469" Z="154.9988" />

            </If>
            <If Condition="((HasQuest(13616)) &amp;&amp; (!IsQuestCompleted(13616)))" >
              <If Condition="(!HasItem(45005))" >
                <CustomBehavior File="FlyTo" X="5138.633" Y="-57.57318" Z="347.322" />
                <CustomBehavior File="ForcedDismount" />
                <Objective QuestName="The Edge Of Winter" QuestId="13616" Type="CollectItem" ItemId="45005" CollectCount="1" />
              </If>

              <If Condition="(HasItem(45005))" >
                <CustomBehavior File="FlyTo" X="2324.844" Y="-3944.382" Z="218.2621" />
                <CustomBehavior File="ForcedDismount" />
                <CustomBehavior File="InteractWith" QuestId="13616" MobId="33303" InteractByUsingItemId="45005"
                                WaitTime="5000" Range="5" CollectionDistance="50"
                                X="2324.844" Y="-3944.382" Z="218.2621" />
              </If>
            </If>
            <!-- frog for valiant -->
            <If Condition="((HasQuest(13752)) &amp;&amp; (!IsQuestCompleted(13752)))" >
                <CustomBehavior File="FlyTo" X="3803.127" Y="-4349.656" Z="180.808" />
                <CustomBehavior File="ForcedDismount" />
              <While Condition="((HasQuest(13752)) &amp;&amp; (!IsQuestCompleted(13752)))" >
                <CustomBehavior File="UseItem" ItemId="44986" />
                <CustomBehavior File="RunMacro" Macro="/tar Lake Frog\n/kiss\n/cleartarget" WaitTime="10000" />
                <CustomBehavior File="InteractWith" MobId="33224" InteractByGossipOptions="1" WaitForNpcs="false"
                                CollectionDistance="100" X="3819.208" Y="-4361.081" Z="182.1844" />
              </While>
            </If>
            <!-- frog for valor -->
            <If Condition="((HasQuest(13603)) &amp;&amp; (!IsQuestCompleted(13603)))" >
                <CustomBehavior File="FlyTo" X="3803.127" Y="-4349.656" Z="180.808" />
                <CustomBehavior File="ForcedDismount" />
              <While Condition="((HasQuest(13603)) &amp;&amp; (!IsQuestCompleted(13603)))" >
                <CustomBehavior File="UseItem" ItemId="44986" />
                <CustomBehavior File="RunMacro" Macro="/tar Lake Frog\n/kiss\n/cleartarget" WaitTime="10000" />
                <CustomBehavior File="InteractWith" MobId="33224" InteractByGossipOptions="1" WaitForNpcs="false"
                                CollectionDistance="100" X="3819.208" Y="-4361.081" Z="182.1844" />
              </While>
            </If>
            <If Condition="((HasQuest(13753)) &amp;&amp; (!IsQuestCompleted(13753)))" >


    <CustomBehavior File="UserDialog" AllowBotStop="true" SoundCue="Asterisk" SoundCueInterval="1" Text="The looting part for this quest is User done until HB 4556+ is out, loot the 4 Winter Hyacinths\n\nPress continue after you have looted 4" />
    <!-- enable in 4556+
              <While Condition="((HasQuest(13753)) &amp;&amp; (!IsQuestCompleted(13753)))" >
                <CustomBehavior File="FlyTo" X="6201.714" Y="973.8531" Z="164.7364" Name="Star for Worthy Weapon" />
                <If Condition="(GetItemCount(45000) &lt; 4)" >
                <CustomBehavior File="FlyTo" QuestId="13753" X="6138.642" Y="1001.314" Z="148.1539" />
                <CustomBehavior File="ForcedDismount" QuestId="13753" />
                <CustomBehavior File="InteractWith" QuestId="13753" MobId="194213" WaitForNpcs="false" Range="10"
                CollectionDistance="50" X="6138.642" Y="1001.314" Z="148.1539" />

                <CustomBehavior File="FlyTo" QuestId="13753" X="6224.009" Y="1042.302" Z="148.2521" />
                <CustomBehavior File="ForcedDismount" QuestId="13753" />
                <CustomBehavior File="InteractWith" QuestId="13753" MobId="194213" WaitForNpcs="false" Range="10"
                CollectionDistance="50" X="6224.009" Y="1042.302" Z="148.2521" />

                <CustomBehavior File="FlyTo" QuestId="13753" X="6259.771" Y="995.2029" Z="149.3356" />
                <CustomBehavior File="ForcedDismount" QuestId="13753" />
                <CustomBehavior File="InteractWith" QuestId="13753" MobId="194213" WaitForNpcs="false" Range="10"
                CollectionDistance="50" X="6259.771" Y="995.2029" Z="149.3356" />

                <CustomBehavior File="FlyTo" X="6283.216" Y="974.5555" Z="159.504" />
                <CustomBehavior File="ForcedDismount" QuestId="13753" />
                <CustomBehavior File="InteractWith" QuestId="13753" MobId="194213" WaitForNpcs="false" Range="10"
                CollectionDistance="50" X="6283.216" Y="974.5555" Z="159.504" />

                <CustomBehavior File="FlyTo" QuestId="13753" X="6284.188" Y="917.3234" Z="150.0614" />
                <CustomBehavior File="ForcedDismount" QuestId="13753" />
                <CustomBehavior File="InteractWith" QuestId="13753" MobId="194213" WaitForNpcs="false" Range="10"
                CollectionDistance="50" X="6284.188" Y="917.3234" Z="150.0614" />

                <CustomBehavior File="FlyTo" QuestId="13753" X="6309.871" Y="880.2228" Z="149.0663" />
                <CustomBehavior File="ForcedDismount" QuestId="13753" />
                <CustomBehavior File="InteractWith" QuestId="13753" MobId="194213" WaitForNpcs="false" Range="10"
                CollectionDistance="50" X="6309.871" Y="880.2228" Z="149.0663" />

                <CustomBehavior File="FlyTo" QuestId="13753" X="6342.218" Y="860.8906" Z="150.7731" />
                <CustomBehavior File="ForcedDismount" QuestId="13753" />
                <CustomBehavior File="InteractWith" QuestId="13753" MobId="194213" WaitForNpcs="false" Range="10"
                CollectionDistance="50" X="6342.218" Y="860.8906" Z="150.7731" />

                <CustomBehavior File="FlyTo" QuestId="13753" X="6368.168" Y="857.0884" Z="162.5025" />
                <CustomBehavior File="ForcedDismount" QuestId="13753" />
                <CustomBehavior File="InteractWith" QuestId="13753" MobId="194213" WaitForNpcs="false" Range="10"
                CollectionDistance="50" X="6368.168" Y="857.0884" Z="162.5025" />
                </If>
            -->

                <If Condition="(GetItemCount(45000) &gt;= 4)" >

                <CustomBehavior File="FlyTo" X="4601.406" Y="-1599.759" Z="156.9936" />
                <CustomBehavior File="ForcedDismount" />
                <CustomBehavior File="UseItem" ItemId="45000" />
                <CustomBehavior File="WaitTimer" WaitTime="20000" />
                <CustomBehavior File="InteractWith" QuestId="13753" MobId="194238" CollectionDistance="50"
                                X="4604.894" Y="-1598.469" Z="154.9988" />

                </If>
                <CustomBehavior File="WaitTimer" WaitTime="5000" />
                <!--
              </While> -->
            </If>

            <If Condition="((HasQuest(13756)) &amp;&amp; (!IsQuestCompleted(13756)))" >
              <If Condition="(!HasItem(46069))" >
                <CustomBehavior File="FlyTo" X="8594.644" Y="942.6311" Z="548.3071" />
                <CustomBehavior File="ForcedDismount" />
                <!-- get id of lance rack -->
                <CustomBehavior File="InteractWith"  MobId="194618" CollectionDistance="50"
                                X="8618.139" Y="897.5522" Z="546.9598" />
              </If>
                <CustomBehavior File="FlyTo" ArrivalTolerance="5" X="8569.275" Y="655.3611" Z="547.8465" />
                <CustomBehavior File="ForcedDismount" />
                <CustomBehavior File="EquipItem" ItemId="46069" Slot="MainHandSlot" />
                <CustomBehavior File="Vehicles\MountVehOnly" VehicleMountId="33790"
                                X="8569.275" Y="655.3611" Z="547.8465" />
                <CustomBehavior File="WaitTimer" WaitTime="2000" />

    <CustomBehavior File="UserDialog"  AllowBotStop="true" SoundCue="Asterisk" SoundCueInterval="1" Text="You'll have to do this quest manually - defeat 3 valiants" />
                <CustomBehavior File="EjectVeh" />

            </If>
            <If Condition="((HasQuest(13790)) &amp;&amp; (!IsQuestCompleted(13790)))" >
                <!-- Champion fights -->
                <CustomBehavior File="FlyTo" ArrivalTolerance="5" X="8478.908" Y="952.3561" Z="547.2932" />
                <CustomBehavior File="ForcedDismount" />
    <CustomBehavior File="UserDialog"  AllowBotStop="true" SoundCue="Asterisk" SoundCueInterval="1" Text="You'll have to do this quest manually - defeat 4 champions" />
            </If>

            <!-- Turn In the Dailies -->
            <If Condition="((HasQuest(13755)) &amp;&amp; (IsQuestCompleted(13755)))" >
                <CustomBehavior File="FlyTo" X="8582.106" Y="692.2238" Z="547.2957" />
                <CustomBehavior File="ForcedDismount" />
            </If>
        <TurnIn QuestName="A Valiant's Field Training" QuestId="13755" TurnInName="Saandos" TurnInId="33655" />
        <TurnIn QuestName="At The Enemy's Gates" QuestId="13854" TurnInName="Ranii" TurnInId="33656" />
            <If Condition="((HasQuest(13665)) &amp;&amp; (IsQuestCompleted(13665)))" >
        <TurnIn QuestName="The Grand Melee" QuestId="13756" TurnInName="Ranii" TurnInId="33656" />
            </If>
            <If Condition="((HasQuest(13616)) &amp;&amp; (IsQuestCompleted(13616)))" >
        <TurnIn QuestName="The Edge Of Winter" QuestId="13616" TurnInName="Marshal Jacob Alerius" TurnInId="33225" />
            </If>
            <If Condition="((HasQuest(13753)) &amp;&amp; (IsQuestCompleted(13753)))" >
        <TurnIn QuestName="A Worthy Weapon" QuestId="13753" TurnInName="Colosos" TurnInId="33593" />
            </If>
            <If Condition="((HasQuest(13752)) &amp;&amp; (IsQuestCompleted(13752)))" >
        <TurnIn QuestName="A Blade Fit For A Champion" QuestId="13752" TurnInName="Colosos" TurnInId="33593" />
            </If>

            <If Condition="((HasQuest(13861)) &amp;&amp; (IsQuestCompleted(13861)))" >
                <CustomBehavior File="FlyTo" X="8484.761" Y="1057.067" Z="550.5325" />
                <CustomBehavior File="ForcedDismount" />
            </If>
        <TurnIn QuestName="Battle Before The Citadel" QuestId="13861" TurnInName="Eadric the Pure" TurnInId="33759" />
        <TurnIn QuestName="Threat From Above" QuestId="13682" TurnInName="Eadric the Pure" TurnInId="33759" />
        <TurnIn QuestName="Among the Champions" QuestId="13790" TurnInName="Luuri" TurnInId="33771" />
        <TurnIn QuestName="Taking Battle To The Enemy" QuestId="13789" TurnInName="Cellian Daybreak" TurnInId="33763" />

            <!-- 25 Seals to next profile -->
            <If Condition="((HasQuest(13716)) &amp;&amp; (IsQuestCompleted(13716)))" >
                <CustomBehavior File="FlyTo" X="8582.106" Y="692.2238" Z="547.2957" />
                <CustomBehavior File="ForcedDismount" />
        <TurnIn QuestName="The Valiant's Charge" QuestId="13716" TurnInName="Colosos" TurnInId="33593" />
        <PickUp QuestName="The Valiant's Challenge" QuestId="13724" GiverName="Colosos" GiverId="33593" />
            </If>
            <While Condition="((HasQuest(13724)) &amp;&amp; (!IsQuestCompleted(13724)))" >
                <CustomBehavior File="FlyTo" X="8478.375" Y="953.702" Z="547.2943" />
                <CustomBehavior File="ForcedDismount" />
    <CustomBehavior File="UserDialog"  AllowBotStop="true" SoundCue="Asterisk" SoundCueInterval="1" Text="You'll have to do this quest manually - get on a horse defeat 1 champion" />
                <CustomBehavior File="EjectVeh" />
            </While>
            <If Condition="((HasQuest(13724)) &amp;&amp; (IsQuestCompleted(13724)))" >
                <CustomBehavior File="FlyTo" X="8582.106" Y="692.2238" Z="547.2957" />
                <CustomBehavior File="ForcedDismount" />
        <TurnIn QuestName="The Valiant's Challenge" QuestId="13724" TurnInName="Colosos" TurnInId="33593" />
            </If>


            <If Condition="(IsQuestCompleted(13724))" >
        <CustomBehavior File="LoadProfile" ProfileName="[A - QO] Argent Tourny - Champion [Kick]" />
            </If>







            <CustomBehavior File="UserDialog" Title="title" AllowBotStop="true" SoundCue="Asterisk" SoundCueInterval="1" Text="You have reached the end of the profile (for now, I'm still developing this profile)\n\nIf you're not Human, you'll have to manually pickup your race quest\nMake sure you replace your weapon(s)\n\nIf you liked this profile, +rep is always appreciated" />

    </QuestOrder>

</HBProfile>
