<HBProfile xsi:noNamespaceSchemaLocation="../Schemas/EchoSchema.xsd" xmlns:xsi="http://www.w3.org/2001/XMLSchema-instance">
	<!-- Original contribution by F'yari -->
	<Name>Night Elf Starter ($ShortHash$)</Name>

	<MinDurability>0.3</MinDurability>
	<MinFreeBagSlots>3</MinFreeBagSlots>

	<SellGrey>true</SellGrey>
	<SellWhite>true</SellWhite>
	<SellGreen>true</SellGreen>
	<SellBlue>true</SellBlue>
	<SellPurple>false</SellPurple>

	<MailGrey>false</MailGrey>
	<MailWhite>true</MailWhite>
	<MailGreen>true</MailGreen>
	<MailBlue>true</MailBlue>
	<MailPurple>true</MailPurple>

	<TargetElites>true</TargetElites>

	<AvoidMobs>
	</AvoidMobs>

	<Mailboxes>
		<Mailbox Name="Darnassus" X="9918.3" Y="2346.915" Z="1330.781" />
		<Mailbox Name="Dolanar" X="9849.358" Y="957.6946" Z="1306.807" />
		<Mailbox Name="Shadowglen" X="10391.03" Y="748.014" Z="1320.292" />
	</Mailboxes>

	<Vendors>
		<!-- Shadowglen Vendors -->
		<Vendor Name="Andiss" Id="3592" Type="Repair" X="10429.96" Y="765.7778" Z="1322.667" />
		<Vendor Name="Dellylah" Id="6091" Type="Food" X="10440.97" Y="773.0278" Z="1322.666" />

		<!-- Dolanar Vendors -->
		<Vendor Name="Innkeeper Keldamyr" Id="6736" Type="Food" X="9802.209" Y="982.6077" Z="1313.896" />
		<Vendor Name="Shalomon" Id="3609" Type="Repair" X="9812.371" Y="947.5777" Z="1308.771" />

		<!-- Darnassus Vendors -->
		<Vendor Name="Cylania" Id="4164" Type="Repair" X="9911.15" Y="2311.39" Z="1330.786" />
		<Vendor Name="Fyrenna" Id="4181" Type="Food" X="9920.628" Y="2204.391" Z="1328.139" />
	</Vendors>

	<Blackspots>
	</Blackspots>

	<Blacklist>
	</Blacklist>

	<QuestOrder IgnoreCheckpoints="false" ContinuallySkipToCheckpoints="true" >
		<!-- Check function status -->
		<Code File="RunCode" Type="Definition">
			<![CDATA[
			private static bool? profileFunctionsEnabled => (bool?)AppDomain.CurrentDomain.GetData("QuestingProfiles_FunctionsEnabled");
			private static bool IsStoreProfile(string path) => path.StartsWith("store://");
			private static string Slashify(string path) => IsStoreProfile(path) ? path.Replace(@"\", "/") : path.Replace("/", @"\");

			public __CompiledBatchClass__()
			{
				ActivateFunctions();
			}

			private static void ActivateFunctions()
			{
				if (profileFunctionsEnabled == null || profileFunctionsEnabled == false)
				{
					Bots.Professionbuddy.PBLog.Log(Colors.MediumPurple, "[Profile Message!]: ", Colors.Yellow, "Please stand by as the functions are being activated!");
					LoadProfile(@"..\..\Functions\Activate Functions.xml");
				}
			}

			private static void LoadProfile(string path)
			{
				var profile = GetNewPath(path);
				if (!IsStoreProfile(profile) && !File.Exists(profile))
				{
					Bots.Professionbuddy.PBLog.Log(Colors.MediumPurple, "[Profile Message!]: ", Colors.Yellow, "Profile does not exist.\n" + profile);
					return;
				}

				Bots.Professionbuddy.PBLog.Log(Colors.MediumPurple, "[Profile Message!]: ", Colors.Yellow, "Loading: " + profile);
				ProfileManager.LoadNew(profile, false);
			}

			private static string GetNewPath(string path)
			{
				if (IsStoreProfile(path))
					return Slashify(path);

				var currentProfile = ProfileManager.XmlLocation;
				if (IsStoreProfile(currentProfile))
					return Slashify(currentProfile + "/../" + path);

				var absolutePath = Path.Combine(Path.GetDirectoryName(currentProfile), path);
				absolutePath = Path.GetFullPath(absolutePath);
				var canonicalPath = new Uri(absolutePath).LocalPath;
				return Slashify(canonicalPath);
			}]]>
		</Code>
		<Code File="RunCode" Code="ActivateFunctions();" />
		<!-- END Check function status -->

		<If Condition="Me.IsHorde" >
			<Code File="LoadProfile" ProfileName="..\..\Questing Autoloader.xml" />
		</If>
		<!-- RunCode Methods -->
			<Code File="RunCode">
			<![CDATA[
				Bots.Professionbuddy.PBLog.Log(System.Windows.Media.Colors.MediumPurple, "> [Profile Initialization Status] ", System.Windows.Media.Colors.CornflowerBlue, "\n     Auto-Looting	:: Enabled\n     Looting	:: Enabled\n     Game Addons	:: Disabled");
				Lua.DoString("SetCVar('AutoLootDefault', 1);");
				Lua.DoString("SetCVar('autoDismountFlying', 1);");
				CharacterSettings.Instance.LootMobs = true;
				CharacterSettings.Instance.Save();
				Logging.Write(System.Windows.Media.Colors.MediumPurple, "> [Ready to bot!]");
			]]>
			</Code>
			<Code File="RunCode" Type="Definition">
				<![CDATA[
						bool DoQuest(params uint[] questIds)
						{
							foreach (var questId in questIds)
							{
								if (HasQuest(questId) && !IsQuestCompleted(questId)) return true;
							}
							return false;
						}
						bool NeedsQuest(params uint[] questIds)
						{
							foreach (var questId in questIds)
							{
								if (!HasQuest(questId) && !IsQuestCompleted(questId)) return true;
							}
							return false;
						}
						bool NeedsBreadcrumbQuest(params uint[] questIds)
						{
							foreach (var questId in questIds)
							{
								if (IsQuestCompleted(questId)) return false;
							}
							return true;
						}
						bool QuestDone(params uint[] questIds)
						{
							foreach (var questId in questIds)
							{
								if (HasQuest(questId) && IsQuestCompleted(questId)) return true;
							}
							return false;
						}
						bool QuestFlaggedCompleted(params uint[] questIds)
						{
							foreach (var questId in questIds)
							{
								return Lua.GetReturnVal<bool>($"return IsQuestFlaggedCompleted({questId});", 0);
							}
							return false;
						}
						async Task SkipCutscene(int preWait = 3000, int postWait = 3000)
						{
					// Add detection of cutscene here.
							await Coroutine.Sleep(preWait);
					// Test and improve the working method.
							Lua.DoString("MovieFrame:StopMovie(); CinematicFrame_CancelCinematic(); StopCinematic();");
							await Coroutine.Sleep(postWait);
						}
					]]>
			</Code>
		<!-- END RunCode Methods -->


		<PickUp QuestName="The Balance of Nature" QuestId="28713" GiverName="Ilthalaine" GiverId="2079" X="10314.78" Y="829.3983" Z="1326.403" />

		<Code File="KillUntilComplete" MobId="2031" QuestId="28713" QuestObjectiveIndex="1" >
			<HuntingGrounds>
				<Hotspot X="10283.77" Y="817.0134" Z="1338.27" />
				<Hotspot X="10310.9" Y="919.4872" Z="1332.381" />
			</HuntingGrounds>
		</Code>

		<TurnIn QuestName="The Balance of Nature" QuestId="28713" TurnInName="Ilthalaine" TurnInId="2079" X="10314.16" Y="832.374" Z="1326.42" />
		<PickUp QuestName="Fel Moss Corruption" QuestId="28714" GiverName="Ilthalaine" GiverId="2079" X="10314.16" Y="832.374" Z="1326.42" />
		<PickUp QuestName="Demonic Thieves" QuestId="28715" GiverName="Melithar Staghelm" GiverId="2077" X="10326.07" Y="826.6805" Z="1326.373" />

		<Code File="InteractWith" MobId="195074" CollectionDistance="200" InteractByLooting="true" PreInteractMountStrategy="Dismount" QuestId="28715" QuestObjectiveIndex="1" >
			<HuntingGrounds>
				<Hotspot X="10270.1" Y="976.8225" Z="1341.535" />
				<Hotspot X="10342.07" Y="1032.804" Z="1339.116" />
			</HuntingGrounds>
		</Code>

		<Code File="KillUntilComplete" MobId="1989" QuestId="28714" QuestObjectiveIndex="1" >
			<HuntingGrounds>
				<Hotspot X="10270.1" Y="976.8225" Z="1341.535" />
				<Hotspot X="10342.07" Y="1032.804" Z="1339.116" />
			</HuntingGrounds>
		</Code>

		<TurnIn QuestName="Fel Moss Corruption" QuestId="28714" TurnInName="Ilthalaine" TurnInId="2079" X="10314.16" Y="832.374" Z="1326.42" />
		<PickUp QuestName="Priestess of the Moon" QuestId="28723" GiverName="Ilthalaine" GiverId="2079" X="10322.42" Y="823.4805" Z="1326.29" />
		<TurnIn QuestName="Demonic Thieves" QuestId="28715" TurnInName="Melithar Staghelm" TurnInId="2077" X="10326.67" Y="824.7585" Z="1326.352" />
		<TurnIn QuestName="Priestess of the Moon" QuestId="28723" TurnInName="Dentaria Silverglade" TurnInId="49479" X="10542.24" Y="875.2897" Z="1309.092" />
		<PickUp QuestName="Iverron&apos;s Antidote" QuestId="28724" GiverName="Dentaria Silverglade" GiverId="49479" X="10542.24" Y="875.2897" Z="1309.092" />

		<Code File="InteractWith" MobId="207346" CollectionDistance="200" InteractByLooting="true" PreInteractMountStrategy="Dismount" QuestId="28724" QuestObjectiveIndex="1" X="10546.33" Y="873.9926" Z="1309.278" />

		<TurnIn QuestName="Iverron&apos;s Antidote" QuestId="28724" TurnInName="Dentaria Silverglade" TurnInId="49479" X="10547.08" Y="877.0978" Z="1309.483" />
		<PickUp QuestName="The Woodland Protector" QuestId="28725" GiverName="Dentaria Silverglade" GiverId="49479" X="10547.08" Y="877.0978" Z="1309.483" />
		<TurnIn QuestName="The Woodland Protector" QuestId="28725" TurnInName="Tarindrella" TurnInId="49480" X="10744.03" Y="922.207" Z="1336.513" />
		<PickUp QuestName="Webwood Corruption" QuestId="28726" GiverName="Tarindrella" GiverId="49480" X="10750.24" Y="925.3704" Z="1336.982" />

		<Code File="KillUntilComplete" MobId="1986" QuestId="28726" QuestObjectiveIndex="1" >
			<HuntingGrounds>
				<Hotspot X="10782.84" Y="930.4689" Z="1338.148" />
				<Hotspot X="10825.8" Y="936.0145" Z="1335.998" />
				<Hotspot X="10870.77" Y="873.431" Z="1326.416" />
			</HuntingGrounds>
		</Code>

		<TurnIn QuestName="Webwood Corruption" QuestId="28726" TurnInName="Tarindrella" TurnInId="49480" X="10885.19" Y="983.4595" Z="1336.933" />
		<PickUp QuestName="Vile Touch" QuestId="28727" GiverName="Tarindrella" GiverId="49480" X="10957.22" Y="932.5278" Z="1340.603" />

		<Code File="KillUntilComplete" MobId="1994" QuestId="28727" QuestObjectiveIndex="1" X="10957.22" Y="932.5278" Z="1340.603" /> 

		<TurnIn QuestName="Vile Touch" QuestId="28727" TurnInName="Tarindrella" TurnInId="49480" X="10945.86" Y="923.3483" Z="1340.87" />
		<While Condition="NeedsQuest(28728)" >
			<Code File="InteractWith" MobId="49480" NonCompeteDistance="0" X="10945.86" Y="923.3483" Z="1340.87" TerminateWhen="HasQuest(28728)" />
			<Code File="RunCode" Code="QuestFrame.Instance.AcceptQuest();" />
		</While>
		<TurnIn QuestName="Signs of Things to Come" QuestId="28728" TurnInName="Dentaria Silverglade" TurnInId="49479" X="10548.04" Y="876.1609" Z="1309.746" />
		<PickUp QuestName="Teldrassil: Crown of Azeroth" QuestId="28729" GiverName="Dentaria Silverglade" GiverId="49479" X="10548.04" Y="876.1609" Z="1309.746" />

		<While Condition="DoQuest(28729)" >
			<MoveTo X="10709.63" Y="763.5432" Z="1321.363" />
			<Code File="UseItem" ItemId="5185" QuestId="28729" X="10709.63" Y="763.5432" Z="1321.363" />
		</While>

		<TurnIn QuestName="Teldrassil: Crown of Azeroth" QuestId="28729" TurnInName="Dentaria Silverglade" TurnInId="49479" X="10543.12" Y="872.4986" Z="1309.146" />
		<PickUp QuestName="Precious Waters" QuestId="28730" GiverName="Dentaria Silverglade" GiverId="49479" X="10543.12" Y="872.4986" Z="1309.146" />
		<TurnIn QuestName="Precious Waters" QuestId="28730" TurnInName="Tenaron Stormgrip" TurnInId="3514" X="10494.77" Y="804.8359" Z="1397.263" />
		<PickUp QuestName="Teldrassil: Passing Awareness" QuestId="28731" GiverName="Tenaron Stormgrip" GiverId="3514" X="10494.77" Y="804.8359" Z="1397.263" />
		<PickUp QuestName="Dolanaar Delivery" QuestId="2159" GiverName="Porthannius" GiverId="6780" X="10215.9" Y="699.6127" Z="1360.058" />

		<!-- next zone at this point--> 

		<PickUp QuestName="Zenn&apos;s Bidding" QuestId="488" GiverName="Zenn Foulhoof" GiverId="2150" X="9921.41" Y="735.9261" Z="1314.297" />

		<Code File="KillUntilComplete" QuestId="488" >
			<HuntingGrounds>
				<Hotspot X="9831.884" Y="668.5458" Z="1299.166" />
				<Hotspot X="9774.599" Y="682.7844" Z="1300.277" />
				<Hotspot X="9776.257" Y="705.1393" Z="1298.688" />
				<Hotspot X="9766.894" Y="794.0034" Z="1298.96" />
				<Hotspot X="9721.159" Y="516.3294" Z="1309.023" />
			</HuntingGrounds>
			<PursuitList>
				<PursueUnit Id="2042" PursueWhen="!IsObjectiveComplete(1, 488)" />
				<PursueUnit Id="1995" PursueWhen="!IsObjectiveComplete(2, 488)" />
				<PursueUnit Id="1998" PursueWhen="!IsObjectiveComplete(3, 488)" />
			</PursuitList>
		</Code>

		<TurnIn QuestName="Zenn&apos;s Bidding" QuestId="488" TurnInName="Zenn Foulhoof" TurnInId="2150" X="9923.463" Y="736.0999" Z="1315.017" />
		<TurnIn QuestName="Dolanaar Delivery" QuestId="2159" TurnInName="Innkeeper Keldamyr" TurnInId="6736" X="9801.47" Y="980.6257" Z="1313.896" />
		<PickUp QuestName="A Troubling Breeze" QuestId="475" GiverName="Athridas Bearmantle" GiverId="2078" X="9813.271" Y="963.3148" Z="1308.786" />
		<PickUp QuestName="Seek Redemption!" QuestId="489" GiverName="Syral Bladeleaf" GiverId="2083" X="9869.837" Y="958.5612" Z="1307.402" />
		<PickUp QuestName="The Emerald Dreamcatcher" QuestId="2438" GiverName="Tallonkai Swiftroot" GiverId="3567" X="9888.446" Y="970.251" Z="1313.84" />
		<TurnIn QuestName="Teldrassil: Passing Awareness" QuestId="28731" TurnInName="Corithras Moonrage" TurnInId="3515" X="9738.321" Y="955.6551" Z="1293.842" />
		<PickUp QuestName="Teldrassil: The Refusal of the Aspects" QuestId="929" GiverName="Corithras Moonrage" GiverId="3515" X="9738.321" Y="955.6551" Z="1293.842" />

		<Code File="InteractWith" MobId="1673" CollectionDistance="200" QuestId="489" QuestObjectiveIndex="1" >
			<HuntingGrounds>
				<Hotspot X="9724.611" Y="1151.768" Z="1277.271" />
				<Hotspot X="9681.112" Y="1090.057" Z="1275.201" />
			</HuntingGrounds>
		</Code>

		<TurnIn QuestName="Seek Redemption!" QuestId="489" TurnInName="Zenn Foulhoof" TurnInId="2150" X="9917.069" Y="740.2102" Z="1313.217" />

		<While Condition="DoQuest(929)" >
			<MoveTo X="9860.526" Y="589.2429" Z="1300.683" />
			<Code File="UseItem" ItemId="5619" QuestId="929" />
		</While>

		<TurnIn QuestName="A Troubling Breeze" QuestId="475" TurnInName="Gaerolas Talvethren" TurnInId="2107" X="9842.974" Y="440.4915" Z="1317.183" />
		<PickUp QuestName="Gnarlpine Corruption" QuestId="476" GiverName="Gaerolas Talvethren" GiverId="2107" X="9842.974" Y="440.4915" Z="1317.183" />

		<Code File="InteractWith" MobId="126158" InteractByLooting="true" NonCompeteDistance="0" InteractBlacklistTimeInSeconds="1" QuestId="2438" QuestObjectiveIndex="1" X="9806.739" Y="351.4219" Z="1308.459" />

		<TurnIn QuestName="Teldrassil: The Refusal of the Aspects" QuestId="929" TurnInName="Corithras Moonrage" TurnInId="3515" X="9739.387" Y="956.5627" Z="1293.665" />
		<TurnIn QuestName="Gnarlpine Corruption" QuestId="476" TurnInName="Athridas Bearmantle" TurnInId="2078" X="9812.509" Y="962.1174" Z="1308.788" />
		<PickUp QuestName="The Relics of Wakening" QuestId="483" GiverName="Athridas Bearmantle" GiverId="2078" X="9812.509" Y="962.1174" Z="1308.788" />
		<PickUp QuestName="Resident Danger" QuestId="13945" GiverName="Sentinel Kyra Starsong" GiverId="2081" X="9814.657" Y="964.9531" Z="1308.782" />
		<PickUp QuestName="Nature&apos;s Reprisal" QuestId="13946" GiverName="Syral Bladeleaf" GiverId="2083" X="9871.675" Y="958.502" Z="1307.876" />
		<TurnIn QuestName="The Emerald Dreamcatcher" QuestId="2438" TurnInName="Tallonkai Swiftroot" TurnInId="3567" X="9888.371" Y="970.3929" Z="1313.839" />
		<PickUp QuestName="Ferocitas the Dream Eater" QuestId="2459" GiverName="Tallonkai Swiftroot" GiverId="3567" X="9888.371" Y="970.3929" Z="1313.839" />
		<PickUp QuestName="Twisted Hatred" QuestId="932" GiverName="Tallonkai Swiftroot" GiverId="3567" X="9888.371" Y="970.3929" Z="1313.839" />

		<Code File="KillUntilComplete" QuestId="2459" X="10005.97" Y="302.5307" Z="1321.044" >
			<PursuitList>
				<PursueUnit Id="7234" PursueWhen="!IsObjectiveComplete(1, 2459)" />
				<PursueUnit Id="7235" PursueWhen="!IsObjectiveComplete(2, 2459)" />
			</PursuitList>
		</Code>

		<TurnIn QuestName="Ferocitas the Dream Eater" QuestId="2459" TurnInName="Tallonkai Swiftroot" TurnInId="3567" X="9887.694" Y="970.7758" Z="1313.841" />

		<Code File="KillUntilComplete" MobId="2038" QuestId="932" QuestObjectiveIndex="1" X="10147.4" Y="1191.616" Z="1324.016" />

		<Code File="CombatUseItemOnV2" MobId="2002" ItemId="46716" MaxRangeToUseItem="30" ItemAppliesAuraId="65455" UseWhenMobHasHealthPercent="100" RecallPetAtMobPercentHealth="100" QuestId="13946" QuestObjectiveIndex="1" >
			<HuntingGrounds>
				<Hotspot X="10147.4" Y="1191.616" Z="1324.016" />
				<Hotspot X="10111.96" Y="1110.461" Z="1322.591" />
				<Hotspot X="10081.24" Y="1034.146" Z="1329.244" />
			</HuntingGrounds>
		</Code>

		<TurnIn QuestName="Nature&apos;s Reprisal" QuestId="13946" TurnInName="Syral Bladeleaf" TurnInId="2083" X="9871.913" Y="960.6805" Z="1308.075" />
		<TurnIn QuestName="Twisted Hatred" QuestId="932" TurnInName="Tallonkai Swiftroot" TurnInId="3567" X="9887.759" Y="969.8649" Z="1313.836" />
		<PickUp QuestName="The Sleeping Druid" QuestId="2541" GiverName="Oben Rageclaw" GiverId="7317" X="9753.535" Y="1587.174" Z="1300.955" />

		<Code File="InteractWith" MobId="2742" InteractByLooting="true" NonCompeteDistance="0" InteractBlacklistTimeInSeconds="1" QuestId="483" QuestObjectiveIndex="4" X="9740.531" Y="1526.504" Z="1280.314" />
		<Code File="InteractWith" MobId="2739" InteractByLooting="true" NonCompeteDistance="0" InteractBlacklistTimeInSeconds="1" QuestId="483" QuestObjectiveIndex="2" X="9712.68" Y="1537.5" Z="1255.213" />
		<Code File="InteractWith" MobId="2741" InteractByLooting="true" NonCompeteDistance="0" InteractBlacklistTimeInSeconds="1" QuestId="483" QuestObjectiveIndex="3" X="9839.16" Y="1545.602" Z="1258.634" />
		<Code File="InteractWith" MobId="2740" InteractByLooting="true" NonCompeteDistance="0" InteractBlacklistTimeInSeconds="1" QuestId="483" QuestObjectiveIndex="1" X="9882.001" Y="1490.065" Z="1278.748" />

		<Code File="KillUntilComplete" MobIds="2010, 2011, 2009" QuestId="13945" QuestObjectiveIndex="1" >
			<HuntingGrounds>
				<Hotspot X="9740.531" Y="1526.504" Z="1280.314" />
				<Hotspot X="9712.68" Y="1537.5" Z="1255.213" />
				<Hotspot X="9839.16" Y="1545.602" Z="1258.634" />
				<Hotspot X="9882.001" Y="1490.065" Z="1278.748" />
			</HuntingGrounds>
		</Code>

		<Code File="KillUntilComplete" MobId="2009" QuestId="2541" QuestObjectiveIndex="1" >
			<HuntingGrounds>
				<Hotspot X="9740.531" Y="1526.504" Z="1280.314" />
				<Hotspot X="9712.68" Y="1537.5" Z="1255.213" />
				<Hotspot X="9839.16" Y="1545.602" Z="1258.634" />
				<Hotspot X="9882.001" Y="1490.065" Z="1278.748" />
			</HuntingGrounds>
		</Code>

		<TurnIn QuestName="The Sleeping Druid" QuestId="2541" TurnInName="Oben Rageclaw" TurnInId="7317" X="9754.145" Y="1587.283" Z="1300.964" />
		<PickUp QuestName="Druid of the Claw" QuestId="2561" GiverName="Oben Rageclaw" GiverId="7317" X="9754.145" Y="1587.283" Z="1300.964" />

		<Code File="InteractWith" MobId="7318" MobState="Dead" InteractByUsingItemId="8149" NonCompeteDistance="0" InteractBlacklistTimeInSeconds="1" QuestId="2561" QuestObjectiveIndex="1" X="9783.169" Y="1560.818" Z="1299.991" />

		<TurnIn QuestName="Druid of the Claw" QuestId="2561" TurnInName="Oben Rageclaw" TurnInId="7317" X="9753.079" Y="1587.785" Z="1300.988" />
		<TurnIn QuestName="Resident Danger" QuestId="13945" TurnInName="Sentinel Kyra Starsong" TurnInId="2081" X="9813.745" Y="965.1014" Z="1308.781" />
		<TurnIn QuestName="The Relics of Wakening" QuestId="483" TurnInName="Athridas Bearmantle" TurnInId="2078" X="9812.483" Y="964.6718" Z="1308.781" />
		<PickUp QuestName="Reminders of Home" QuestId="6344" GiverName="Nyoma" GiverId="4265" X="9754.737" Y="903.3431" Z="1295.518" />
		<TurnIn QuestName="Reminders of Home" QuestId="6344" TurnInName="Fidelio" TurnInId="40553" X="9871.914" Y="974.9136" Z="1309.787" />
		<PickUp QuestName="To Darnassus" QuestId="6341" GiverName="Fidelio" GiverId="40553" X="9871.914" Y="974.9136" Z="1309.787" />

		<If Condition="Me.ZoneId == 141" >
			<Code File="InteractWith" MobId="40553" NonCompeteDistance="0" X="9871.914" Y="974.9136" Z="1309.787" />
			<Code File="Misc\RunLua" Lua="GetNumRoutes(36); TakeTaxiNode(36);" />
			<MoveTo X="9939.937" Y="2600.073" Z="1316.386" />
			<MoveTo X="9929.989" Y="2619.482" Z="1317.464" />
		</If>

		<TurnIn QuestName="To Darnassus" QuestId="6341" TurnInName="Sister Aquinne" TurnInId="7316" X="9917.791" Y="2629.971" Z="1316.79" />

		<If Condition="Me.ZoneId == 1657 || Me.ZoneId == 141" >
			<MoveTo X="8177.54" Y="1003.079" Z="6.646164" />
			<Code File="UseTransport" TransportId="176310"
				WaitAtX="8177.54" WaitAtY="1003.079" WaitAtZ="6.646164"
				GetOffX="-8642.001" GetOffY="1330.353" GetOffZ="5.232954"
				StandOnX="8171.327" StandOnY="1005.99" StandOnZ="6.213342"
				TransportStartX="8162.587" TransportStartY="1005.365" TransportStartZ="0.005638145"
				TransportEndX="-8650.719" TransportEndY="1346.051" TransportEndZ="-0.0382334" />
		</If>
		
		<Code File="LoadProfile" ProfileName="..\1-58 Autoloader.xml" />

	</QuestOrder>
</HBProfile>