<HBProfile xsi:noNamespaceSchemaLocation="../Schemas/EchoSchema.xsd" xmlns:xsi="http://www.w3.org/2001/XMLSchema-instance">
	<!-- Original contribution by EchoTiger -->
	<Name>Legion Intro Quests ($ShortHash$)</Name>

	<MinDurability>0.3</MinDurability>
	<MinFreeBagSlots>3</MinFreeBagSlots>

	<SellGrey>true</SellGrey>
	<SellWhite>true</SellWhite>
	<SellGreen>true</SellGreen>
	<SellBlue>true</SellBlue>
	<SellPurple>false</SellPurple>

	<MailGrey>false</MailGrey>
	<MailWhite>true</MailWhite>
	<MailGreen>true</MailGreen>
	<MailBlue>true</MailBlue>
	<MailPurple>true</MailPurple>

	<TargetElites>true</TargetElites>

	<Blackspots>
		<Blackspot X="1320.538" Y="-4527.904" Z="24.80976" Radius="10.25885" /> <!-- Stack of mess near NPC: Gregg -->
		<Blackspot X="-8374.469" Y="246.2559" Z="155.3479" Radius="4.316002" /> <!-- Varian's Coffin -->
	</Blackspots>

<!-- INITORDER COMMENT 
	<InitOrder>
		Perhaps add detection for loading the class hall if player hasn't unlocked this zone yet.
		<Code File="Misc\RunLua" Lua="SetCVar('AutoLootDefault', 1)" />

		<Code File="EnablePlugin" Names="Anti Drown" />
		<Code File="EnablePlugin" Names="Refreshment Detection" />

		<Code File="Misc\ProfileCompatibilityInfo" AllowBrokenAddOns="true" AllowBrokenPlugIns="true" />

		<LootMobs Value="true" />
		<TargetingDistance Value="45" /> Use LevelBot default
	</InitOrder>
END INITORDER COMMENT -->

	<QuestOrder>
		<!-- Check function status -->
		<Code File="RunCode" Type="Definition">
			<![CDATA[
			private static bool? profileFunctionsEnabled => (bool?)AppDomain.CurrentDomain.GetData("QuestingProfiles_FunctionsEnabled");
			private static bool IsStoreProfile(string path) => path.StartsWith("store://");
			private static string Slashify(string path) => IsStoreProfile(path) ? path.Replace(@"\", "/") : path.Replace("/", @"\");

			public __CompiledBatchClass__()
			{
				ActivateFunctions();
			}

			private static void ActivateFunctions()
			{
				if (profileFunctionsEnabled == null || profileFunctionsEnabled == false)
				{
					Bots.Professionbuddy.PBLog.Log(Colors.MediumPurple, "[Profile Message!]: ", Colors.Yellow, "Please stand by as the functions are being activated!");
					LoadProfile(@"..\..\Functions\Activate Functions.xml");
				}
			}

			private static void LoadProfile(string path)
			{
				var profile = GetNewPath(path);
				if (!IsStoreProfile(profile) && !File.Exists(profile))
				{
					Bots.Professionbuddy.PBLog.Log(Colors.MediumPurple, "[Profile Message!]: ", Colors.Yellow, "Profile does not exist.\n" + profile);
					return;
				}

				Bots.Professionbuddy.PBLog.Log(Colors.MediumPurple, "[Profile Message!]: ", Colors.Yellow, "Loading: " + profile);
				ProfileManager.LoadNew(profile, false);
			}

			private static string GetNewPath(string path)
			{
				if (IsStoreProfile(path))
					return Slashify(path);

				var currentProfile = ProfileManager.XmlLocation;
				if (IsStoreProfile(currentProfile))
					return Slashify(currentProfile + "/../" + path);

				var absolutePath = Path.Combine(Path.GetDirectoryName(currentProfile), path);
				absolutePath = Path.GetFullPath(absolutePath);
				var canonicalPath = new Uri(absolutePath).LocalPath;
				return Slashify(canonicalPath);
			}]]>
		</Code>
		<Code File="RunCode" Code="ActivateFunctions();" />
		<!-- END Check function status -->

		<If Condition="Me.IsAlliance" >
			<Code File="LoadProfile" ProfileName="..\..\Questing Autoloader.xml" />
		</If>
		<!-- RunCode Methods -->
			<Code File="RunCode">
			<![CDATA[
				Bots.Professionbuddy.PBLog.Log(System.Windows.Media.Colors.MediumPurple, "> [Profile Initialization Status] ", System.Windows.Media.Colors.CornflowerBlue, "\n     Auto-Looting	:: Enabled\n     Looting	:: Enabled\n     Game Addons	:: Disabled");
				Lua.DoString("SetCVar('AutoLootDefault', 1);");
				Lua.DoString("SetCVar('autoDismountFlying', 1);");
				CharacterSettings.Instance.LootMobs = true;
				CharacterSettings.Instance.Save();
				Logging.Write(System.Windows.Media.Colors.MediumPurple, "> [Ready to bot!]");
			]]>
			</Code>
			<Code File="RunCode" Type="Definition">
				<![CDATA[
						bool DoQuest(params uint[] questIds)
						{
							foreach (var questId in questIds)
							{
								if (HasQuest(questId) && !IsQuestCompleted(questId)) return true;
							}
							return false;
						}
						bool NeedsQuest(params uint[] questIds)
						{
							foreach (var questId in questIds)
							{
								if (!HasQuest(questId) && !IsQuestCompleted(questId)) return true;
							}
							return false;
						}
						bool NeedsBreadcrumbQuest(params uint[] questIds)
						{
							foreach (var questId in questIds)
							{
								if (IsQuestCompleted(questId)) return false;
							}
							return true;
						}
						bool QuestDone(params uint[] questIds)
						{
							foreach (var questId in questIds)
							{
								if (HasQuest(questId) && IsQuestCompleted(questId)) return true;
							}
							return false;
						}
						bool QuestFlaggedCompleted(params uint[] questIds)
						{
							foreach (var questId in questIds)
							{
								return Lua.GetReturnVal<bool>($"return IsQuestFlaggedCompleted({questId});", 0);
							}
							return false;
						}
						async Task SkipCutscene(int preWait = 3000, int postWait = 3000)
						{
					// Add detection of cutscene here.
							await Coroutine.Sleep(preWait);
					// Test and improve the working method.
							Lua.DoString("MovieFrame:StopMovie(); CinematicFrame_CancelCinematic(); StopCinematic();");
							await Coroutine.Sleep(postWait);
						}
					]]>
			</Code>
		<!-- END RunCode Methods -->

		<If Condition="!HasQuest(44184) &amp;&amp; !IsQuestCompleted(44184) &amp;&amp; Me.Class != WoWClass.DemonHunter" > <!-- Skip Broken Shore quest -->
			<While Condition="Me.ZoneId == 7656" > <!-- Boosted 100 -->
				<Code File="UseItem" ItemId="6948" />
				<Code File="WaitTimer" WaitTime="12000" TerminateWhen="Me.ZoneId != 7656 || !Me.IsCasting" />
			</While>

			<If Condition="HasItem(132119) &amp;&amp; Me.ZoneId != 14" >
				<Code File="UseItem" ItemId="132119" />
			</If>
			<If Condition="!IsQuestCompleted(43926)" >
				<MoveTo Nav="Fly" X="1596.554" Y="-4371.372" Z="21.21093" />
				<!-- <PickUp QuestName="The Legion Returns" QuestId="40519" />  Auto Pickup in Orgrimmar -->
				<PickUp QuestName="The Legion Returns" QuestId="43926" GiverName="Warchief's Command Board" GiverId="206109" X="1600.99" Y="-4369.74" Z="21.0694" />
			</If>
			<If Condition="HasQuest(43926)" >
				<Code File="InteractWith" MobId="4311" WaitTime="2000" X="1322.269" Y="-4395.174" Z="25.75724" />
				<If Condition="Lua.GetReturnVal&lt;bool&gt;(&quot;return GossipTitleButton3:IsVisible();&quot;, 0)" >
					<Code File="Misc\RunLua" WaitTime="800" Lua="GossipTitleButton3:Click();" />
					<Code File="Misc\RunLua" WaitTime="5000" Lua="StaticPopup1Button1:Click();" />
					<Code File="LoadProfile" ProfileName="..\100-110 Autoloader" />
					<Else>
						<TurnIn QuestName="The Legion Returns" QuestId="43926" TurnInName="Holgar Stormaxe" TurnInId="4311" X="1322.269" Y="-4395.174" Z="25.7571" />
					</Else>
				</If>
			</If>

			<PickUp QuestName="To Be Prepared" QuestId="44281" GiverName="Holgar Stormaxe" GiverId="4311" X="-8495.111" Y="1078.7" Z="17.94479" />
			<While Condition="DoQuest(44281)" >
				<Code File="InteractWith" MobId="251254" NonCompeteDistance="0" PreInteractMountStrategy="Dismount" QuestId="44281" QuestObjectiveIndex="3" X="1334.845" Y="-4478.17" Z="26.51113" />
				<Code File="InteractWith" MobId="251195" NonCompeteDistance="0" PreInteractMountStrategy="Dismount" QuestId="44281" QuestObjectiveIndex="1" X="1308.439" Y="-4586.25" Z="24.68729" />
				<Code File="InteractWith" MobId="255930" NonCompeteDistance="0" PreInteractMountStrategy="Dismount" QuestId="44281" QuestObjectiveIndex="2" X="1376.438" Y="-4672.278" Z="30.20253" />
				<Code File="InteractWith" MobId="113958" NonCompeteDistance="0" PreInteractMountStrategy="Dismount" MovementBy="NavigatorOnly" GossipOptions="1" QuestId="44281" X="1423.823" Y="-4736.453" Z="29.75032"  TerminateWhen="Unit(113958, u =&gt; u.IsHostile) != null "/>
				<Code File="KillUntilComplete" MobId="113958" QuestId="44281" X="1423.823" Y="-4736.453" Z="29.75032" TerminateWhen="Unit(113958, u =&gt; !u.IsHostile) != null "/>
				<!-- NOTE: <Technical> May need to use multiple MobIds here for all the duelists. -->
			</While>
			<If Condition="QuestDone(44281)" >
				<MoveTo Nav="Fly" X="1419.609" Y="-4877.256" Z="11.32718" /> <!-- Avoiding unmeshed game objects. -->
			</If>
			<TurnIn QuestName="To Be Prepared" QuestId="44281" TurnInName="Stone Guard Mukar" TurnInId="113547" X="1419.352" Y="-4905.071" Z="11.34251" />

			<PickUp QuestName="The Battle for Broken Shore" QuestId="40518" GiverName="Stone Guard Mukar" GiverId="113547" X="1419.352" Y="-4905.071" Z="11.34223" />
			<While Condition="DoQuest(40518)" >
				<If Condition="Bots.DungeonBuddy.Helpers.ScenarioInfo.Current.CurrentStageNumber == 0" >
					<While Condition="Me.MapId == 1" >
						<Code File="InteractWith" MobId="113118" QuestId="40518" X="1438.67" Y="-5017.094" Z="12.0279" TerminateWhen="Me.MapId != 1" />
						<Code File="Misc\RunLua" Lua="GossipTitleButton1:Click();" />
						<Code File="Misc\RunLua" Lua="StaticPopup1Button1:Click();" />
						<Code File="WaitTimer" WaitTime="5000" />
					</While>
					<Code File="WaitTimer" WaitTime="300000" TerminateWhen="Bots.DungeonBuddy.Helpers.ScenarioInfo.Current.CurrentStageNumber == 2" />
				</If>

				<If Condition="Bots.DungeonBuddy.Helpers.ScenarioInfo.Current.CurrentStageNumber == 2" >
					<If Condition="Me.Z &gt;= 5" >
						<Code File="MyCTM" X="528.807" Y="1869.691" Z="8.224627" />
						<Code File="MyCTM" X="561.9959" Y="1873.223" Z="-0.01387646" />
					</If>
					<MoveTo X="590.9387" Y="1863.976" Z="2.069255" />
					<Code File="WaitTimer" WaitTime="10000" />
				</If>

				<If Condition="Bots.DungeonBuddy.Helpers.ScenarioInfo.Current.CurrentStageNumber == 3" >
					<Code File="KillUntilComplete" MobId="93719" X="666.2618" Y="1928.811" Z="4.985871" TerminateWhen="Bots.DungeonBuddy.Helpers.ScenarioInfo.Current.CurrentStageNumber != 3" />
				</If>

				<If Condition="Bots.DungeonBuddy.Helpers.ScenarioInfo.Current.CurrentStageNumber == 4" >
					<MoveTo X="992.5775" Y="1880.781" Z="25.0949" />
					<Code File="WaitTimer" WaitTime="60000" TerminateWhen="Bots.DungeonBuddy.Helpers.ScenarioInfo.Current.CurrentStageNumber != 4" />
				</If>

				<If Condition="Bots.DungeonBuddy.Helpers.ScenarioInfo.Current.CurrentStageNumber == 5" >
					<Code File="KillUntilComplete" MobIds="101667, 92564" X="1040.003" Y="1855.12" Z="25.72702" TerminateWhen="Bots.DungeonBuddy.Helpers.ScenarioInfo.Current.CurrentStageNumber != 5" />
				</If>

				<If Condition="Bots.DungeonBuddy.Helpers.ScenarioInfo.Current.CurrentStageNumber == 6" >
					<MoveTo X="1184.403" Y="1810.042" Z="24.69153" />
					<Code File="WaitTimer" WaitTime="600000" TerminateWhen="Bots.DungeonBuddy.Helpers.ScenarioInfo.Current.CurrentStageNumber != 6" />
				</If>

				<If Condition="Bots.DungeonBuddy.Helpers.ScenarioInfo.Current.CurrentStageNumber == 7" >
					<Code File="WaitTimer" WaitTime="38000" />
					<Code File="MyCTM" X="1365.94" Y="1741.576" Z="34.22528" />
					<MoveTo X="1424.073" Y="1752.689" Z="34.22469" />
					<Code File="WaitTimer" WaitTime="600000" TerminateWhen="Bots.DungeonBuddy.Helpers.ScenarioInfo.Current.CurrentStageNumber != 7" />
				</If>

				<If Condition="Bots.DungeonBuddy.Helpers.ScenarioInfo.Current.CurrentStageNumber == 8" >
					<Code File="WaitTimer" WaitTime="600000" TerminateWhen="Bots.DungeonBuddy.Helpers.ScenarioInfo.Current.CurrentStageNumber != 8" />
				</If>

				<If Condition="Bots.DungeonBuddy.Helpers.ScenarioInfo.Current.CurrentStageNumber == 9" >
					<MoveTo X="1431.146" Y="1719.624" Z="34.22358" />
					<Code File="WaitTimer" WaitTime="10000" />
					<Code File="MyCTM" X="1476.651" Y="1670.422" Z="53.67537" />
					<MoveTo X="1555.114" Y="1552.464" Z="143.8759" />
					<Code File="WaitTimer" WaitTime="600000" TerminateWhen="Bots.DungeonBuddy.Helpers.ScriptHelpers.InCinematic" />
					<Code File="RunCode" Code="await SkipCutscene();" />
				</If>

			</While>
			<TurnIn Nav="Fly" QuestName="The Battle for Broken Shore" QuestId="40518" TurnInName="Eitrigg" TurnInId="100453" X="1437.345" Y="-4985.149" Z="12.01841" />

			<PickUp QuestName="Fate of the Horde" QuestId="40522" GiverName="Eitrigg" GiverId="100453" X="1437.345" Y="-4985.149" Z="12.01868" />
			<While Condition="DoQuest(40522)" >
				<!-- NOTE: <Optimization> : Detect if we're on zeppelin before doing Objective1 as Objective1 is just an optional taxi to the next location. -->
				<Code File="InteractWith" MobId="100636" GossipOptions="1" QuestId="40522" X="1605.925" Y="-4376.51" Z="21.7347" />
				<MoveTo X="1661.379" Y="-4346.83" Z="26.3382" />
				<Code File="WaitTimer" WaitTime="62000" QuestId="40522" />
				<Code File="RunCode" Code="await SkipCutscene();" />
				<Code File="InteractWith" MobId="100866" GossipOptions="1" QuestId="40522" QuestObjectiveIndex="4" X="1248.641" Y="-4379.359" Z="34.83271" />
				<Code File="FlyTo" X="1250.729" Y="-4376.335" Z="41.64366" />
				<Code File="MyCTM" X="1249.582" Y="-4378.689" Z="34.83342" />
			</While>
			<TurnIn QuestName="Fate of the Horde" QuestId="40522" TurnInName="Lady Sylvanas Windrunner" TurnInId="100866" X="1248.641" Y="-4379.359" Z="34.83271" />

			<PickUp QuestName="Emissary" QuestId="40760" GiverName="Lady Sylvanas Windrunner" GiverId="100866" X="1247.257" Y="-4376.686" Z="34.83392" />
			<If Condition="HasQuest(40760)" >
				<Code File="MyCTM" X="1276.541" Y="-4384.436" Z="28.71742" />
			</If>
			<TurnIn QuestName="Emissary" QuestId="40760" TurnInName="Allari the Souleater" TurnInId="100873" X="1275.693" Y="-4384.899" Z="28.73854" />

			<PickUp QuestName="Demons Among Us" QuestId="40607" GiverName="Allari the Souleater" GiverId="100873" X="1275.693" Y="-4384.899" Z="28.73854" />
			<While Condition="DoQuest(40607)" >
				<Code File="InteractWith" MobId="100873" GossipOptions="1" QuestId="40607" QuestObjectiveIndex="1" X="1275.693" Y="-4384.899" Z="28.73854" />
				<Code File="RunCode" Code="await SkipCutscene();" />
				<Code File="KillUntilComplete" MobIds="101100, 101104" QuestId="40607" QuestObjectiveIndex="2" >
					<HuntingGrounds>
						<Hotspot X="1295.562" Y="-4372.065" Z="27.91033" />
						<Hotspot X="1297.056" Y="-4374.756" Z="27.9967" />
						<Hotspot X="1279.236" Y="-4430.001" Z="26.87401" />
						<Hotspot X="1199.561" Y="-4419.203" Z="21.66883" />
					</HuntingGrounds>
				</Code>
			</While>
			<If Condition="QuestDone(40607)" >
				<MoveTo X="1233.402" Y="-4362.639" Z="28.15995" />
				<!-- Using RunCode to CTM because MyCTM won't run in comabt -->
				<Code File="RunCode" Code="WoWMovement.ClickToMove(new Vector3(1247.023f, -4371.299f, 34.83783f)); await Coroutine.Sleep(3000);" />
				<Code File="RunCode" Code="WoWMovement.ClickToMove(new Vector3(1247.062f, -4377.508f, 34.8333f)); await Coroutine.Sleep(1000);" />
				<While Condition="QuestDone(40607)" >
					<Code File="InteractWith" MobId="101035" MovementBy="ClickToMoveOnly" X="1246.866" Y="-4377.863" Z="34.91656" TerminateWhen="!HasQuest(40607)" />
					<Code File="Misc\RunLua" Lua="QuestFrameCompleteQuestButton:Click();" />
				</While>
			</If>

			<While Condition="NeedsQuest(40605)" >
				<Code File="InteractWith" MobId="101035" MovementBy="ClickToMoveOnly" X="1246.866" Y="-4377.863" Z="34.91656" TerminateWhen="HasQuest(40605)" />
				<Code File="Misc\RunLua" Lua="QuestFrameAcceptButton:Click();" />						
			</While>
			<If Condition="HasQuest(40605)" >
				<Code File="RunCode" Code="WoWMovement.ClickToMove(new Vector3(1276.541f, -4384.436f, 28.71742f)); await Coroutine.Sleep(2000);" />
				<Code File="ForcedDismount" />
			</If>
			<TurnIn Nav="Fly" QuestName="Keep Your Friends Close" QuestId="40605" TurnInName="Elthyn Da'rai" TurnInId="95234" X="1819.613" Y="-4422.656" Z="103.1849" />
		</If>

		<If Condition="NeedsQuest(44663) &amp;&amp; !HasQuest(44184)" >
			<If Condition="Unit(114562) == null" >
				<MoveTo Nav="Fly" X="1824.579" Y="-4421.238" Z="103.3658" />
			</If>
			<PickUp QuestName="In the Blink of an Eye" QuestId="44663" GiverName="Khadgar's Upgraded Servant" GiverId="114562" X="1824.579" Y="-4421.238" Z="103.3658" />
		</If>
		<If Condition="HasQuest(44663) &amp;&amp; Me.ZoneId != 7502" >
			<MoveTo Nav="Fly" X="1881.895" Y="-4502.215" Z="23.3662" />
			<Code File="InteractWith" MobId="254292" MovementBy="NavigatorOnly" QuestId="44663" QuestObjectiveIndex="1" X="1758.979" Y="-4293.224" Z="7.621215" TerminateWhen="Me.ZoneId == 7502" />
		</If>

		<If Condition="HasQuest(44663) || HasQuest(44184)" >
			<Code File="FlyTo" QuestId="44663" X="-11149.92" Y="-2073.462" Z="808.2543" />
			<Code File="MyCTM" QuestId="44663" X="-11133.15" Y="-2051.721" Z="748.514" />
			<Code File="MyCTM" QuestId="44663" X="-11112.22" Y="-2024.727" Z="747.4563" />
			<Code File="InteractWith" MobId="113986" MovementBy="ClickToMoveOnly" GossipOptions="1" QuestId="44663" X="-11112.06" Y="-2024.847" Z="747.4567" />
			<Code File="RunCode" Code="await SkipCutscene();" />
		</If>

		<While Condition="HasQuest(44663) || HasQuest(44184)" > <!-- Using InteractWith to bypass a Blizz-end bug where the quest isn't showing up properly. -->
			<!-- In the Blink of an Eye -->
			<Code File="InteractWith" MobId="111109" NonCompeteDistance="0" InteractBlacklistTimeInSeconds="1" WaitTime="1500" X="-834.3594" Y="4399.119" Z="737.5295" TerminateWhen="!HasQuest(44663) &amp;&amp; !HasQuest(44184)" />
			<Code File="Misc\RunLua" Lua="QuestFrameCompleteQuestButton:Click();" WaitTime="2500" />
		</While>


		<!-- Load Class Hall stuff -->
			<!--
			NOTE <ImproveLater> : This is currently the easy solution.
			I'm thinking a RunCode where Me.Class auto-fills the text with using ProfileManager.LoadNew to load the profilewould be more clean.
			-->
			<If Condition="Me.Class == WoWClass.Warrior" >
				<Code File="LoadProfile" ProfileName="Class Hall Loaders/Warrior" />
			</If>
			<If Condition="Me.Class == WoWClass.Paladin" >
				<Code File="LoadProfile" ProfileName="Class Hall Loaders/Paladin" />
			</If>
			<If Condition="Me.Class == WoWClass.Hunter" >
				<Code File="LoadProfile" ProfileName="Class Hall Loaders/Hunter" />
			</If>
			<If Condition="Me.Class == WoWClass.Rogue" >
				<Code File="LoadProfile" ProfileName="Class Hall Loaders/Rogue" />
			</If>
			<If Condition="Me.Class == WoWClass.Priest" >
				<Code File="LoadProfile" ProfileName="Class Hall Loaders/Priest" />
			</If>
			<If Condition="Me.Class == WoWClass.DeathKnight" >
				<Code File="LoadProfile" ProfileName="Class Hall Loaders/Death Knight" />
			</If>
			<If Condition="Me.Class == WoWClass.Shaman" >
				<Code File="LoadProfile" ProfileName="Class Hall Loaders/Shaman" />
			</If>
			<If Condition="Me.Class == WoWClass.Mage" >
				<Code File="LoadProfile" ProfileName="Class Hall Loaders/Mage" />
			</If>
			<If Condition="Me.Class == WoWClass.Warlock" >
				<Code File="LoadProfile" ProfileName="Class Hall Loaders/Warlock" />
			</If>
			<If Condition="Me.Class == WoWClass.Monk" >
				<Code File="LoadProfile" ProfileName="Class Hall Loaders/Monk" />
			</If>
			<If Condition="Me.Class == WoWClass.Druid" >
				<Code File="LoadProfile" ProfileName="Class Hall Loaders/Druid" />
			</If>
			<If Condition="Me.Class == WoWClass.DemonHunter" >
				<Code File="LoadProfile" ProfileName="Class Hall Loaders/Demon Hunter" />
			</If>
		<!-- END Load Class Hall stuff -->
		
	</QuestOrder>
</HBProfile>