<HBProfile xsi:noNamespaceSchemaLocation="../../Schemas/QuestProfileSchema.xsd" xmlns:xsi="http://www.w3.org/2001/XMLSchema-instance">
	<!-- Original contribution by EchoTiger -->
	<Name>[N-Quest] Hunter - Beast Master - Titanstrike Artifact [Echo] ($ShortHash$)</Name>

	<MinDurability>0.3</MinDurability>
	<MinFreeBagSlots>3</MinFreeBagSlots>

	<SellGrey>true</SellGrey>
	<SellWhite>true</SellWhite>
	<SellGreen>true</SellGreen>
	<SellBlue>true</SellBlue>
	<SellPurple>false</SellPurple>

	<MailGrey>false</MailGrey>
	<MailWhite>true</MailWhite>
	<MailGreen>true</MailGreen>
	<MailBlue>true</MailBlue>
	<MailPurple>true</MailPurple>

	<TargetElites>true</TargetElites>

	<AvoidMobs>
		<Mob Name="XXX" Entry="123" />
	</AvoidMobs>

	<Blackspots>
	</Blackspots>

	<Blacklist>
	</Blacklist>

	<Mailboxes> 
	</Mailboxes>

	<Vendors>
	</Vendors>

<!-- INITORDER COMMENT 
	<InitOrder>
		Perhaps add detection for loading the class hall if player hasn't unlocked this zone yet.
		<CustomBehavior File="Misc\RunLua" Lua="SetCVar('AutoLootDefault', 1)" />

		<CustomBehavior File="EnablePlugin" Names="Anti Drown" />
		<CustomBehavior File="EnablePlugin" Names="Refreshment Detection" />

		<CustomBehavior File="Misc\ProfileCompatibilityInfo" AllowBrokenAddOns="true" AllowBrokenPlugIns="true" />

		<LootMobs Value="true" />
		<TargetingDistance Value="45" /> Use LevelBot default
	</InitOrder>
END INITORDER COMMENT -->

	<QuestOrder> <!-- No checkpoints here. -->
		<!-- RunCode Methods -->
			<CustomBehavior File="RunCode" Type="Definition"><![CDATA[
					bool DoQuest(params uint[] questIds)
					{
						foreach (var questId in questIds)
						{
							if (HasQuest(questId) && !IsQuestCompleted(questId)) return true;
						}
						return false;
					}
					bool NeedsQuest(params uint[] questIds)
					{
						foreach (var questId in questIds)
						{
							if (!HasQuest(questId) && !IsQuestCompleted(questId)) return true;
						}
						return false;
					}
					bool NeedsBreadcrumbQuest(params uint[] questIds)
					{
						foreach (var questId in questIds)
						{
							if (IsQuestCompleted(questId)) return false;
						}
						return true;
					}
					bool QuestDone(params uint[] questIds)
					{
						foreach (var questId in questIds)
						{
							if (HasQuest(questId) && IsQuestCompleted(questId)) return true;
						}
						return false;
					}
					async Task SkipCutscene(int preWait = 3000, int postWait = 3000)
					{
				// Add detection of cutscene here.
						await Coroutine.Sleep(preWait);
				// Test and improve the working method.
						Lua.DoString("MovieFrame:StopMovie(); CinematicFrame_CancelCinematic(); StopCinematic();");
						await Coroutine.Sleep(postWait);
					}

					async Task DalaranHearth()
					{
						if (!(Me.ZoneId == 7502 || Me.ZoneId == 8392) && HasItem(140192))
						{
							Bots.Professionbuddy.PBLog.Log(System.Windows.Media.Colors.DeepSkyBlue, "[Azyul Navigator]: ", System.Windows.Media.Colors.LightGreen, "Using Dalaran Hearthstone!");
							await CommonCoroutines.LandAndDismount("Using Hearthstone to reach Dalaran (Broken Isles)");
							await CommonCoroutines.StopMoving(); 
							WoWItem dalaranHearth = StyxWoW.Me.BagItems.FirstOrDefault(x => x.Entry == 140192);
							if (dalaranHearth.CooldownTimeLeft <= TimeSpan.FromMinutes(3))
							{
								if (dalaranHearth.CooldownTimeLeft != TimeSpan.Zero)
								{
									Logging.Write(System.Windows.Media.Colors.Yellow, "[Profile]: Awaiting cooldown before attempting hearth!");
									await Coroutine.Wait(306000, () => dalaranHearth.CooldownTimeLeft == TimeSpan.Zero);
								}
								dalaranHearth.Interact();
								var currentLoc = StyxWoW.Me.ZoneId;
								await Coroutine.Wait(30000, () => StyxWoW.Me.ZoneId != currentLoc);
								await Coroutine.Sleep(1500);
							}
						}
					}

				]]>
			</CustomBehavior>
		<!-- END RunCode Methods -->

		<!-- Get Continuation Quest -->
			<If Condition="IsQuestCompleted(40953) &amp;&amp; NeedsQuest(41541) &amp;&amp; NeedsQuest(44043, 44366)" > <!-- Using On Eagle's Wings (40953) to determine if we've already got the first artifact. -->
				<If Condition="!Me.HasAura(213170)" >
					<CustomBehavior File="RunCode" Code="await DalaranHearth();" />
					<MoveTo X="-813.4112" Y="4277.193" Z="746.2777" />
					<CustomBehavior File="InteractWith" MobId="108868" NonCompeteDistance="0" GossipOptions="1"  X="-809.467" Y="4273.58" Z="746.2848" />
				</If>
				<CustomBehavior File="InteractWith" MobId="107317" WaitTime="1250" X="4642.032" Y="5285.06" Z="840.6198" />
				<CustomBehavior File="Misc\RunLua" WaitTime="1250" Lua="QuestFrameAcceptButton:Click();" />
			</If>
		<!-- END Get Continuation Quest -->

		<!-- Second Artifact -->
			<If Condition="HasQuest(44043)" >
				<While Condition="DoQuest(44043)" >
					<If Condition="!Lua.GetReturnVal&lt;bool&gt;(&quot;return QuestChoiceFrame:IsVisible()&quot;, 0)" >
						<CustomBehavior File="InteractWith" MobId="107317" GossipOptions="1" QuestId="44043" QuestObjectiveIndex="1" X="4642.032" Y="5285.06" Z="840.6198" />
					</If>
					<!-- NOTE: <AddFunction> : Need code to determine which button the artifact may be.  
					<CustomBehavior File="Misc\RunLua" QuestId="44043" Lua="QuestChoiceFrameOptionXXX.OptionButton:Click()" WaitTime="1200" />-->
					<CustomBehavior File="UserDialog" QuestId="44043" AllowBotStop="True" SoundCue="Exclamation" SoundCueInterval="150"	Text="Choose the artifact weapon.\n\nCurrently there is no automation for this." />
				</While>
				<TurnIn QuestName="Continuing the Legend" QuestId="44043" TurnInName="Emmarel Shadewarden" TurnInId="107317" X="4642.032" Y="5285.06" Z="840.6198" />
			</If>
		<!-- END Second Artifact -->

		<!-- Third Artifact -->
			<If Condition="HasQuest(44366)" >
				<While Condition="DoQuest(44366)" >
					<If Condition="!Lua.GetReturnVal&lt;bool&gt;(&quot;return QuestChoiceFrame:IsVisible()&quot;, 0)" >
						<CustomBehavior File="InteractWith" MobId="107317" GossipOptions="1" QuestId="44366" QuestObjectiveIndex="1" X="4642.032" Y="5285.06" Z="840.6198" />
					</If>
					<CustomBehavior File="Misc\RunLua" QuestId="44366" Lua="QuestChoiceFrameOption1.OptionButton:Click()" WaitTime="1200" /> <!-- Should always be 1. -->
				</While>
				<TurnIn QuestName="Continuing the Legend" QuestId="44366" TurnInName="Emmarel Shadewarden" TurnInId="107317" X="4642.032" Y="5285.06" Z="840.6198" />
			</If>
		<!-- END Third Artifact -->

		<If Condition="IsQuestCompleted(40953)" > <!-- Using On Eagle's Wings to determine if we've already got the first artifact. -->
			<PickUp QuestName="A Beastly Expedition" QuestId="41541" GiverName="Emmarel Shadewarden" GiverId="107317" X="4642.032" Y="5285.06" Z="840.6198" /> <!-- Class Hall Phase -->
			<!-- Add portal to Dalaran support? -->
			<Else>
				<PickUp QuestName="A Beastly Expedition" QuestId="41541" GiverName="Emmarel Shadewarden" GiverId="102478" X="-876.658" Y="4379.09" Z="739.1406" /> <!-- Dalaran Phase -->
			</Else>
		</If>

		<!-- Story: Artifact Weapon - Titanstrike -->
			<TurnIn QuestName="A Beastly Expedition" QuestId="41541" TurnInName="Grif Wildheart" TurnInId="104381" X="-861.1233" Y="4285.741" Z="746.2857" />

			<PickUp QuestName="Stolen Thunder" QuestId="41574" GiverName="Grif Wildheart" GiverId="104381" X="-861.1233" Y="4285.741" Z="746.2857" />
			<While Condition="DoQuest(41574)" >
				<If Condition="Bots.DungeonBuddy.Helpers.ScenarioInfo.Current.CurrentStageNumber == 0" >
					<CustomBehavior File="InteractWith" MobId="106235" QuestId="41574" X="-867.9774" Y="4287.264" Z="745.4191" />
					<CustomBehavior File="WaitTimer" WaitTime="60000" TerminateWhen="!Me.InVehicle" />
				</If>
				
				<If Condition="Bots.DungeonBuddy.Helpers.ScenarioInfo.Current.CurrentStageNumber == 1" >
					<CustomBehavior File="InteractWith" MobId="104904" GossipOptions="1" QuestId="41574" QuestObjectiveIndex="2" X="4803.345" Y="77.96181" Z="-2.623047" TerminateWhen="Unit(104904) == null || Bots.DungeonBuddy.Helpers.ScenarioInfo.Current.CurrentStageNumber != 1" />
					<CustomBehavior File="WaitTimer" WaitTime="120000" TerminateWhen="Bots.DungeonBuddy.Helpers.ScenarioInfo.Current.CurrentStageNumber != 1" />
				</If>

				<If Condition="Bots.DungeonBuddy.Helpers.ScenarioInfo.Current.CurrentStageNumber == 2" >
					<MoveTo DestName="Restless Tombguards" X="4806.149" Y="148.6619" Z="-9.62995" />
					<CustomBehavior File="WaitTimer" WaitTime="10000" />
					<CustomBehavior File="NoCombatMoveTo" DestName="Safe spot on stairs" X="4818.274" Y="253.2813" Z="-26.06089" />
					<CustomBehavior File="KillUntilComplete" MobIds="96455, 105122" X="4820.82" Y="232.8854" Z="-16.90531" TerminateWhen="Unit(105122, u =&gt; u.IsDead) != null || Unit(105122) == null" />
					<LootMobs Value="false" />
					<MoveTo DestName="Left corridor" X="4812.534" Y="334.2613" Z="-33.84919" />
					<MoveTo DestName="Left corridor" X="4812.534" Y="334.2613" Z="-33.84919" />
					<MoveTo DestName="Left corridor" X="4812.534" Y="334.2613" Z="-33.84919" />
					<MoveTo DestName="Left corridor" X="4812.534" Y="334.2613" Z="-33.84919" />
					<MoveTo DestName="Left corridor" X="4812.534" Y="334.2613" Z="-33.84919" />
					<CustomBehavior File="KillUntilComplete" MobId="105968" X="4812.534" Y="334.2613" Z="-33.84919" TerminateWhen="Bots.DungeonBuddy.Helpers.ScenarioInfo.Current.CurrentStageNumber != 2" />
				</If>
				<LootMobs Value="true" />
				
				<If Condition="Bots.DungeonBuddy.Helpers.ScenarioInfo.Current.CurrentStageNumber == 3" >
					<MoveTo DestName="Right hand corridor" X="4861.418" Y="325.1642" Z="-31.50253" />
					<MoveTo X="4883.318" Y="319.9752" Z="-36.76369" />
					<CustomBehavior File="KillUntilComplete" MobIds="106335, 106341, 106344" X="4860.869" Y="318.4898" Z="-31.77713" TerminateWhen="Bots.DungeonBuddy.Helpers.ScenarioInfo.Current.CurrentStageNumber != 3" />
				</If>

				<If Condition="Bots.DungeonBuddy.Helpers.ScenarioInfo.Current.CurrentStageNumber == 4" >
					<CustomBehavior File="KillUntilComplete" MobIds="106354, 106352" X="4962.616" Y="321.9394" Z="-37.71339" TerminateWhen="Bots.DungeonBuddy.Helpers.ScenarioInfo.Current.CurrentStageNumber != 4" />
				</If>

				<If Condition="Bots.DungeonBuddy.Helpers.ScenarioInfo.Current.CurrentStageNumber == 5" >
					<CustomBehavior File="KillUntilComplete" MobId="104956" X="4988.034" Y="309.9923" Z="-29.27162" TerminateWhen="Bots.DungeonBuddy.Helpers.ScenarioInfo.Current.CurrentStageNumber != 5" />
				</If>

				<If Condition="Bots.DungeonBuddy.Helpers.ScenarioInfo.Current.CurrentStageNumber == 6" >
					<CustomBehavior File="WaitTimer" WaitTime="30000" TerminateWhen="Object(249741, u =&gt; u.ToGameObject().CanUse()) != null" />
					<CustomBehavior File="InteractWith" MobId="249741" X="5003.885" Y="293.5677" Z="-26.92902" />
				</If>

			</While>
			<TurnIn QuestName="Stolen Thunder" QuestId="41574" TurnInName="Mimiron" TurnInId="106558" X="2778.023" Y="2549.335" Z="364.3132" />
			<!-- END Loc: Stormheim -->

			<!-- Loc: Ulduar -->
			<PickUp QuestName="The Creator's Workshop" QuestId="42158" GiverName="Mimiron" GiverId="106558" X="2778.023" Y="2549.335" Z="364.3132" />
			<While Condition="DoQuest(42158)" >
				<CustomBehavior File="InteractWith" MobId="106558" GossipOptions="1" QuestId="42158" X="2778.023" Y="2549.335" Z="364.3132" />

				<MoveTo X="2738.671" Y="2616.625" Z="364.3146" />
				<CustomBehavior File="WaitTimer" WaitTime="60000" TerminateWhen="Object(249765, u =&gt; u.ToGameObject().CanUse()) != null" />
				<CustomBehavior File="UserDialog" AllowBotStop="True" SoundCue="Exclamation" SoundCueInterval="1" Text="The bot currently cannot do this section properly.  If you click continue it will attempt to do it, but you will need to assist it for jumping over the fire novas." />
				<!-- NOTE: <AddAvoid> : Bot will need to avoid the AoE that the fusion cores are releasing.  Can jump over the waves. -->
				<CustomBehavior File="InteractWith" MobId="249765" X="2734.787" Y="2625.814" Z="365.2617" />
				<CustomBehavior File="InteractWith" MobId="249773" X="2702.748" Y="2609.047" Z="365.3793" />


				<MoveTo X="2731.237" Y="2547.176" Z="364.4337" />
				<CustomBehavior File="WaitTimer" WaitTime="20000" TerminateWhen="Object(249766, u =&gt; u.ToGameObject().CanUse()) != null" />
				<!-- NOTE: <AddAvoid> : Bot will need to avoid the lightning balls that are being cast by the leviathan -->
				<CustomBehavior File="InteractWith" MobId="249766" X="2738.331" Y="2540.439" Z="365.2359" />
				<CustomBehavior File="InteractWith" MobId="249769" X="2735.51" Y="2524.254" Z="362.2268" /> 
				<CustomBehavior File="InteractWith" MobId="249768" X="2720.624" Y="2550.111" Z="362.1405" />
				<CustomBehavior File="InteractWith" MobId="249767" X="2708.903" Y="2540.141" Z="362.1704" />

				<CustomBehavior File="WaitTimer" WaitTime="20000" />
				<CustomBehavior File="InteractWith" MobId="249749" X="2790.452" Y="2569.373" Z="368.9039" />

				<CustomBehavior File="WaitTimer" QuestId="42158" WaitTime="20000" />
			</While>
			<TurnIn QuestName="The Creator's Workshop" QuestId="42158" TurnInName="Mimiron" TurnInId="106558" X="2762.512" Y="2569.122" Z="364.3132" />
			<!-- END Loc: Ulduar -->

			<!-- Loc: Stormpeaks -->
			<PickUp QuestName="Never Hunt Alone" QuestId="42185" GiverName="Mimiron" GiverId="106558" X="2762.512" Y="2569.122" Z="364.3132" />
			<While Condition="DoQuest(42185)" >
				<If Condition="Object(249755) != null" >
					<!-- NOTE: <AddCondition : Could use a 'If In Ulduar' on the below interactwith -->
					<CustomBehavior File="InteractWith" MobId="249755" X="2772.265" Y="2568.281" Z="364.3136" />
				</If>

				<If Condition="Unit(106678) != null" >
					<CustomBehavior File="InteractWith" MobId="106678" QuestId="42185" QuestObjectiveIndex="2" X="9324.997" Y="-1123.72" Z="1245.147" />
					<CustomBehavior File="WaitTimer" WaitTime="60000" TerminateWhen="!Me.InVehicle" />
				</If>

				<If Condition="Bots.DungeonBuddy.Helpers.ScenarioInfo.Current.CurrentStageNumber == 1" >
					<CustomBehavior File="WaitTimer" WaitTime="60000" TerminateWhen="Bots.DungeonBuddy.Helpers.ScenarioInfo.Current.CurrentStageNumber != 1" />
				</If>

				<If Condition="Bots.DungeonBuddy.Helpers.ScenarioInfo.Current.CurrentStageNumber == 2" >
					<CustomBehavior File="WaitTimer" WaitTime="60000" TerminateWhen="Bots.DungeonBuddy.Helpers.ScenarioInfo.Current.CurrentStageNumber != 2" />
				</If>

				<If Condition="Bots.DungeonBuddy.Helpers.ScenarioInfo.Current.CurrentStageNumber == 3" >
					<!-- NOTE: <AddAvoid> : get out of lightning on ground -->
					<CustomBehavior File="KillUntilComplete" MobId="106730" X="7438.094" Y="-533.9827" Z="1896.851" TerminateWhen="Bots.DungeonBuddy.Helpers.ScenarioInfo.Current.CurrentStageNumber != 3" />
				</If>

				<If Condition="Bots.DungeonBuddy.Helpers.ScenarioInfo.Current.CurrentStageNumber == 4" >
					<CustomBehavior File="InteractWith" MobId="103154" WaitTime="10000" X="7438.28" Y="-534.035" Z="1896.85" />
				</If>

				<If Condition="Bots.DungeonBuddy.Helpers.ScenarioInfo.Current.CurrentStageNumber == 5" >
					<CustomBehavior File="InteractWith" MobId="249812" InteractByLooting="true" QuestId="42185" X="7446.769" Y="-535.7726" Z="1896.985" />
					<CustomBehavior File="WaitTimer" WaitTime="60000" TerminateWhen="Unit(106854, u =&gt; u.Distance &lt; 30) != null" />
				</If>

				<While Condition="Bots.DungeonBuddy.Helpers.ScenarioInfo.Current.CurrentStageNumber == 6" >
					<CustomBehavior File="InteractWith" MobId="106854" WaitForNpcs="false" X="7437.393" Y="-557.033" Z="1896.851" />
					<CustomBehavior File="WaitTimer" WaitTime="40000" TerminateWhen="!Me.InVehicle" /> 
				</While>
			</While>
			<TurnIn QuestName="Never Hunt Alone" QuestId="42185" TurnInName="Grif Wildheart" TurnInId="106879" X="-819.5886" Y="4299.66" Z="746.2864" />
			<!-- END Loc: Stormpeaks -->

			<!-- Loc: Dalaran -->
			<PickUp QuestName="Hunter to Hunter" QuestId="41009" GiverName="Grif Wildheart" GiverId="106879" X="-819.5886" Y="4299.66" Z="746.2864" />
			<TurnIn QuestName="Hunter to Hunter" QuestId="41009" TurnInName="Emmarel Shadewarden" TurnInId="102478" X="-876.658" Y="4379.09" Z="739.1407" />

			<!-- NOTE: <CheckMe> : Add phasing support if needed.  I believe Hunter to Hunter is no longer the turned in quest here. -->
			
		<!-- END Story: Artifact Weapon - Titanstrike -->

		<If Condition="!IsQuestCompleted(40953)" >
			<PickUp QuestName="On Eagle's Wings" QuestId="40953" GiverName="Emmarel Shadewarden" GiverId="102478" X="-876.658" Y="4379.09" Z="739.1407" />
			<!-- We're picking this quest up even though it's not artifact specific as a method of preventing the Class Hall loader from loading another artifact profile. -->
			<CustomBehavior File="LoadProfile" ProfileName="../Class Hall Loaders/[N-Quest] Hunter [Echo].xml" />
		</If>

	</QuestOrder>
</HBProfile>

<!-- Notes:

	On Eagle's Wings is used to determine if we've got the first artifact or not because NPC positions change after this quest.
	Checking if this quest is completed can be used to determine where the NPCs are at for the bot and where we should look for them.
	On Eagle's Wings is completed directly after completing obtaining your first artifact weapon, so it should be reliable enough to check with.

	Contiuing the Legend is the quest to unlock your second artifact choice.

	One Last Adventure is the quest to unlock your third artifact choice.
-->