<HBProfile xsi:noNamespaceSchemaLocation="../../Schemas/QuestProfileSchema.xsd" xmlns:xsi="http://www.w3.org/2001/XMLSchema-instance">
	<!-- Original contribution by EchoTiger -->
	<Name>[N-Quest] Hunter - Marksman - Thas'dorah Artifact [Echo] ($ShortHash$)</Name>

	<MinDurability>0.3</MinDurability>
	<MinFreeBagSlots>3</MinFreeBagSlots>

	<SellGrey>true</SellGrey>
	<SellWhite>true</SellWhite>
	<SellGreen>true</SellGreen>
	<SellBlue>true</SellBlue>
	<SellPurple>false</SellPurple>

	<MailGrey>false</MailGrey>
	<MailWhite>true</MailWhite>
	<MailGreen>true</MailGreen>
	<MailBlue>true</MailBlue>
	<MailPurple>true</MailPurple>

	<TargetElites>true</TargetElites>

	<AvoidMobs>
		<Mob Name="XXX" Entry="123" />
	</AvoidMobs>

	<Blackspots>
		<Blackspot X="238.8518" Y="1569.429" Z="-41.5434" Radius="16.15628" /> <!-- Spikes -->
	</Blackspots>

	<Blacklist>
	</Blacklist>

	<Mailboxes> 
	</Mailboxes>

	<Vendors>
	</Vendors>

<!-- INITORDER COMMENT 
	<InitOrder>
		Perhaps add detection for loading the class hall if player hasn't unlocked this zone yet.
		<CustomBehavior File="Misc\RunLua" Lua="SetCVar('AutoLootDefault', 1)" />

		<CustomBehavior File="EnablePlugin" Names="Anti Drown" />
		<CustomBehavior File="EnablePlugin" Names="Refreshment Detection" />

		<CustomBehavior File="Misc\ProfileCompatibilityInfo" AllowBrokenAddOns="true" AllowBrokenPlugIns="true" />

		<LootMobs Value="true" />
		<TargetingDistance Value="45" /> Use LevelBot default
	</InitOrder>
END INITORDER COMMENT -->

	<QuestOrder> <!-- No checkpoints here. -->
		<!-- RunCode Methods -->
			<CustomBehavior File="RunCode" Type="Definition"><![CDATA[
					bool DoQuest(params uint[] questIds)
					{
						foreach (var questId in questIds)
						{
							if (HasQuest(questId) && !IsQuestCompleted(questId)) return true;
						}
						return false;
					}
					bool NeedsQuest(params uint[] questIds)
					{
						foreach (var questId in questIds)
						{
							if (!HasQuest(questId) && !IsQuestCompleted(questId)) return true;
						}
						return false;
					}
					bool NeedsBreadcrumbQuest(params uint[] questIds)
					{
						foreach (var questId in questIds)
						{
							if (IsQuestCompleted(questId)) return false;
						}
						return true;
					}
					bool QuestDone(params uint[] questIds)
					{
						foreach (var questId in questIds)
						{
							if (HasQuest(questId) && IsQuestCompleted(questId)) return true;
						}
						return false;
					}
					async Task SkipCutscene(int preWait = 3000, int postWait = 3000)
					{
				// Add detection of cutscene here.
						await Coroutine.Sleep(preWait);
				// Test and improve the working method.
						Lua.DoString("MovieFrame:StopMovie(); CinematicFrame_CancelCinematic(); StopCinematic();");
						await Coroutine.Sleep(postWait);
					}

					async Task DalaranHearth()
					{
						if (!(Me.ZoneId == 7502 || Me.ZoneId == 8392) && HasItem(140192))
						{
							Bots.Professionbuddy.PBLog.Log(System.Windows.Media.Colors.DeepSkyBlue, "[Azyul Navigator]: ", System.Windows.Media.Colors.LightGreen, "Using Dalaran Hearthstone!");
							await CommonCoroutines.LandAndDismount("Using Hearthstone to reach Dalaran (Broken Isles)");
							await CommonCoroutines.StopMoving(); 
							WoWItem dalaranHearth = StyxWoW.Me.BagItems.FirstOrDefault(x => x.Entry == 140192);
							if (dalaranHearth.CooldownTimeLeft <= TimeSpan.FromMinutes(3))
							{
								if (dalaranHearth.CooldownTimeLeft != TimeSpan.Zero)
								{
									Logging.Write(System.Windows.Media.Colors.Yellow, "[Profile]: Awaiting cooldown before attempting hearth!");
									await Coroutine.Wait(306000, () => dalaranHearth.CooldownTimeLeft == TimeSpan.Zero);
								}
								dalaranHearth.Interact();
								var currentLoc = StyxWoW.Me.ZoneId;
								await Coroutine.Wait(30000, () => StyxWoW.Me.ZoneId != currentLoc);
								await Coroutine.Sleep(1500);
							}
						}
					}

				]]>
			</CustomBehavior>
		<!-- END RunCode Methods -->

		<!-- Get Continuation Quest -->
			<If Condition="IsQuestCompleted(40953) &amp;&amp; NeedsQuest(40392) &amp;&amp; NeedsQuest(44043, 44366)" > <!-- Using On Eagle's Wings (40953) to determine if we've already got the first artifact. -->
				<If Condition="!Me.HasAura(213170)" >
					<CustomBehavior File="RunCode" Code="await DalaranHearth();" />
					<MoveTo X="-813.4112" Y="4277.193" Z="746.2777" />
					<CustomBehavior File="InteractWith" MobId="108868" NonCompeteDistance="0" GossipOptions="1"  X="-809.467" Y="4273.58" Z="746.2848" />
				</If>
				<CustomBehavior File="InteractWith" MobId="107317" WaitTime="1250" X="4642.032" Y="5285.06" Z="840.6198" />
				<CustomBehavior File="Misc\RunLua" WaitTime="1250" Lua="QuestFrameAcceptButton:Click();" />
			</If>
		<!-- END Get Continuation Quest -->

		<!-- Second Artifact -->
			<If Condition="HasQuest(44043)" >
				<While Condition="DoQuest(44043)" >
					<If Condition="!Lua.GetReturnVal&lt;bool&gt;(&quot;return QuestChoiceFrame:IsVisible()&quot;, 0)" >
						<CustomBehavior File="InteractWith" MobId="107317" GossipOptions="1" QuestId="44043" QuestObjectiveIndex="1" X="4642.032" Y="5285.06" Z="840.6198" />
					</If>
					<!-- NOTE: <AddFunction> : Need code to determine which button the artifact may be.  
					<CustomBehavior File="Misc\RunLua" QuestId="44043" Lua="QuestChoiceFrameOptionXXX.OptionButton:Click()" WaitTime="1200" />-->
					<CustomBehavior File="UserDialog" QuestId="44043" AllowBotStop="True" SoundCue="Exclamation" SoundCueInterval="150"	Text="Choose the artifact weapon.\n\nCurrently there is no automation for this." />
				</While>
				<TurnIn QuestName="Continuing the Legend" QuestId="44043" TurnInName="Emmarel Shadewarden" TurnInId="107317" X="4642.032" Y="5285.06" Z="840.6198" />
			</If>
		<!-- END Second Artifact -->

		<!-- Third Artifact -->
			<If Condition="HasQuest(44366)" >
				<While Condition="DoQuest(44366)" > <!-- NOTE: <CheckMe> : Secondary Artifact Quest.  Need to properly conditionalize this. -->
					<If Condition="!Lua.GetReturnVal&lt;bool&gt;(&quot;return QuestChoiceFrame:IsVisible()&quot;, 0)" >
						<CustomBehavior File="InteractWith" MobId="107317" GossipOptions="1" QuestId="44366" QuestObjectiveIndex="1" X="4642.032" Y="5285.06" Z="840.6198" />
					</If>
					<CustomBehavior File="Misc\RunLua" QuestId="44366" Lua="QuestChoiceFrameOption1.OptionButton:Click()" WaitTime="1200" /> <!-- Should always be 1. -->
				</While>
				<TurnIn QuestName="One Last Adventure" QuestId="44366" TurnInName="Emmarel Shadewarden" TurnInId="107317" X="4642.032" Y="5285.06" Z="840.6198" />
			</If>
		<!-- END Third Artifact -->

		<If Condition="IsQuestCompleted(40953)" > <!-- Using On Eagle's Wings (40953) to determine if we've already got the first artifact. -->
			<PickUp QuestName="Rendezvous with the Courier" QuestId="41540" GiverName="Emmarel Shadewarden" GiverId="107317" X="4642.032" Y="5285.06" Z="840.6198" /> <!-- Class Hall Phase -->
			<!-- Add portal to Dalaran support? -->
			<Else>
				<PickUp QuestName="Rendezvous with the Courier" QuestId="41540" GiverName="Emmarel Shadewarden" GiverId="102478" X="-876.658" Y="4379.09" Z="739.1406" /> <!-- Dalaran Phase -->
			</Else>
		</If>

		<!-- Story: Artifact Weapon - Thas'dorah -->
			<If Condition="QuestDone(41540)" >
				<If Condition="Me.HasAura(213170)" >
					<CustomBehavior File="InteractWith" MobId="244510" WaitTime="3000" X="4552.774" Y="5244.073" Z="880.768" />
				</If>
				<TurnIn QuestName="Rendezvous with the Courier" QuestId="41540" TurnInName="Courier Larkspur" TurnInId="103741" X="-857.684" Y="4285.16" Z="746.2816" />
			</If>

			<PickUp QuestName="Call of the Marksman" QuestId="40392" GiverName="Courier Larkspur" GiverId="103741" X="-857.684" Y="4285.16" Z="746.2816" />
			<While Condition="DoQuest(40392)" >
				<CustomBehavior File="InteractWith" MobId="102177" QuestId="40392" QuestObjectiveIndex="1" X="-859.4427" Y="4282.787" Z="746.2825" />
				<CustomBehavior File="WaitTimer" WaitTime="55000" TerminateWhen="!Me.InVehicle" />
				<MoveTo X="-835.3129" Y="3672.444" Z="25.53613" />
			</While>
			<TurnIn QuestName="Call of the Marksman" QuestId="40392" TurnInName="Vereesa Windrunner" TurnInId="100190" X="-836.5972" Y="3673.48" Z="25.48865" />

			<PickUp QuestName="Clandestine Operation" QuestId="40400" GiverName="Vereesa Windrunner" GiverId="100190" X="-836.5972" Y="3673.48" Z="25.48865" />
			<While Condition="DoQuest(40400)" >
				<CustomBehavior File="InteractWith" MobId="100190" NonCompeteDistance="0" GossipOptions="1" QuestId="40400" QuestObjectiveIndex="1" X="-836.5972" Y="3673.48" Z="25.48865" />
				<CustomBehavior File="WaitTimer" QuestId="40400" QuestObjectiveIndex="1" WaitTime="60000" />
			</While>
			<TurnIn QuestName="Clandestine Operation" QuestId="40400" TurnInName="Vereesa Windrunner" TurnInId="100190" X="-836.5972" Y="3673.48" Z="25.4887" />

			<PickUp QuestName="Rescue Mission" QuestId="40419" GiverName="Vereesa Windrunner" GiverId="100190" X="-836.5972" Y="3673.48" Z="25.4887" />
			<While Condition="DoQuest(40419)" >
				<CustomBehavior File="InteractWith" MobId="100190" GossipOptions="1" QuestId="40419" QuestObjectiveIndex="1" X="-836.5972" Y="3673.48" Z="25.4887" />
				<CustomBehavior File="WaitTimer" WaitTime="31000" TerminateWhen="Unit(100190) == null" />

				<If Condition="!HasItem(128826)" >
					<CustomBehavior File="InteractWith" MobId="104835" Range="1" QuestId="40419" X="-824.0261" Y="3683.284" Z="26.06647" TerminateWhen="Bots.DungeonBuddy.Helpers.ScenarioInfo.Current.CurrentStageNumber != 0" />
				</If>

				<If Condition="Bots.DungeonBuddy.Helpers.ScenarioInfo.Current.CurrentStageNumber == 1" >
					<MoveTo X="274.9513" Y="1947.489" Z="-44.4945" />
					<CustomBehavior File="KillUntilComplete" MobId="100394" X="268.0656" Y="1893.764" Z="-17.74708" TerminateWhen="Bots.DungeonBuddy.Helpers.ScenarioInfo.Current.CurrentStageNumber != 1" />
				</If>

				<If Condition="Bots.DungeonBuddy.Helpers.ScenarioInfo.Current.CurrentStageNumber == 2" >
					<CustomBehavior File="WaitTimer" WaitTime="7000" /> <!-- Wait for Vereesa to catch up so she can tank. -->
					<CustomBehavior File="KillUntilComplete" MobId="101514" X="254.9792" Y="1862.797" Z="-11.81998" TerminateWhen="Bots.DungeonBuddy.Helpers.ScenarioInfo.Current.CurrentStageNumber != 2" />
					<CustomBehavior File="WaitTimer" WaitTime="10000" />
				</If>

				<If Condition="Bots.DungeonBuddy.Helpers.ScenarioInfo.Current.CurrentStageNumber == 3" >
					<UseMount Value="false" />
					<MoveTo X="311.4851" Y="1648.519" Z="-71.25314" />
					<CustomBehavior File="WaitTimer" WaitTime="15000" TerminateWhen="Bots.DungeonBuddy.Helpers.ScenarioInfo.Current.CurrentStageNumber != 3" />
					<UseMount Value="true" />
				</If>

				<If Condition="Bots.DungeonBuddy.Helpers.ScenarioInfo.Current.CurrentStageNumber == 4" >
					<CustomBehavior File="KillUntilComplete" MobId="100749" X="311.3614" Y="1648.643" Z="-71.22365" TerminateWhen="Bots.DungeonBuddy.Helpers.ScenarioInfo.Current.CurrentStageNumber != 4" />
				</If>


				<If Condition="Bots.DungeonBuddy.Helpers.ScenarioInfo.Current.CurrentStageNumber == 5" >
					<MoveTo X="210.6426" Y="1562.835" Z="-42.60481" />
					<CustomBehavior File="Hooks\Avoid" AvoidName="BurningRush" ObjectId="10541" Radius="15" />
					<CustomBehavior File="KillUntilComplete" MobId="100836" X="203.3906" Y="1484.59" Z="-31.44542" TerminateWhen="Bots.DungeonBuddy.Helpers.ScenarioInfo.Current.CurrentStageNumber != 5" />
					<CustomBehavior File="Hooks\Avoid" AvoidName="BurningRush" Command="Remove" />
				</If>

				<If Condition="Bots.DungeonBuddy.Helpers.ScenarioInfo.Current.CurrentStageNumber == 6" >
					<MoveTo X="179.2044" Y="1312.663" Z="-58.97907" />
					<CustomBehavior File="KillUntilComplete" MobId="101269" X="156.1944" Y="1265.165" Z="-44.68078" TerminateWhen="Bots.DungeonBuddy.Helpers.ScenarioInfo.Current.CurrentStageNumber != 6" />
				</If>

				<If Condition="Bots.DungeonBuddy.Helpers.ScenarioInfo.Current.CurrentStageNumber == 7" >
					<MoveTo X="65.10677" Y="1213.325" Z="-39.73352" />
					<CustomBehavior File="WaitTimer" WaitTime="60000" TerminateWhen="Bots.DungeonBuddy.Helpers.ScenarioInfo.Current.CurrentStageNumber != 7" />
				</If>

				<If Condition="Bots.DungeonBuddy.Helpers.ScenarioInfo.Current.CurrentStageNumber == 8" >
					<!-- There's two Thas'dorah bows here.
					Name="Thas'dorah, Legacy of the Windrunners" Entry="101487" X="57.9757" Y="1212.47" Z="-38.09645" -->
					<CustomBehavior File="InteractWith" MobId="248419" InteractByLooting="true" WaitTime="1500" X="57.94792" Y="1212.418" Z="-38.18002" />
					<CustomBehavior File="Misc\RunLua" Lua="LootButton1:Click();" /> <!-- Extra code in case the IW doesn't loot. -->
					<CustomBehavior File="WaitTimer" WaitTime="10000" /> <!-- Wait for little cinematic. -->
				</If>

				<If Condition="HasItem(128826)" >
					<CustomBehavior File="InteractWith" MobId="100397" GossipOptions="1" WaitTime="7000" X="71.30903" Y="1220.042" Z="-39.39252" />
				</If>
			</While>
			<TurnIn QuestName="Rescue Mission" QuestId="40419" TurnInName="Vereesa Windrunner" TurnInId="102570" X="-832.2118" Y="4329.724" Z="744.9162" />
		<!-- END Story: Artifact Weapon - Thas'dorah -->


		<If Condition="!IsQuestCompleted(40953)" >
			<PickUp QuestName="On Eagle's Wings" QuestId="40953" GiverName="Emmarel Shadewarden" GiverId="102478" X="-876.658" Y="4379.09" Z="739.1407" />
			<!-- We're picking this quest up even though it's not artifact specific as a method of preventing the Class Hall loader from loading another artifact profile. -->
			<CustomBehavior File="LoadProfile" ProfileName="../Class Hall Loaders/[N-Quest] Hunter [Echo].xml" />
		</If>

	</QuestOrder>
</HBProfile>

<!-- Notes:

	On Eagle's Wings is used to determine if we've got the first artifact or not because NPC positions change after this quest.
	Checking if this quest is completed can be used to determine where the NPCs are at for the bot and where we should look for them.
	On Eagle's Wings is completed directly after completing obtaining your first artifact weapon, so it should be reliable enough to check with.

	Contiuing the Legend is the quest to unlock your second artifact choice.

	One Last Adventure is the quest to unlock your third artifact choice.
-->