<HBProfile xsi:noNamespaceSchemaLocation="../../Schemas/QuestProfileSchema.xsd" xmlns:xsi="http://www.w3.org/2001/XMLSchema-instance">
	<!-- Original contribution by EchoTiger -->
	<Name>Mage Class Hall Loader ($ShortHash$)</Name>

	<MinDurability>0.3</MinDurability>
	<MinFreeBagSlots>3</MinFreeBagSlots>

	<SellGrey>true</SellGrey>
	<SellWhite>true</SellWhite>
	<SellGreen>true</SellGreen>
	<SellBlue>true</SellBlue>
	<SellPurple>false</SellPurple>

	<MailGrey>false</MailGrey>
	<MailWhite>true</MailWhite>
	<MailGreen>true</MailGreen>
	<MailBlue>true</MailBlue>
	<MailPurple>true</MailPurple>

	<TargetElites>true</TargetElites>

	<Vendors>
	</Vendors>

<!-- INITORDER COMMENT 
	<InitOrder>
		Perhaps add detection for loading the class hall if player hasn't unlocked this zone yet.
		<Code File="Misc\RunLua" Lua="SetCVar('AutoLootDefault', 1)" />

		<Code File="EnablePlugin" Names="Anti Drown" />
		<Code File="EnablePlugin" Names="Refreshment Detection" />

		<Code File="Misc\ProfileCompatibilityInfo" AllowBrokenAddOns="true" AllowBrokenPlugIns="true" />

		<LootMobs Value="true" />
		<TargetingDistance Value="45" /> Use LevelBot default
	</InitOrder>
END INITORDER COMMENT -->

	<QuestOrder>
		<!-- Check function status -->
		<Code File="RunCode" Type="Definition">
			<![CDATA[
			private static bool? profileFunctionsEnabled => (bool?)AppDomain.CurrentDomain.GetData("QuestingProfiles_FunctionsEnabled");
			private static bool IsStoreProfile(string path) => path.StartsWith("store://");
			private static string Slashify(string path) => IsStoreProfile(path) ? path.Replace(@"\", "/") : path.Replace("/", @"\");

			public __CompiledBatchClass__()
			{
				ActivateFunctions();
			}

			private static void ActivateFunctions()
			{
				if (profileFunctionsEnabled == null || profileFunctionsEnabled == false)
				{
					Bots.Professionbuddy.PBLog.Log(Colors.MediumPurple, "[Profile Message!]: ", Colors.Yellow, "Please stand by as the functions are being activated!");
					LoadProfile(@"..\..\..\Functions\Activate Functions.xml");
				}
			}

			private static void LoadProfile(string path)
			{
				var profile = GetNewPath(path);
				if (!IsStoreProfile(profile) && !File.Exists(profile))
				{
					Bots.Professionbuddy.PBLog.Log(Colors.MediumPurple, "[Profile Message!]: ", Colors.Yellow, "Profile does not exist.\n" + profile);
					return;
				}

				Bots.Professionbuddy.PBLog.Log(Colors.MediumPurple, "[Profile Message!]: ", Colors.Yellow, "Loading: " + profile);
				ProfileManager.LoadNew(profile, false);
			}

			private static string GetNewPath(string path)
			{
				if (IsStoreProfile(path))
					return Slashify(path);

				var currentProfile = ProfileManager.XmlLocation;
				if (IsStoreProfile(currentProfile))
					return Slashify(currentProfile + "/../" + path);

				var absolutePath = Path.Combine(Path.GetDirectoryName(currentProfile), path);
				absolutePath = Path.GetFullPath(absolutePath);
				var canonicalPath = new Uri(absolutePath).LocalPath;
				return Slashify(canonicalPath);
			}]]>
		</Code>
		<Code File="RunCode" Code="ActivateFunctions();" />
		<!-- END Check function status -->

		<If Condition="Me.IsAlliance" >
			<Code File="LoadProfile" ProfileName="..\..\..\Questing Autoloader.xml" />
		</If>
		<!-- RunCode Methods -->
			<Code File="RunCode">
			<![CDATA[
				Bots.Professionbuddy.PBLog.Log(System.Windows.Media.Colors.MediumPurple, "> [Profile Initialization Status] ", System.Windows.Media.Colors.CornflowerBlue, "\n     Auto-Looting	:: Enabled\n     Looting	:: Enabled\n     Game Addons	:: Disabled");
				Lua.DoString("SetCVar('AutoLootDefault', 1);");
				Lua.DoString("SetCVar('autoDismountFlying', 1);");
				CharacterSettings.Instance.LootMobs = true;
				CharacterSettings.Instance.Save();
				Logging.Write(System.Windows.Media.Colors.MediumPurple, "> [Ready to bot!]");
			]]>
			</Code>
			<Code File="RunCode" Type="Definition">
				<![CDATA[
						bool DoQuest(params uint[] questIds)
						{
							foreach (var questId in questIds)
							{
								if (HasQuest(questId) && !IsQuestCompleted(questId)) return true;
							}
							return false;
						}
						bool NeedsQuest(params uint[] questIds)
						{
							foreach (var questId in questIds)
							{
								if (!HasQuest(questId) && !IsQuestCompleted(questId)) return true;
							}
							return false;
						}
						bool NeedsBreadcrumbQuest(params uint[] questIds)
						{
							foreach (var questId in questIds)
							{
								if (IsQuestCompleted(questId)) return false;
							}
							return true;
						}
						bool QuestDone(params uint[] questIds)
						{
							foreach (var questId in questIds)
							{
								if (HasQuest(questId) && IsQuestCompleted(questId)) return true;
							}
							return false;
						}
						bool QuestFlaggedCompleted(params uint[] questIds)
						{
							foreach (var questId in questIds)
							{
								return Lua.GetReturnVal<bool>($"return IsQuestFlaggedCompleted({questId});", 0);
							}
							return false;
						}
						async Task SkipCutscene(int preWait = 3000, int postWait = 3000)
						{
					// Add detection of cutscene here.
							await Coroutine.Sleep(preWait);
					// Test and improve the working method.
							Lua.DoString("MovieFrame:StopMovie(); CinematicFrame_CancelCinematic(); StopCinematic();");
							await Coroutine.Sleep(postWait);
						}
					]]>
			</Code>
		<!-- END RunCode Methods -->

		<!-- ClassHall RunCode Methods -->
			<Code File="RunCode" Type="Definition"><![CDATA[
					int currentZone = 0;
					bool doAzsuna = false;
					bool doValsharah = false;
					bool doHighmountain = false;
					bool doStormheim = false;

					async Task DalaranHearth()
					{
						if (!(Me.ZoneId == 7502 || Me.ZoneId == 8392) && HasItem(140192))
						{
							Bots.Professionbuddy.PBLog.Log(System.Windows.Media.Colors.DeepSkyBlue, "[Azyul Navigator]: ", System.Windows.Media.Colors.LightGreen, "Using Dalaran Hearthstone!");
							await CommonCoroutines.LandAndDismount("Using Hearthstone to reach Dalaran (Broken Isles)");
							await CommonCoroutines.StopMoving(); 
							WoWItem dalaranHearth = StyxWoW.Me.BagItems.FirstOrDefault(x => x.Entry == 140192);
							if (dalaranHearth.CooldownTimeLeft <= TimeSpan.FromMinutes(3))
							{
								if (dalaranHearth.CooldownTimeLeft != TimeSpan.Zero)
								{
									Logging.Write(System.Windows.Media.Colors.Yellow, "[Profile]: Awaiting cooldown before attempting hearth!");
									await Coroutine.Wait(306000, () => dalaranHearth.CooldownTimeLeft == TimeSpan.Zero);
								}
								dalaranHearth.Interact();
								var currentLoc = StyxWoW.Me.ZoneId;
								await Coroutine.Wait(30000, () => StyxWoW.Me.ZoneId != currentLoc);
								await Coroutine.Sleep(1500);
							}
						}
					}
					async Task DoMission(int missionID, params int[] followerList)
					{

						foreach (int follower in followerList)
						{
							string luaString = $@"
								local missionID = {missionID};
								local followerID = {follower};
								local allFollowers = C_Garrison.GetFollowers();
								for i=1,#allFollowers do
									if (allFollowers[i].garrFollowerID == followerID)  then  
										C_Garrison.AddFollowerToMission(missionID, allFollowers[i].followerID);
										break;
									end
								end
							";
							Lua.DoString(luaString);
							await Coroutine.Sleep(750);
						}

						await Coroutine.Sleep(1000);
						Lua.DoString($"C_Garrison.StartMission({missionID});");

						await Coroutine.Sleep(2500);
						Lua.DoString("OrderHallMissionFrame.CloseButton:Click();");
					}

					bool MissionComplete(int missionID)
					{
						string luaString = $@"
							local missionNum = {missionID};
							local allMissions = C_Garrison.GetInProgressMissions(LE_FOLLOWER_TYPE_GARRISON_7_0);
							for i=1,#allMissions do
								if (allMissions[i].missionID == missionNum)  then  
									return allMissions[i].timeLeftSeconds
								end
							end
						";
						
						int timeLeft = Lua.GetReturnVal<int>(luaString, 0);

						if (timeLeft == 0)
							return true;
						else
							return false;
					}

					bool MissionInProgress(int missionID)
					{
						string luaString = $@"
							local missionNum = {missionID};
							local allMissions = C_Garrison.GetInProgressMissions(LE_FOLLOWER_TYPE_GARRISON_7_0);
							for i=1,#allMissions do
								if (allMissions[i].missionID == missionNum)  then  
									return allMissions[i].inProgress
								end
							end
						";
						return Lua.GetReturnVal<bool>(luaString, 0);
					}
				]]>
			</Code>
		<!-- END ClassHall RunCode Methods -->

		<!-- Introductory Class Hall Quests -->
			<PickUp QuestName="Felstorm's Plea" QuestId="41035" GiverName="Meryl Felstorm" GiverId="102700" X="-843.1996" Y="4431.201" Z="742.5364" /> <!-- Auto pickup in Dalaran. -->
			<TurnIn QuestName="Felstorm's Plea" QuestId="41035" TurnInName="Meryl Felstorm" TurnInId="102700" X="-843.1996" Y="4431.201" Z="742.5364" />

			<PickUp QuestName="The Dreadlord's Prize" QuestId="41036" GiverName="Meryl Felstorm" GiverId="102700" X="-843.1996" Y="4431.201" Z="742.5364" />
			<While Condition="DoQuest(41036)" >
				<Code File="InteractWith" MobId="242174" NonCompeteDistance="0" QuestId="41036" X="-960.4443" Y="4324.997" Z="740.1581" /> <!-- May not be needed if this door is added to the jumplinks. -->
				<MoveTo X="-965.15" Y="4319.328" Z="740.0412" />
				<Code File="MyCTM" X="-969.8125" Y="4314.124" Z="742.1796" TerminateWhen="Me.MapId == 1494" /> <!-- NOTE: <CheckID> -->
				<Code File="WaitTimer" WaitTime="10000" TerminateWhen="Bots.DungeonBuddy.Helpers.ScenarioInfo.Current.CurrentStageNumber == 1" />

				<If Condition="Bots.DungeonBuddy.Helpers.ScenarioInfo.Current.CurrentStageNumber == 1" >
					<Code File="Hooks\DoWhen" ActivityName="Spellsteal" UseWhen="Me.CurrentTarget != null &amp;&amp; Me.CurrentTarget.HasAura(207647)" >
						<Code File="RunCode" Code="SpellManager.Cast(30449); await Coroutine.Sleep(550);" />
					</Code>

					<Code File="KillUntilComplete" MobId="102785" TerminateWhen="Bots.DungeonBuddy.Helpers.ScenarioInfo.Current.CurrentStageNumber != 1" /> 
					<Code File="WaitTimer" WaitTime="60000" TerminateWhen="Bots.DungeonBuddy.Helpers.ScenarioInfo.Current.CurrentStageNumber != 1" />

					<Code File="Hooks\DoWhen" ActivityName="Spellsteal" Command="Remove" />
				</If>

				<If Condition="Bots.DungeonBuddy.Helpers.ScenarioInfo.Current.CurrentStageNumber == 2" >
					<If Condition="!IsScenarioCriteriaComplete(1)" >
						<MoveTo X="1321.57" Y="-262.668" Z="43.99799" />
						<Code File="RunCode"><![CDATA[
								Me.SetFacing(6);
								await Coroutine.Sleep(750);
								if (SpellManager.CanCast(1953)) SpellManager.Cast(1953);
								else if (SpellManager.CanCast(212653)) SpellManager.Cast(212653);
								await Coroutine.Sleep(1500);
							]]>
						</Code>
					</If>
					<If Condition="!IsScenarioCriteriaComplete(2)" >
						<Code File="KillUntilComplete" MobId="102787" TerminateWhen="Bots.DungeonBuddy.Helpers.ScenarioInfo.Current.CurrentStageNumber != 2" >
							<HuntingGrounds>
								<Hotspot X="1344.409" Y="-219.0343" Z="43.33354" />
								<Hotspot X="1397.776" Y="-234.3117" Z="50.0569" />
								<Hotspot X="1394.637" Y="-268.7403" Z="52.42683" />
								<Hotspot X="1355.073" Y="-308.8704" Z="47.66777" /> 
							</HuntingGrounds>
						</Code>
					</If>
				</If>

				<If Condition="Bots.DungeonBuddy.Helpers.ScenarioInfo.Current.CurrentStageNumber == 3" >
					<Code File="InteractWith" MobId="102786" X="1355.915" Y="-263.0451" Z="38.74279" TerminateWhen="Bots.DungeonBuddy.Helpers.ScenarioInfo.Current.CurrentStageNumber != 3" />
					<Code File="WaitTimer" WaitTime="11000" />
				</If>

				<If Condition="Bots.DungeonBuddy.Helpers.ScenarioInfo.Current.CurrentStageNumber == 4" >
					<Code File="KillUntilComplete" MobId="102785" X="1304.359" Y="-261.4171" Z="44.1962" TerminateWhen="Bots.DungeonBuddy.Helpers.ScenarioInfo.Current.CurrentStageNumber != 4" />
				</If>

				<If Condition="Bots.DungeonBuddy.Helpers.ScenarioInfo.Current.CurrentStageNumber == 5" >
					<Code File="WaitTimer" WaitTime="60000" TerminateWhen="Bots.DungeonBuddy.Helpers.ScenarioInfo.Current.CurrentStageNumber != 5" />
				</If>

				<If Condition="Bots.DungeonBuddy.Helpers.ScenarioInfo.Current.CurrentStageNumber == 6" >
					<Code File="InteractWith" MobId="102786" X="1355.915" Y="-263.0451" Z="38.74279" />
					<Code File="WaitTimer" WaitTime="2500" />
				</If>

				<Code File="WaitTimer" QuestId="41036" WaitTime="60000" />
			</While>
			<TurnIn QuestName="The Dreadlord's Prize" QuestId="41036" TurnInName="Meryl Felstorm" TurnInId="102700" X="-816.66" Y="4695" Z="939.6642" />
		<!-- END Introductory Class Hall Quests -->

		<!-- First Artifact Quest -->
			<PickUp QuestName="A Mage's Weapon" QuestId="41085" GiverName="Meryl Felstorm" GiverId="102700" X="-816.66" Y="4695" Z="939.6641" />
			<While Condition="DoQuest(41085)" >
				<Code File="Misc\RunLua" Lua="LoadAddOn(&quot;Blizzard_QuestChoice&quot;);" />
				<If Condition="!Lua.GetReturnVal&lt;bool&gt;(&quot;return QuestChoiceFrame:IsVisible()&quot;, 0)" >
					<Code File="InteractWith" MobId="246952" QuestId="41085" X="-783.6354" Y="4689.01" Z="944.4333" />
				</If>

				<Code File="UserDialog" QuestId="41085" AllowBotStop="True" SoundCue="Exclamation" SoundCueInterval="150" ExpiryTime="300" ExpiryAction="InputEnabled_Continue" 
				Text="Choose an artifact weapon.\n\nIf you do not choose within 5minutes, the bot will pick the one appropriate for your current specialization." />
				
				<If Condition="!IsQuestCompleted(41085)" >
					<If Condition="Me.Specialization == WoWSpec.MageArcane" >
						<Code File="Misc\RunLua" QuestId="41085" Lua="QuestChoiceFrameOption1.OptionButton:Click()" WaitTime="1000" />
					</If>
					<If Condition="Me.Specialization == WoWSpec.MageFire" >
						<Code File="Misc\RunLua" QuestId="41085" Lua="QuestChoiceFrameOption2.OptionButton:Click()" WaitTime="1000" />
					</If>
					<If Condition="Me.Specialization == WoWSpec.MageFrost" >
						<Code File="Misc\RunLua" QuestId="41085" Lua="QuestChoiceFrameOption3.OptionButton:Click()" WaitTime="1000" />
					</If>
					<Code File="Misc\RunLua" QuestId="41085" Lua="StaticPopup1Button1:Click();" />
				</If>
			</While>
			<TurnIn QuestName="A Mage's Weapon" QuestId="41085" TurnInName="Meryl Felstorm" TurnInId="102700" X="-816.66" Y="4695" Z="939.6641" />

			<If Condition="!IsQuestCompleted(42011) &amp;&amp; NeedsQuest(41125) &amp;&amp; Me.Specialization == WoWSpec.MageArcane" > <!-- 42011 = The Nexus Vault -->
				<Code File="LoadProfile" ProfileName="../Artifact Quests/Mage - Arcane - Aluneth, Greatstaff of the Magna.xml" />
			</If>
			<If Condition="!IsQuestCompleted(11997) &amp;&amp; NeedsQuest(41125) &amp;&amp; Me.Specialization == WoWSpec.MageFire" > <!-- 11997 = The Frozen Flame -->
				<Code File="LoadProfile" ProfileName="../Artifact Quests/Mage - Fire - Felo'melorn.xml" />
			</If>
			<If Condition="!IsQuestCompleted(42479) &amp;&amp; NeedsQuest(41125) &amp;&amp; Me.Specialization == WoWSpec.MageFrost" > <!-- 42479 = The Mage Hunter -->
				<Code File="LoadProfile" ProfileName="../Artifact Quests/Mage - Frost - Ebonchill.xml" />
			</If>
		<!-- END First Artifact Quest -->

		<!-- Introductory Class Hall Quests -->
			<PickUp QuestName="Unlocked Potential" QuestId="41125" GiverName="Meryl Felstorm" GiverId="102700" X="-798.9618" Y="4702.451" Z="939.9673" />
			<While Condition="DoQuest(41125)" >
				<!-- /dump GetMouseFocus():GetPowerID(); C_ArtifactUI.AddPower(powerId); -->
				<Code File="InteractWith" MobId="245006" WaitTime="2000" NonCompeteDistance="0" QuestId="41125" X="1030.769" Y="7361.063" Z="107.3078" />
				<If Condition="HasItem(127857)" > <!-- Aluneth -->
					<Code File="Misc\RunLua" Lua="C_ArtifactUI.AddPower(1339);" />
				</If>
				<If Condition="HasItem(128820)" > <!-- Felo'melorn -->
					<Code File="Misc\RunLua" Lua="C_ArtifactUI.AddPower(1340);" />
				</If>
				<If Condition="HasItem(128862)" > <!-- Ebonchill -->
					<Code File="Misc\RunLua" Lua="C_ArtifactUI.AddPower(1296);" />
				</If>
			</While>
			<TurnIn QuestName="Unlocked Potential" QuestId="41125" TurnInName="Meryl Felstorm" TurnInId="102700" X="-798.9618" Y="4702.451" Z="939.9673" />

			<PickUp QuestName="The Great Akazamzarak" QuestId="41112" GiverName="Meryl Felstorm" GiverId="102700" X="-798.9618" Y="4702.451" Z="939.9673" />
			<While Condition="DoQuest(41112)" >
				<Code File="InteractWith" MobId="244510" NonCompeteDistance="0" QuestId="41112" QuestObjectiveIndex="1" X="-944.4427" Y="4707.374" Z="928.9707" />
				<Code File="InteractWith" MobId="247018" NonCompeteDistance="0" QuestId="41112" QuestObjectiveIndex="2" X="-931.6771" Y="4474.965" Z="733.7183" />
			</While>
			<TurnIn QuestName="The Great Akazamzarak" QuestId="41112" TurnInName="The Great Akazamzarak" TurnInId="103092" X="-931.1936" Y="4474.046" Z="733.7238" />

			<If Condition="NeedsQuest(41113)" >
				<PickUp QuestName="The Only Way to Travel" QuestId="41113" GiverName="The Great Akazamzarak" GiverId="103092" X="-931.1936" Y="4474.046" Z="733.7238" />
				<Code File="WaitTimer" WaitTime="20000" TerminateWhen="Object(247024) != null" />
				<Code File="InteractWith" MobId="247024" NonCompeteDistance="0" X="-930.451" Y="4472.51" Z="733.736" TerminateWhen="Object(247024) == null" />
			</If>
			<If Condition="QuestDone(41113)" >
				<While Condition="!Me.HasAura(213170)" >
					<Code File="RunCode"><![CDATA[
							Logging.Write(System.Windows.Media.Colors.Yellow, "[Profile]: Teleporting to class hall.");
							await CommonCoroutines.StopMoving(); 
							SpellManager.Cast(193759);
						]]>
					</Code>
					<Code File="WaitTimer" WaitTime="10000" TerminateWhen="!Me.IsCasting" />
				</While>
				<TurnIn QuestName="The Only Way to Travel" QuestId="41113" TurnInName="Meryl Felstorm" TurnInId="102700" X="-798.9618" Y="4702.451" Z="939.9674" />
				<Code File="WaitTimer" WaitTime="60000" /> <!-- Wait for little RP event after turning in. -->
			</If>

			<PickUp QuestName="The Tirisgarde Reborn" QuestId="41124" GiverName="Meryl Felstorm" GiverId="102700" X="-800.576" Y="4691.081" Z="939.9931" />
			<While Condition="DoQuest(41124)" >
				<Code File="WaitTimer" QuestId="41124" WaitTime="40000" />
			</While>
			<If Condition="QuestDone(41124)" >
				<MoveTo X="-879.8299" Y="4628.752" Z="918.3585" />
				<TurnIn QuestName="The Tirisgarde Reborn" QuestId="41124" TurnInName="The Great Akazamzarak" TurnInId="103092" X="-879.8299" Y="4628.752" Z="918.3585" />
			</If>

			<PickUp QuestName="A Conjuror's Duty" QuestId="41141" GiverName="The Great Akazamzarak" GiverId="103092" X="-879.8299" Y="4628.752" Z="918.3584" />
			<While Condition="DoQuest(41141)" >
				<While Condition="DoQuest(41141)" >
					<Code File="InteractWith" MobId="98695" WaitTime="1500" QuestId="41141" X="-881.8507" Y="4628.127" Z="918.3583" />
					<If Condition="Chance(25)" > <!-- Azsuna -->
						<Code File="Misc\RunLua" Lua="OrderHallMissionFrame.Tab3:Click(); C_AdventureMap.StartQuest(39718);" WaitTime="1500" />
						<Code File="Misc\RunLua" Lua="C_AdventureMap.Close();" WaitTime="1500" />

					<ElseIf Condition="Chance(25)" > <!-- Val'sharah -->
						<Code File="Misc\RunLua" Lua="OrderHallMissionFrame.Tab3:Click(); C_AdventureMap.StartQuest(39731);" WaitTime="1500" />
						<Code File="Misc\RunLua" Lua="C_AdventureMap.Close();" WaitTime="1500" />
					</ElseIf>
					<ElseIf Condition="Chance(25)" > <!-- Highmountain -->
						<Code File="Misc\RunLua" Lua="OrderHallMissionFrame.Tab3:Click(); C_AdventureMap.StartQuest(39733);" WaitTime="1500" />
						<Code File="Misc\RunLua" Lua="C_AdventureMap.Close();" WaitTime="1500" />
					</ElseIf>
					<Else> <!-- Stormheim -->
						<Code File="Misc\RunLua" Lua="OrderHallMissionFrame.Tab3:Click(); C_AdventureMap.StartQuest(39735); C_AdventureMap.StartQuest(39864);" WaitTime="1500" />
						<Code File="Misc\RunLua" Lua="C_AdventureMap.Close();" WaitTime="1500" />
					</Else>

					</If>

				</While>
				<Code File="MyCTM" X="-888.1843" Y="4639.617" Z="918.0419" /> <!-- Bot sometimes gets stuck if it gets too close to the map -->
			</While>
			<If Condition="QuestDone(41141)" >
				<MoveTo X="-879.8299" Y="4628.752" Z="918.3584" />
				<TurnIn QuestName="A Conjuror's Duty" QuestId="41141" TurnInName="The Great Akazamzarak" TurnInId="103092" X="-879.8299" Y="4628.752" Z="918.3584" />
			</If>

			<While Condition="DoQuest(39718)" >
				<Code File="InteractWith" MobId="244510" QuestId="39718" QuestObjectiveIndex="1" X="-944.4427" Y="4707.374" Z="928.9707" /> <!-- NOTE: <ConditionalCheck> : UseWhen in Class Hall, TerminateWhen Me In Dalaran -->
				<Code File="WaitTimer" WaitTime="3000" />
				<Code File="LoadProfile" ProfileName="../Azsuna.xml" />		
			</While>
		<!-- END Introductory Class Hall Quests -->

		<!-- Tutorial Class Hall Quests -->
		<!-- END Tutorial Class Hall Quests -->

		<!-- Determine Questing Status -->
			<Code File="RunCode"><![CDATA[
				if ((!IsQuestCompleted(40794) && Me.IsAlliance) || (!IsQuestCompleted(42244) && Me.IsHorde)) doAzsuna = true;
				if (!IsQuestCompleted(40890)) doValsharah = true;
				if (!IsQuestCompleted(39656)) doHighmountain = true;
				if ((!IsQuestCompleted(39122) && Me.IsAlliance) || (!IsQuestCompleted(38882) && Me.IsHorde)) doStormheim = true;

				if (doAzsuna && !NeedsQuest(39718)) currentZone = 1;
				else if (doValsharah && !NeedsQuest(39731)) currentZone = 2;
				else if (doHighmountain && !NeedsQuest(39733)) currentZone = 3;
				else if (doStormheim && ((Me.IsAlliance && !NeedsQuest(39735)) || (Me.IsHorde && !NeedsQuest(39864)))) currentZone = 4;
				else if (!doAzsuna && !doValsharah && !doHighmountain && !doStormheim) currentZone = 5;
				else currentZone = 0;
			]]>
			</Code>
			<!-- currentZone is checking if the player has started questing in a zone, but hasn't finished yet. -->
		<!-- END Determine Questing Status -->

		<!-- Tell the user what's good. -->
			<Code File="RunCode"><![CDATA[
					if (currentZone == 0)
						Logging.Write(System.Windows.Media.Colors.Yellow, $"[Profile]: Randomizing our next questing zone!");
					else if (currentZone == 1)
						Logging.Write(System.Windows.Media.Colors.Yellow, $"[Profile]: Continuing our questing in Azsuna.");
					else if (currentZone == 2)
						Logging.Write(System.Windows.Media.Colors.Yellow, $"[Profile]: Continuing our questing in Val'sharah.");
					else if (currentZone == 3)
						Logging.Write(System.Windows.Media.Colors.Yellow, $"[Profile]: Continuing our questing in Highmountain.");
					else if (currentZone == 4)
						Logging.Write(System.Windows.Media.Colors.Yellow, $"[Profile]: Continuing our questing in Stormheim.");
					else if (currentZone == 5)
						Logging.Write(System.Windows.Media.Colors.Yellow, $"[Profile]: All questing zones done!");
				]]>
			</Code>
		<!-- END Tell the user what's good. -->

		<!-- Randomize to a new zone -->
			<While Condition="currentZone == 0" >
				<!-- Azsuna -->
				<If Condition="doAzsuna &amp;&amp; Chance(10)" >
					<Code File="RunCode"><![CDATA[
						Logging.Write(System.Windows.Media.Colors.Yellow, $"[Profile]: Chose Aszuna as our next questing area.  You may stop->start the bot to have it randomize again!");
					]]>
					</Code>
					<If Condition="NeedsQuest(39718)" >
						<While Condition="!Me.HasAura(213170)" >
							<Code File="RunCode"><![CDATA[
									Logging.Write(System.Windows.Media.Colors.Yellow, "[Profile]: Teleporting to class hall.");
									await CommonCoroutines.StopMoving(); 
									SpellManager.Cast(193759);
								]]>
							</Code>
							<Code File="WaitTimer" WaitTime="10000" TerminateWhen="!Me.IsCasting" />
						</While>
						<Code File="InteractWith" MobId="98695" NonCompeteDistance="0" WaitTime="1500" X="-881.8507" Y="4628.127" Z="918.3583" />
						<Code File="Misc\RunLua" Lua="OrderHallMissionFrame.Tab3:Click(); C_AdventureMap.StartQuest(39718);" WaitTime="1500" />
						<Code File="Misc\RunLua" Lua="C_AdventureMap.Close();" WaitTime="1500" />
					</If>

					<If Condition="Me.HasAura(213170)" >
						<MoveTo X="4020.336" Y="7285.195" Z="41.62424" />
						<Code File="InteractWith" MobId="244510" WaitTime="3000" X="-944.4427" Y="4707.374" Z="928.9707" />
					</If>
					<Code File="LoadProfile" ProfileName="../Azsuna.xml" />
				</If>
				<!-- END Azsuna -->

				<!-- Val'sharah -->
				<If Condition="doValsharah &amp;&amp; Chance(10)" >
					<Code File="RunCode"><![CDATA[
						Logging.Write(System.Windows.Media.Colors.Yellow, $"[Profile]: Chose Val'sharah as our next questing area.  You may stop->start the bot to have it randomize again!");
					]]>
					</Code>
					<If Condition="NeedsQuest(39731)" >
						<While Condition="!Me.HasAura(213170)" >
							<Code File="RunCode"><![CDATA[
									Logging.Write(System.Windows.Media.Colors.Yellow, "[Profile]: Teleporting to class hall.");
									await CommonCoroutines.StopMoving(); 
									SpellManager.Cast(193759);
								]]>
							</Code>
							<Code File="WaitTimer" WaitTime="10000" TerminateWhen="!Me.IsCasting" />
						</While>
						<Code File="InteractWith" MobId="98695" NonCompeteDistance="0" WaitTime="1500" X="-881.8507" Y="4628.127" Z="918.3583" />
						<Code File="Misc\RunLua" Lua="OrderHallMissionFrame.Tab3:Click(); C_AdventureMap.StartQuest(39731);" WaitTime="1500" />
						<Code File="Misc\RunLua" Lua="C_AdventureMap.Close();" WaitTime="1500" />
					</If>

					<If Condition="Me.HasAura(213170)" >
						<MoveTo X="4020.336" Y="7285.195" Z="41.62424" />
						<Code File="InteractWith" MobId="244510" WaitTime="3000" X="-944.4427" Y="4707.374" Z="928.9707" />
					</If>
					<Code File="LoadProfile" ProfileName="../Val'sharah.xml" />
				</If>
				<!-- END Val'sharah -->

				<!-- Highmountain -->
				<If Condition="doHighmountain &amp;&amp; Chance(10)" >
					<Code File="RunCode"><![CDATA[
						Logging.Write(System.Windows.Media.Colors.Yellow, $"[Profile]: Chose Highmountain as our next questing area.  You may stop->start the bot to have it randomize again!");
					]]>
					</Code>
					<If Condition="NeedsQuest(39733)" >
						<While Condition="!Me.HasAura(213170)" >
							<Code File="RunCode"><![CDATA[
									Logging.Write(System.Windows.Media.Colors.Yellow, "[Profile]: Teleporting to class hall.");
									await CommonCoroutines.StopMoving(); 
									SpellManager.Cast(193759);
								]]>
							</Code>
							<Code File="WaitTimer" WaitTime="10000" TerminateWhen="!Me.IsCasting" />
						</While>
						<Code File="InteractWith" MobId="98695" NonCompeteDistance="0" WaitTime="1500" X="-881.8507" Y="4628.127" Z="918.3583" />
						<Code File="Misc\RunLua" Lua="OrderHallMissionFrame.Tab3:Click(); C_AdventureMap.StartQuest(39733);" WaitTime="1500" />
						<Code File="Misc\RunLua" Lua="C_AdventureMap.Close();" WaitTime="1500" />
					</If>

					<If Condition="Me.HasAura(213170)" >
						<MoveTo X="4020.336" Y="7285.195" Z="41.62424" />
						<Code File="InteractWith" MobId="244510" WaitTime="3000" X="-944.4427" Y="4707.374" Z="928.9707" />
					</If>
					<Code File="LoadProfile" ProfileName="../Highmountain.xml" />
				</If>
				<!-- END Highmountain -->

				<!-- Stormheim -->
				<If Condition="doStormheim &amp;&amp; Chance(10)" >
					<Code File="RunCode"><![CDATA[
						Logging.Write(System.Windows.Media.Colors.Yellow, $"[Profile]: Chose Stormheim as our next questing area.  You may stop->start the bot to have it randomize again!");
					]]>
					</Code>
					<If Condition="(Me.IsAlliance &amp;&amp; NeedsQuest(39735)) || (Me.IsHorde &amp;&amp; NeedsQuest(39864))" >
						<While Condition="!Me.HasAura(213170)" >
							<Code File="RunCode"><![CDATA[
									Logging.Write(System.Windows.Media.Colors.Yellow, "[Profile]: Teleporting to class hall.");
									await CommonCoroutines.StopMoving(); 
									SpellManager.Cast(193759);
								]]>
							</Code>
							<Code File="WaitTimer" WaitTime="10000" TerminateWhen="!Me.IsCasting" />
						</While>
						<Code File="InteractWith" MobId="98695" NonCompeteDistance="0" WaitTime="1500" X="-881.8507" Y="4628.127" Z="918.3583" />
						<Code File="Misc\RunLua" Lua="OrderHallMissionFrame.Tab3:Click(); C_AdventureMap.StartQuest(39735); C_AdventureMap.StartQuest(39864);" WaitTime="1500" />
						<Code File="Misc\RunLua" Lua="C_AdventureMap.Close();" WaitTime="1500" />
					</If>

					<If Condition="Me.HasAura(213170)" >
						<MoveTo X="4020.336" Y="7285.195" Z="41.62424" />
						<Code File="InteractWith" MobId="244510" WaitTime="3000" X="-944.4427" Y="4707.374" Z="928.9707" />
					</If>
					<Code File="LoadProfile" ProfileName="../Stormheim.xml" />
				</If>
				<!-- END Stormheim -->
			</While>
		<!-- END Randomize to a new zone -->

		<!-- Load into existing zone -->
			<!-- Azsuna -->
			<If Condition="currentZone == 1" > 
				<If Condition="Me.HasAura(213170)" >
					<MoveTo X="4020.336" Y="7285.195" Z="41.62424" />
					<Code File="InteractWith" MobId="244510" WaitTime="3000" X="-944.4427" Y="4707.374" Z="928.9707" />
				</If>
				<Code File="LoadProfile" ProfileName="../Azsuna.xml" />
			</If>
			<!-- END Azsuna -->

			<!-- Val'sharah -->
			<If Condition="currentZone == 2" > 
				<If Condition="Me.HasAura(213170)" >
					<MoveTo X="4020.336" Y="7285.195" Z="41.62424" />
					<Code File="InteractWith" MobId="244510" WaitTime="3000" X="-944.4427" Y="4707.374" Z="928.9707" />
				</If>
				<Code File="LoadProfile" ProfileName="../Val'sharah.xml" />
			</If>
			<!-- END Val'sharah -->

			<!-- Highmountain -->
			<If Condition="currentZone == 3" >
				<If Condition="Me.HasAura(213170)" >
					<MoveTo X="4020.336" Y="7285.195" Z="41.62424" />
					<Code File="InteractWith" MobId="244510" WaitTime="3000" X="-944.4427" Y="4707.374" Z="928.9707" />
				</If>
				<Code File="LoadProfile" ProfileName="../Highmountain.xml" />
			</If>
			<!-- END Highmountain -->

			<!-- Stormheim -->
			<If Condition="currentZone == 4" > 
				<If Condition="Me.HasAura(213170)" >
					<MoveTo X="4020.336" Y="7285.195" Z="41.62424" />
					<Code File="InteractWith" MobId="244510" WaitTime="3000" X="-944.4427" Y="4707.374" Z="928.9707" />
				</If>
				<Code File="LoadProfile" ProfileName="../Stormheim.xml" />
			</If>
			<!-- END Stormheim -->
		<!-- END Load into existing zone -->
	</QuestOrder>
</HBProfile>