<HBProfile xsi:noNamespaceSchemaLocation="../../Schemas/QuestProfileSchema.xsd" xmlns:xsi="http://www.w3.org/2001/XMLSchema-instance">
	<!-- Original contribution by EchoTiger -->
	<Name>Warlock Class Hall Loader ($ShortHash$)</Name>

	<MinDurability>0.3</MinDurability>
	<MinFreeBagSlots>3</MinFreeBagSlots>

	<SellGrey>true</SellGrey>
	<SellWhite>true</SellWhite>
	<SellGreen>true</SellGreen>
	<SellBlue>true</SellBlue>
	<SellPurple>false</SellPurple>

	<MailGrey>false</MailGrey>
	<MailWhite>true</MailWhite>
	<MailGreen>true</MailGreen>
	<MailBlue>true</MailBlue>
	<MailPurple>true</MailPurple>

	<TargetElites>true</TargetElites>

	<Vendors>
	</Vendors>

<!-- INITORDER COMMENT 
	<InitOrder>
		Perhaps add detection for loading the class hall if player hasn't unlocked this zone yet.
		<Code File="Misc\RunLua" Lua="SetCVar('AutoLootDefault', 1)" />

		<Code File="EnablePlugin" Names="Anti Drown" />
		<Code File="EnablePlugin" Names="Refreshment Detection" />

		<Code File="Misc\ProfileCompatibilityInfo" AllowBrokenAddOns="true" AllowBrokenPlugIns="true" />

		<LootMobs Value="true" />
		<TargetingDistance Value="45" /> Use LevelBot default
	</InitOrder>
END INITORDER COMMENT -->

	<QuestOrder> <!-- No checkpoints here. -->
		<!-- Check function status -->
		<Code File="RunCode" Type="Definition">
			<![CDATA[
			private static bool? profileFunctionsEnabled => (bool?)AppDomain.CurrentDomain.GetData("QuestingProfiles_FunctionsEnabled");
			private static bool IsStoreProfile(string path) => path.StartsWith("store://");
			private static string Slashify(string path) => IsStoreProfile(path) ? path.Replace(@"\", "/") : path.Replace("/", @"\");

			public __CompiledBatchClass__()
			{
				ActivateFunctions();
			}

			private static void ActivateFunctions()
			{
				if (profileFunctionsEnabled == null || profileFunctionsEnabled == false)
				{
					Bots.Professionbuddy.PBLog.Log(Colors.MediumPurple, "[Profile Message!]: ", Colors.Yellow, "Please stand by as the functions are being activated!");
					LoadProfile(@"..\..\..\Functions\Activate Functions.xml");
				}
			}

			private static void LoadProfile(string path)
			{
				var profile = GetNewPath(path);
				if (!IsStoreProfile(profile) && !File.Exists(profile))
				{
					Bots.Professionbuddy.PBLog.Log(Colors.MediumPurple, "[Profile Message!]: ", Colors.Yellow, "Profile does not exist.\n" + profile);
					return;
				}

				Bots.Professionbuddy.PBLog.Log(Colors.MediumPurple, "[Profile Message!]: ", Colors.Yellow, "Loading: " + profile);
				ProfileManager.LoadNew(profile, false);
			}

			private static string GetNewPath(string path)
			{
				if (IsStoreProfile(path))
					return Slashify(path);

				var currentProfile = ProfileManager.XmlLocation;
				if (IsStoreProfile(currentProfile))
					return Slashify(currentProfile + "/../" + path);

				var absolutePath = Path.Combine(Path.GetDirectoryName(currentProfile), path);
				absolutePath = Path.GetFullPath(absolutePath);
				var canonicalPath = new Uri(absolutePath).LocalPath;
				return Slashify(canonicalPath);
			}]]>
		</Code>
		<Code File="RunCode" Code="ActivateFunctions();" />
		<!-- END Check function status -->

		<If Condition="Me.IsAlliance" >
			<Code File="LoadProfile" ProfileName="..\..\..\Questing Autoloader.xml" />
		</If>
		<!-- RunCode Methods -->
			<Code File="RunCode">
			<![CDATA[
				Bots.Professionbuddy.PBLog.Log(System.Windows.Media.Colors.MediumPurple, "> [Profile Initialization Status] ", System.Windows.Media.Colors.CornflowerBlue, "\n     Auto-Looting	:: Enabled\n     Looting	:: Enabled\n     Game Addons	:: Disabled");
				Lua.DoString("SetCVar('AutoLootDefault', 1);");
				Lua.DoString("SetCVar('autoDismountFlying', 1);");
				CharacterSettings.Instance.LootMobs = true;
				CharacterSettings.Instance.Save();
				Logging.Write(System.Windows.Media.Colors.MediumPurple, "> [Ready to bot!]");
			]]>
			</Code>
			<Code File="RunCode" Type="Definition">
				<![CDATA[
						bool DoQuest(params uint[] questIds)
						{
							foreach (var questId in questIds)
							{
								if (HasQuest(questId) && !IsQuestCompleted(questId)) return true;
							}
							return false;
						}
						bool NeedsQuest(params uint[] questIds)
						{
							foreach (var questId in questIds)
							{
								if (!HasQuest(questId) && !IsQuestCompleted(questId)) return true;
							}
							return false;
						}
						bool NeedsBreadcrumbQuest(params uint[] questIds)
						{
							foreach (var questId in questIds)
							{
								if (IsQuestCompleted(questId)) return false;
							}
							return true;
						}
						bool QuestDone(params uint[] questIds)
						{
							foreach (var questId in questIds)
							{
								if (HasQuest(questId) && IsQuestCompleted(questId)) return true;
							}
							return false;
						}
						bool QuestFlaggedCompleted(params uint[] questIds)
						{
							foreach (var questId in questIds)
							{
								return Lua.GetReturnVal<bool>($"return IsQuestFlaggedCompleted({questId});", 0);
							}
							return false;
						}
						async Task SkipCutscene(int preWait = 3000, int postWait = 3000)
						{
					// Add detection of cutscene here.
							await Coroutine.Sleep(preWait);
					// Test and improve the working method.
							Lua.DoString("MovieFrame:StopMovie(); CinematicFrame_CancelCinematic(); StopCinematic();");
							await Coroutine.Sleep(postWait);
						}
					]]>
			</Code>
		<!-- END RunCode Methods -->

		<!-- ClassHall RunCode Methods -->
			<Code File="RunCode" Type="Definition"><![CDATA[
					int currentZone = 0;
					bool doAzsuna = false;
					bool doValsharah = false;
					bool doHighmountain = false;
					bool doStormheim = false;

					async Task DalaranHearth()
					{
						if (!(Me.ZoneId == 7502 || Me.ZoneId == 8392) && HasItem(140192))
						{
							Bots.Professionbuddy.PBLog.Log(System.Windows.Media.Colors.DeepSkyBlue, "[Azyul Navigator]: ", System.Windows.Media.Colors.LightGreen, "Using Dalaran Hearthstone!");
							await CommonCoroutines.LandAndDismount("Using Hearthstone to reach Dalaran (Broken Isles)");
							await CommonCoroutines.StopMoving(); 
							WoWItem dalaranHearth = StyxWoW.Me.BagItems.FirstOrDefault(x => x.Entry == 140192);
							if (dalaranHearth.CooldownTimeLeft <= TimeSpan.FromMinutes(3))
							{
								if (dalaranHearth.CooldownTimeLeft != TimeSpan.Zero)
								{
									Logging.Write(System.Windows.Media.Colors.Yellow, "[Profile]: Awaiting cooldown before attempting hearth!");
									await Coroutine.Wait(306000, () => dalaranHearth.CooldownTimeLeft == TimeSpan.Zero);
								}
								dalaranHearth.Interact();
								var currentLoc = StyxWoW.Me.ZoneId;
								await Coroutine.Wait(30000, () => StyxWoW.Me.ZoneId != currentLoc);
								await Coroutine.Sleep(1500);
							}
						}
					}
					async Task DoMission(int missionID, params int[] followerList)
					{

						foreach (int follower in followerList)
						{
							string luaString = $@"
								local missionID = {missionID};
								local followerID = {follower};
								local allFollowers = C_Garrison.GetFollowers();
								for i=1,#allFollowers do
									if (allFollowers[i].garrFollowerID == followerID)  then  
										C_Garrison.AddFollowerToMission(missionID, allFollowers[i].followerID);
										break;
									end
								end
							";
							Lua.DoString(luaString);
							await Coroutine.Sleep(750);
						}

						await Coroutine.Sleep(1000);
						Lua.DoString($"C_Garrison.StartMission({missionID});");

						await Coroutine.Sleep(2500);
						Lua.DoString("OrderHallMissionFrame.CloseButton:Click();");
					}

					bool MissionComplete(int missionID)
					{
						string luaString = $@"
							local missionNum = {missionID};
							local allMissions = C_Garrison.GetInProgressMissions(LE_FOLLOWER_TYPE_GARRISON_7_0);
							for i=1,#allMissions do
								if (allMissions[i].missionID == missionNum)  then  
									return allMissions[i].timeLeftSeconds
								end
							end
						";
						
						int timeLeft = Lua.GetReturnVal<int>(luaString, 0);

						if (timeLeft == 0)
							return true;
						else
							return false;
					}

					bool MissionInProgress(int missionID)
					{
						string luaString = $@"
							local missionNum = {missionID};
							local allMissions = C_Garrison.GetInProgressMissions(LE_FOLLOWER_TYPE_GARRISON_7_0);
							for i=1,#allMissions do
								if (allMissions[i].missionID == missionNum)  then  
									return allMissions[i].inProgress
								end
							end
						";
						return Lua.GetReturnVal<bool>(luaString, 0);
					}
				]]>
			</Code>
		<!-- END ClassHall RunCode Methods -->

		<!-- Introductory Class Hall Quests -->
			<PickUp QuestName="The Sixth" QuestId="40716" GiverName="Ritssyn Flamescowl" GiverId="103506" X="-840.6628" Y="4391.314" Z="737.7018" />
			<If Condition="HasQuest(40716) &amp;&amp; Me.ZoneId == 7502" >
				<Code File="InteractWith" MobId="103505" WaitForNpcs="false" X="-849.6238" Y="4390.526" Z="737.8734" />
			</If>
			<TurnIn QuestName="The Sixth" QuestId="40716" TurnInName="Ritssyn Flamescowl" TurnInId="101456" X="-842.4809" Y="4446.772" Z="696.0022" />

			<PickUp QuestName="The New Blood" QuestId="40729" GiverName="Ritssyn Flamescowl" GiverId="101456" X="-842.4809" Y="4446.772" Z="696.0022" />
			<While Condition="DoQuest(40729)" >
				<If Condition="Bots.DungeonBuddy.Helpers.ScenarioInfo.Current.CurrentStageNumber == 0" >
					<MoveTo X="-858.4168" Y="4455.454" Z="695.9582" />
					<Code File="WaitTimer" WaitTime="35000" />
					<Code File="InteractWith" MobId="101433" WaitForNpcs="false" Range="20" QuestId="40729" QuestObjectiveIndex="1" X="-868.9045" Y="4438.607" Z="696.6592" />
				</If>

				<If Condition="Bots.DungeonBuddy.Helpers.ScenarioInfo.Current.CurrentStageNumber == 1" >
					<Code File="WaitTimer" WaitTime="70000" TerminateWhen="Bots.DungeonBuddy.Helpers.ScenarioInfo.Current.CurrentStageNumber != 1" />
				</If>

				<If Condition="Bots.DungeonBuddy.Helpers.ScenarioInfo.Current.CurrentStageNumber == 2" >
					<While Condition="Unit(98836, u =&gt; !u.HasAura(204831) &amp;&amp; !u.Combat) != null" >
						<DisableBehavior Name="Combat" />
						<Code File="Misc\RunLua" Lua="ExtraActionButton1:Click();" />
						<Code File="WaitTimer" WaitTime="15000" />
					</While>
					<Code File="MyCTM" X="2966.855" Y="1130.815" Z="206.5542" />
					<EnableBEhavior Name="Combat" />
					<Code File="KillUntilComplete" MobId="98836" X="2971.992" Y="1127.061" Z="207.5549" TerminateWhen="Bots.DungeonBuddy.Helpers.ScenarioInfo.Current.CurrentStageNumber != 2" />
				</If>

				<If Condition="Bots.DungeonBuddy.Helpers.ScenarioInfo.Current.CurrentStageNumber == 3" >
					<If Condition="!IsScenarioCriteriaComplete(1)" >
						<MoveTo X="2990.252" Y="1147.525" Z="210.1053" />
						<Code File="WaitTimer" WaitTime="30000" /> <!-- Let Calydus aggro mobs away. -->
						<Code File="InteractWith" MobId="98775" X="2976.04" Y="1206.328" Z="224.319" TerminateWhen="IsScenarioCriteriaComplete(1)" />
					</If>

					<If Condition="!IsScenarioCriteriaComplete(2)" >
						<Code File="InteractWith" MobId="98793" X="2900.499" Y="1102.208" Z="223.3698" TerminateWhen="IsScenarioCriteriaComplete(2)" />
					</If>

					<If Condition="!IsScenarioCriteriaComplete(3)" >
						<Code File="InteractWith" MobId="98783" X="2966.064" Y="1066.908" Z="224.0368" TerminateWhen="IsScenarioCriteriaComplete(3)" />
						<Code File="WaitTimer" WaitTime="10000" TerminateWhen="Bots.DungeonBuddy.Helpers.ScenarioInfo.Current.CurrentStageNumber == 4" />
					</If>
				</If>

				<If Condition="Bots.DungeonBuddy.Helpers.ScenarioInfo.Current.CurrentStageNumber == 4" >
					<Code File="InteractWith" MobId="245234" WaitForNpcs="false" NumOfTimes="2" X="3033.727" Y="1091.871" Z="222.4498" TerminateWhen="Bots.DungeonBuddy.Helpers.ScenarioInfo.Current.CurrentStageNumber != 4" />
					<MoveTo X="3073.642" Y="1064.448" Z="240.2952" />
					<Code File="WaitTimer" WaitTime="25000" TerminateWhen="Bots.DungeonBuddy.Helpers.ScenarioInfo.Current.CurrentStageNumber != 4" />
				</If>

				<If Condition="Bots.DungeonBuddy.Helpers.ScenarioInfo.Current.CurrentStageNumber == 5" >
					<Code File="KillUntilComplete" MobId="99516" X="3095.802" Y="970.7292" Z="257.6465" TerminateWhen="Unit(99516, u =&gt; u.IsDead) != null ||  Unit(99516) == null" />
					<MoveTo X="3095.609" Y="969.7092" Z="257.7378" />
					<Code File="WaitTimer" WaitTime="20000" />
					<Code File="InteractWith" MobId="245924" InteractByLooting="true" X="3095.983" Y="963.5382" Z="257.3805" TerminateWhen="Bots.DungeonBuddy.Helpers.ScenarioInfo.Current.CurrentStageNumber != 5" />
				</If>

				<If Condition="Bots.DungeonBuddy.Helpers.ScenarioInfo.Current.CurrentStageNumber == 6" >
					<Code File="WaitTimer" WaitTime="35000" />
					<MoveTo X="3117.624" Y="1036.686" Z="243.763" />
					<MoveTo X="3133.677" Y="1001.943" Z="247.2111" />
					<MoveTo X="3160.34" Y="959.3181" Z="247.1508" />
					<MoveTo X="3130.772" Y="909.872" Z="247.6052" />
					<Code File="KillUntilComplete" MobId="98834" X="3089.86" Y="854.8242" Z="243.3767" TerminateWhen="Unit(98834, u =&gt; u.IsDead) != null" />
					<MoveTo X="3089.327" Y="838.8879" Z="243.8869" />
					<Code File="MyCTM" X="3086.196" Y="825.6235" Z="243.671" TerminateWhen="Me.ZoneId == 8392" /> <!-- 8392 Circle of Wills -->
					<Code File="WaitTimer" WaitTime="10000" QuestId="40729" />
				</If>
			</While>
			<TurnIn QuestName="The New Blood" QuestId="40729" TurnInName="Calydus" TurnInId="101097" X="-858.3073" Y="4456.332" Z="695.9575" />
		<!-- END Introductory Class Hall Quests -->

		<!-- First Artifact Quest -->
			<PickUp QuestName="The Tome of Blighted Implements" QuestId="40684" GiverName="Calydus" GiverId="101097" X="-858.3073" Y="4456.332" Z="695.9575" />
			<While Condition="DoQuest(40684)" >
				<Code File="Misc\RunLua" Lua="LoadAddOn(&quot;Blizzard_QuestChoice&quot;);" />
				<If Condition="!Lua.GetReturnVal&lt;bool&gt;(&quot;return QuestChoiceFrame:IsVisible()&quot;, 0)" >
					<Code File="InteractWith" MobId="101097" GossipOptions="1" QuestId="40684" X="-858.3073" Y="4456.332" Z="695.9575" />
				</If>

				<Code File="UserDialog" QuestId="40684" AllowBotStop="True" SoundCue="Exclamation" SoundCueInterval="150" ExpiryTime="300" ExpiryAction="InputEnabled_Continue" 
				Text="Choose an artifact weapon.\n\nIf you do not choose within 5minutes, the bot will pick the one appropriate for your current specialization." />
				
				<If Condition="!IsQuestCompleted(40684)" >
					<If Condition="Me.Specialization == WoWSpec.WarlockAffliction" >
						<Code File="Misc\RunLua" QuestId="40684" Lua="QuestChoiceFrameOption1.OptionButton:Click()" WaitTime="1000" />
					</If>
					<If Condition="Me.Specialization == WoWSpec.WarlockDemonology" >
						<Code File="Misc\RunLua" QuestId="40684" Lua="QuestChoiceFrameOption2.OptionButton:Click()" WaitTime="1000" />
					</If>
					<If Condition="Me.Specialization == WoWSpec.WarlockDestruction" >
						<Code File="Misc\RunLua" QuestId="40684" Lua="QuestChoiceFrameOption3.OptionButton:Click()" WaitTime="1000" />
					</If>
					<Code File="Misc\RunLua" QuestId="40684" Lua="StaticPopup1Button1:Click();" />
				</If>
			</While>
			<TurnIn QuestName="The Tome of Blighted Implements" QuestId="40684" TurnInName="Calydus" TurnInId="101097" X="-858.3073" Y="4456.332" Z="695.9575" />

			<If Condition="!IsQuestCompleted(40623) &amp;&amp; NeedsQuest(40731) &amp;&amp; Me.Specialization == WoWSpec.WarlockAffliction" > <!-- 40623 = Ulthalesh, the Deadwind Harvester finale -->
				<Code File="LoadProfile" ProfileName="../Artifact Quests/Warlock - Affliction - Ulthalesh, the Deadwind Harvester.xml" />
			</If>
			<If Condition="!IsQuestCompleted(42125) &amp;&amp; NeedsQuest(40731) &amp;&amp; Me.Specialization == WoWSpec.WarlockDemonology" > <!-- 42125 = Skull of the Man'ari finale -->
				<Code File="LoadProfile" ProfileName="../Artifact Quests/Warlock - Demonology - Skull of the Man'ari.xml" />
			</If>
			<If Condition="!IsQuestCompleted(43254) &amp;&amp; NeedsQuest(40731) &amp;&amp; Me.Specialization == WoWSpec.WarlockDestruction" > <!-- 43254 = Scepter of Sargeras finale -->
				<Code File="LoadProfile" ProfileName="../Artifact Quests/Warlock - Destruction - Scepter of Sargeras.xml" />
			</If>
		<!-- END First Artifact Quest -->

		<!-- Introductory Class Hall Quests -->
			<PickUp QuestName="The Heart of the Dreadscar" QuestId="40731" GiverName="Calydus" GiverId="101097" X="-858.3073" Y="4456.332" Z="695.9575" />
			<While Condition="DoQuest(40731)" >
				<If Condition="Me.MapId != 1522" >
					<MoveTo X="-867.2147" Y="4444.254" Z="696.6596" />
					<Code File="MyCTM" X="-874.9042" Y="4436.101" Z="696.6596" TerminateWhen="Me.MapId == 1522" /> <!-- TerminateWhen inside -->
				</If>

				<If Condition="Bots.DungeonBuddy.Helpers.ScenarioInfo.Current.CurrentStageNumber == 1" >
					<!-- NOTE: <AddAvoid> : Get out of Fel Firestorm -->
					<Code File="KillUntilComplete" MobId="101468" X="3095.152" Y="963.0746" Z="257.4638" TerminateWhen="Bots.DungeonBuddy.Helpers.ScenarioInfo.Current.CurrentStageNumber != 1" />
				</If>

				<If Condition="Bots.DungeonBuddy.Helpers.ScenarioInfo.Current.CurrentStageNumber == 2" >
					<Code File="InteractWith" MobId="101468" X="3095.13" Y="962.903" Z="257.7383" TerminateWhen="Bots.DungeonBuddy.Helpers.ScenarioInfo.Current.CurrentStageNumber != 2" />
					<Code File="WaitTimer" WaitTime="15000" TerminateWhen="Bots.DungeonBuddy.Helpers.ScenarioInfo.Current.CurrentStageNumber != 2" />
				</If>

				<If Condition="Bots.DungeonBuddy.Helpers.ScenarioInfo.Current.CurrentStageNumber == 3" >
					<MoveTo X="3115.054" Y="1110.766" Z="286.6478" />
					<Code File="MyCTM" X="3144.965" Y="1142.593" Z="288.9298" />
					<Code File="WaitTimer" WaitTime="1000" />
					<Code File="InteractWith" MobId="246148" IgnoreLoSToTarget="true" MovementBy="ClickToMoveOnly" Range="6" X="3148.451" Y="1146.177" Z="291.8969" TerminateWhen="Bots.DungeonBuddy.Helpers.ScenarioInfo.Current.CurrentStageNumber != 3" />
					<Code File="MyCTM" X="3115.378" Y="1111.142" Z="286.6543" />
					<Code File="WaitTimer" QuestId="40731" WaitTime="45000" />
				</If>
			</While>
			<TurnIn QuestName="The Heart of the Dreadscar" QuestId="40731" TurnInName="Calydus" TurnInId="101097" X="3121.295" Y="1106.274" Z="286.4948" />

			<PickUp QuestName="Power Overwhelming" QuestId="40821" GiverName="Calydus" GiverId="101097" X="3121.295" Y="1106.274" Z="286.4948" />
			<While Condition="DoQuest(40821)" >
				<!-- /dump GetMouseFocus():GetPowerID(); C_ArtifactUI.AddPower(powerId); -->
				<Code File="InteractWith" MobId="245004" NonCompeteDistance="0" WaitTime="2000" QuestId="40821" X="3129.542" Y="1128.942" Z="286.677" />
				<If Condition="HasItem(128942)" > <!-- Ulthalesh, the Deadwind Harvester -->
					<Code File="Misc\RunLua" Lua="C_ArtifactUI.AddPower(1353);" />
				</If>
				<If Condition="HasItem(128943)" > <!-- Skull of the Man'ari -->
					<Code File="Misc\RunLua" Lua="C_ArtifactUI.AddPower(1354);" />
				</If>
				<If Condition="HasItem(128941)" > <!-- Secpter of Sargeras -->
					<Code File="Misc\RunLua" Lua="C_ArtifactUI.AddPower(1355);" />
				</If>
			</While>
			<TurnIn QuestName="Power Overwhelming" QuestId="40821" TurnInName="Calydus" TurnInId="101097" X="3121.295" Y="1106.274" Z="286.4948" />

			<PickUp QuestName="Rebuilding the Council" QuestId="40823" GiverName="Calydus" GiverId="101097" X="3121.295" Y="1106.274" Z="286.4948" />
			<While Condition="DoQuest(40823)" >
				<Code File="InteractWith" MobId="101921" NonCompeteDistance="0" QuestId="40823" QuestObjectiveIndex="1" X="2992.059" Y="1148.891" Z="209.6857" />
			</While>
			<TurnIn QuestName="Rebuilding the Council" QuestId="40823" TurnInName="Ritssyn Flamescowl" TurnInId="101921" X="2984.213" Y="1157.557" Z="211.9093" />

			<PickUp QuestName="The Path of the Dreadscar" QuestId="40824" GiverName="Ritssyn Flamescowl" GiverId="101921" X="2984.213" Y="1157.557" Z="211.9093" />
			<While Condition="DoQuest(40824)" >
				<While Condition="DoQuest(40824)" >
					<Code File="InteractWith" MobId="101979" WaitTime="1500" NonCompeteDistance="0" QuestId="40824" X="3038.363" Y="887.6805" Z="247.2501" />
					<If Condition="Chance(25)" > <!-- Azsuna -->
						<Code File="Misc\RunLua" Lua="OrderHallMissionFrame.Tab3:Click(); C_AdventureMap.StartQuest(39718);" WaitTime="1500" />
						<Code File="Misc\RunLua" Lua="C_AdventureMap.Close();" WaitTime="1500" />

					<ElseIf Condition="Chance(25)" > <!-- Val'sharah -->
						<Code File="Misc\RunLua" Lua="OrderHallMissionFrame.Tab3:Click(); C_AdventureMap.StartQuest(39731);" WaitTime="1500" />
						<Code File="Misc\RunLua" Lua="C_AdventureMap.Close();" WaitTime="1500" />
					</ElseIf>
					<ElseIf Condition="Chance(25)" > <!-- Highmountain -->
						<Code File="Misc\RunLua" Lua="OrderHallMissionFrame.Tab3:Click(); C_AdventureMap.StartQuest(39733);" WaitTime="1500" />
						<Code File="Misc\RunLua" Lua="C_AdventureMap.Close();" WaitTime="1500" />
					</ElseIf>
					<Else> <!-- Stormheim -->
						<Code File="Misc\RunLua" Lua="OrderHallMissionFrame.Tab3:Click(); C_AdventureMap.StartQuest(39735); C_AdventureMap.StartQuest(39864);" WaitTime="1500" />
						<Code File="Misc\RunLua" Lua="C_AdventureMap.Close();" WaitTime="1500" />
					</Else>

					</If>
				</While>
			</While>
			<TurnIn QuestName="The Path of the Dreadscar" QuestId="40824" TurnInName="Ritssyn Flamescowl" TurnInId="101921" X="3037.014" Y="893.5" Z="247.5415" />

			<While Condition="DoQuest(39718)" >
				<MoveTo X="3088.475" Y="838.9525" Z="243.8864" />
				<Code File="MyCTM" X="3084.979" Y="819.9088" Z="243.6615" TerminateWhen="Me.ZoneId == 8392" />
				<Code File="WaitTimer" WaitTime="3000" />
				<Code File="LoadProfile" ProfileName="../Azsuna.xml" />		
			</While>

		<!-- END Introductory Class Hall Quests -->

		<!-- Determine Questing Status -->
			<Code File="RunCode"><![CDATA[
				if ((!IsQuestCompleted(40794) && Me.IsAlliance) || (!IsQuestCompleted(42244) && Me.IsHorde)) doAzsuna = true;
				if (!IsQuestCompleted(40890)) doValsharah = true;
				if (!IsQuestCompleted(39656)) doHighmountain = true;
				if ((!IsQuestCompleted(39122) && Me.IsAlliance) || (!IsQuestCompleted(38882) && Me.IsHorde)) doStormheim = true;

				if (doAzsuna && !NeedsQuest(39718)) currentZone = 1;
				else if (doValsharah && !NeedsQuest(39731)) currentZone = 2;
				else if (doHighmountain && !NeedsQuest(39733)) currentZone = 3;
				else if (doStormheim && ((Me.IsAlliance && !NeedsQuest(39735)) || (Me.IsHorde && !NeedsQuest(39864)))) currentZone = 4;
				else if (!doAzsuna && !doValsharah && !doHighmountain && !doStormheim) currentZone = 5;
				else currentZone = 0;
			]]>
			</Code>
			<!-- currentZone is checking if the player has started questing in a zone, but hasn't finished yet. -->
		<!-- END Determine Questing Status -->

		<!-- Tell the user what's good. -->
			<Code File="RunCode"><![CDATA[
					if (currentZone == 0)
						Logging.Write(System.Windows.Media.Colors.Yellow, $"[Profile]: Randomizing our next questing zone!");
					else if (currentZone == 1)
						Logging.Write(System.Windows.Media.Colors.Yellow, $"[Profile]: Continuing our questing in Azsuna.");
					else if (currentZone == 2)
						Logging.Write(System.Windows.Media.Colors.Yellow, $"[Profile]: Continuing our questing in Val'sharah.");
					else if (currentZone == 3)
						Logging.Write(System.Windows.Media.Colors.Yellow, $"[Profile]: Continuing our questing in Highmountain.");
					else if (currentZone == 4)
						Logging.Write(System.Windows.Media.Colors.Yellow, $"[Profile]: Continuing our questing in Stormheim.");
					else if (currentZone == 5)
						Logging.Write(System.Windows.Media.Colors.Yellow, $"[Profile]: All questing zones done!");
				]]>
			</Code>
		<!-- END Tell the user what's good. -->

		<!-- Randomize to a new zone -->
			<While Condition="currentZone == 0" >
				<!-- Azsuna -->
				<If Condition="doAzsuna &amp;&amp; Chance(10)" >
					<Code File="RunCode"><![CDATA[
						Logging.Write(System.Windows.Media.Colors.Yellow, $"[Profile]: Chose Aszuna as our next questing area.  You may stop->start the bot to have it randomize again!");
					]]>
					</Code>
					<If Condition="NeedsQuest(39718)" >
						<While Condition="!Me.HasAura(213170)" >
							<Code File="RunCode" Code="await DalaranHearth();" />
							<MoveTo X="-798.684" Y="4577.701" Z="700.5798" />
							<Code File="InteractWith" MobId="251302" Range="5" NonCompeteDistance="0" X="-795.9913" Y="4582.382" Z="700.575" />
						</While>
						<Code File="InteractWith" MobId="101979" NonCompeteDistance="0" WaitTime="1500" X="1335.118" Y="1344.29" Z="177.1373" />
						<Code File="Misc\RunLua" Lua="OrderHallMissionFrame.Tab3:Click(); C_AdventureMap.StartQuest(39718);" WaitTime="1500" />
						<Code File="Misc\RunLua" Lua="C_AdventureMap.Close();" WaitTime="1500" />
					</If>

					<If Condition="Me.HasAura(213170)" >
						<MoveTo X="3088.475" Y="838.9525" Z="243.8864" />
						<Code File="MyCTM" X="3084.979" Y="819.9088" Z="243.6615" TerminateWhen="Me.ZoneId == 8392" />
					</If>
					<Code File="LoadProfile" ProfileName="../Azsuna.xml" />
				</If>
				<!-- END Azsuna -->

				<!-- Val'sharah -->
				<If Condition="doValsharah &amp;&amp; Chance(10)" >
					<Code File="RunCode"><![CDATA[
						Logging.Write(System.Windows.Media.Colors.Yellow, $"[Profile]: Chose Val'sharah as our next questing area.  You may stop->start the bot to have it randomize again!");
					]]>
					</Code>
					<If Condition="NeedsQuest(39731)" >
						<While Condition="!Me.HasAura(213170)" >
							<Code File="RunCode" Code="await DalaranHearth();" />
							<MoveTo X="-798.684" Y="4577.701" Z="700.5798" />
							<Code File="InteractWith" MobId="251302" Range="5" NonCompeteDistance="0" X="-795.9913" Y="4582.382" Z="700.575" />
						</While>
						<Code File="InteractWith" MobId="101979" NonCompeteDistance="0" WaitTime="1500" X="1335.118" Y="1344.29" Z="177.1373" />
						<Code File="Misc\RunLua" Lua="OrderHallMissionFrame.Tab3:Click(); C_AdventureMap.StartQuest(39731);" WaitTime="1500" />
						<Code File="Misc\RunLua" Lua="C_AdventureMap.Close();" WaitTime="1500" />
					</If>

					<If Condition="Me.HasAura(213170)" >
						<MoveTo X="3088.475" Y="838.9525" Z="243.8864" />
						<Code File="MyCTM" X="3084.979" Y="819.9088" Z="243.6615" TerminateWhen="Me.ZoneId == 8392" />
					</If>
					<Code File="LoadProfile" ProfileName="../Val'sharah.xml" />
				</If>
				<!-- END Val'sharah -->

				<!-- Highmountain -->
				<If Condition="doHighmountain &amp;&amp; Chance(10)" >
					<Code File="RunCode"><![CDATA[
						Logging.Write(System.Windows.Media.Colors.Yellow, $"[Profile]: Chose Highmountain as our next questing area.  You may stop->start the bot to have it randomize again!");
					]]>
					</Code>
					<If Condition="NeedsQuest(39733)" >
						<While Condition="!Me.HasAura(213170)" >
							<Code File="RunCode" Code="await DalaranHearth();" />
							<MoveTo X="-798.684" Y="4577.701" Z="700.5798" />
							<Code File="InteractWith" MobId="251302" Range="5" NonCompeteDistance="0" X="-795.9913" Y="4582.382" Z="700.575" />
						</While>
						<Code File="InteractWith" MobId="101979" NonCompeteDistance="0" WaitTime="1500" X="1335.118" Y="1344.29" Z="177.1373" />
						<Code File="Misc\RunLua" Lua="OrderHallMissionFrame.Tab3:Click(); C_AdventureMap.StartQuest(39733);" WaitTime="1500" />
						<Code File="Misc\RunLua" Lua="C_AdventureMap.Close();" WaitTime="1500" />
					</If>

					<If Condition="Me.HasAura(213170)" >
						<MoveTo X="3088.475" Y="838.9525" Z="243.8864" />
						<Code File="MyCTM" X="3084.979" Y="819.9088" Z="243.6615" TerminateWhen="Me.ZoneId == 8392" />
					</If>
					<Code File="LoadProfile" ProfileName="../Highmountain.xml" />
				</If>
				<!-- END Highmountain -->

				<!-- Stormheim -->
				<If Condition="doStormheim &amp;&amp; Chance(10)" >
					<Code File="RunCode"><![CDATA[
						Logging.Write(System.Windows.Media.Colors.Yellow, $"[Profile]: Chose Stormheim as our next questing area.  You may stop->start the bot to have it randomize again!");
					]]>
					</Code>
					<If Condition="(Me.IsAlliance &amp;&amp; NeedsQuest(39735)) || (Me.IsHorde &amp;&amp; NeedsQuest(39864))" >
						<While Condition="!Me.HasAura(213170)" >
							<Code File="RunCode" Code="await DalaranHearth();" />
							<MoveTo X="-798.684" Y="4577.701" Z="700.5798" />
							<Code File="InteractWith" MobId="251302" Range="5" NonCompeteDistance="0" X="-795.9913" Y="4582.382" Z="700.575" />
						</While>
						<Code File="InteractWith" MobId="101979" NonCompeteDistance="0" WaitTime="1500" X="1335.118" Y="1344.29" Z="177.1373" />
						<Code File="Misc\RunLua" Lua="OrderHallMissionFrame.Tab3:Click(); C_AdventureMap.StartQuest(39735); C_AdventureMap.StartQuest(39864);" WaitTime="1500" />
						<Code File="Misc\RunLua" Lua="C_AdventureMap.Close();" WaitTime="1500" />
					</If>

					<If Condition="Me.HasAura(213170)" >
						<MoveTo X="3088.475" Y="838.9525" Z="243.8864" />
						<Code File="MyCTM" X="3084.979" Y="819.9088" Z="243.6615" TerminateWhen="Me.ZoneId == 8392" />
					</If>
					<Code File="LoadProfile" ProfileName="../Stormheim.xml" />
				</If>
				<!-- END Stormheim -->
			</While>
		<!-- END Randomize to a new zone -->

		<!-- Load into existing zone -->
			<!-- Azsuna -->
			<If Condition="currentZone == 1" > 
				<If Condition="Me.HasAura(213170)" >
					<MoveTo X="3088.475" Y="838.9525" Z="243.8864" />
					<Code File="MyCTM" X="3084.979" Y="819.9088" Z="243.6615" TerminateWhen="Me.ZoneId == 8392" />
				</If>
				<Code File="LoadProfile" ProfileName="../Azsuna.xml" />
			</If>
			<!-- END Azsuna -->

			<!-- Val'sharah -->
			<If Condition="currentZone == 2" > 
				<If Condition="Me.HasAura(213170)" >
					<MoveTo X="3088.475" Y="838.9525" Z="243.8864" />
					<Code File="MyCTM" X="3084.979" Y="819.9088" Z="243.6615" TerminateWhen="Me.ZoneId == 8392" />
				</If>
				<Code File="LoadProfile" ProfileName="../Val'sharah.xml" />
			</If>
			<!-- END Val'sharah -->

			<!-- Highmountain -->
			<If Condition="currentZone == 3" >
				<If Condition="Me.HasAura(213170)" >
					<MoveTo X="3088.475" Y="838.9525" Z="243.8864" />
					<Code File="MyCTM" X="3084.979" Y="819.9088" Z="243.6615" TerminateWhen="Me.ZoneId == 8392" />
				</If>
				<Code File="LoadProfile" ProfileName="../Highmountain.xml" />
			</If>
			<!-- END Highmountain -->

			<!-- Stormheim -->
			<If Condition="currentZone == 4" > 
				<If Condition="Me.HasAura(213170)" >
					<MoveTo X="3088.475" Y="838.9525" Z="243.8864" />
					<Code File="MyCTM" X="3084.979" Y="819.9088" Z="243.6615" TerminateWhen="Me.ZoneId == 8392" />
				</If>
				<Code File="LoadProfile" ProfileName="../Stormheim.xml" />
			</If>
			<!-- END Stormheim -->
		<!-- END Load into existing zone -->
	</QuestOrder>
</HBProfile>