<HBProfile xsi:noNamespaceSchemaLocation="../../Schemas/EchoQuestingSchema.xsd" xmlns:xsi="http://www.w3.org/2001/XMLSchema-instance">
	<!-- Original contribution by EchoTiger -->
	<Name>The Jade Forest ($ShortHash$)</Name>

	<DefaultNavType>Fly</DefaultNavType>

	<MinDurability>0.3</MinDurability>
	<MinFreeBagSlots>3</MinFreeBagSlots>

	<SellGrey>true</SellGrey>
	<SellWhite>true</SellWhite>
	<SellGreen>true</SellGreen>
	<SellBlue>true</SellBlue>
	<SellPurple>false</SellPurple>

	<MailGrey>false</MailGrey>
	<MailWhite>true</MailWhite>
	<MailGreen>true</MailGreen>
	<MailBlue>true</MailBlue>
	<MailPurple>true</MailPurple>

	<TargetElites>true</TargetElites>

	<AvoidMobs>
	</AvoidMobs>

	<Mailboxes>
	</Mailboxes>

	<Vendors>
	</Vendors>

	<Blackspots>
	</Blackspots>

	<Blacklist>
	</Blacklist>

	<QuestOrder IgnoreCheckpoints="false" >
		<!-- Check function status -->
		<Code File="RunCode" Type="Definition">
			<![CDATA[
			private static bool? profileFunctionsEnabled => (bool?)AppDomain.CurrentDomain.GetData("QuestingProfiles_FunctionsEnabled");
			private static bool IsStoreProfile(string path) => path.StartsWith("store://");
			private static string Slashify(string path) => IsStoreProfile(path) ? path.Replace(@"\", "/") : path.Replace("/", @"\");

			public __CompiledBatchClass__()
			{
				ActivateFunctions();
			}

			private static void ActivateFunctions()
			{
				if (profileFunctionsEnabled == null || profileFunctionsEnabled == false)
				{
					Bots.Professionbuddy.PBLog.Log(Colors.MediumPurple, "[Profile Message!]: ", Colors.Yellow, "Please stand by as the functions are being activated!");
					LoadProfile(@"..\..\Functions\Activate Functions.xml");
				}
			}

			private static void LoadProfile(string path)
			{
				var profile = GetNewPath(path);
				if (!IsStoreProfile(profile) && !File.Exists(profile))
				{
					Bots.Professionbuddy.PBLog.Log(Colors.MediumPurple, "[Profile Message!]: ", Colors.Yellow, "Profile does not exist.\n" + profile);
					return;
				}

				Bots.Professionbuddy.PBLog.Log(Colors.MediumPurple, "[Profile Message!]: ", Colors.Yellow, "Loading: " + profile);
				ProfileManager.LoadNew(profile, false);
			}

			private static string GetNewPath(string path)
			{
				if (IsStoreProfile(path))
					return Slashify(path);

				var currentProfile = ProfileManager.XmlLocation;
				if (IsStoreProfile(currentProfile))
					return Slashify(currentProfile + "/../" + path);

				var absolutePath = Path.Combine(Path.GetDirectoryName(currentProfile), path);
				absolutePath = Path.GetFullPath(absolutePath);
				var canonicalPath = new Uri(absolutePath).LocalPath;
				return Slashify(canonicalPath);
			}]]>
		</Code>
		<Code File="RunCode" Code="ActivateFunctions();" />
		<!-- END Check function status -->

		<If Condition="Me.IsHorde" >
			<Code File="LoadProfile" ProfileName="..\..\Questing Autoloader.xml" />
		</If>
		<!-- RunCode Methods -->
			<!--<Code File="RunCode">
			<![CDATA[
				Bots.Professionbuddy.PBLog.Log(System.Windows.Media.Colors.MediumPurple, "> [Profile Initialization Status] ", System.Windows.Media.Colors.CornflowerBlue, "\n     Auto-Looting	:: Enabled\n     Looting	:: Enabled\n     Game Addons	:: Disabled");
				Lua.DoString("SetCVar('AutoLootDefault', 1);");
				CharacterSettings.Instance.LootMobs = true;
				CharacterSettings.Instance.Save();
				Lua.DoString("for i=1,GetNumAddOns() do local relo=false if IsAddOnLoaded(i) then relo=true DisableAddOn(i) end if relo then relo=nil ReloadUI() end end");
				await Coroutine.Sleep(1500);
				Logging.Write(System.Windows.Media.Colors.MediumPurple, "> [Ready to bot!]");
			]]>
			</Code> -->
			<Code File="RunCode" Type="Definition">
				<![CDATA[
						bool DoQuest(params uint[] questIds)
						{
							foreach (var questId in questIds)
							{
								if (HasQuest(questId) && !IsQuestCompleted(questId)) return true;
							}
							return false;
						}
						bool NeedsQuest(params uint[] questIds)
						{
							foreach (var questId in questIds)
							{
								if (!HasQuest(questId) && !IsQuestCompleted(questId)) return true;
							}
							return false;
						}
						bool NeedsBreadcrumbQuest(params uint[] questIds)
						{
							foreach (var questId in questIds)
							{
								if (IsQuestCompleted(questId)) return false;
							}
							return true;
						}
						bool QuestDone(params uint[] questIds)
						{
							foreach (var questId in questIds)
							{
								if (HasQuest(questId) && IsQuestCompleted(questId)) return true;
							}
							return false;
						}
						bool QuestFlaggedCompleted(params uint[] questIds)
						{
							foreach (var questId in questIds)
							{
								return Lua.GetReturnVal<bool>($"return IsQuestFlaggedCompleted({questId});", 0);
							}
							return false;
						}
						async Task SkipCutscene(int preWait = 3000, int postWait = 3000)
						{
					// Add detection of cutscene here.
							await Coroutine.Sleep(preWait);
					// Test and improve the working method.
							Lua.DoString("MovieFrame:StopMovie(); CinematicFrame_CancelCinematic(); StopCinematic();");
							await Coroutine.Sleep(postWait);
						}
					]]>
			</Code>
		<!-- END RunCode Methods -->


		<If Condition="!IsQuestCompleted(29547)" >
			<MoveTo X="-8343.938" Y="638.8381" Z="95.79823" />
			<PickUp QuestName="The King&apos;s Command" QuestId="29547" GiverName="Hero&apos;s Call Board" GiverId="206294" X="-8343.938" Y="638.8381" Z="95.79823" />
			<MoveTo X="-8430.006" Y="317.114" Z="145.4116" />
			<Code File="RunCode" Code="await SkipCutscene(5000);" />
			<TurnIn QuestName="The King&apos;s Command" QuestId="29547" TurnInName="Rell Nightwind" TurnInId="55789" X="-8456.718" Y="350.4409" Z="135.679" />
		</If>

		<PickUp QuestName="The Mission" QuestId="29548" GiverName="Rell Nightwind" GiverId="55789" X="-8456.718" Y="350.4409" Z="135.679" />
		<If Condition="HasQuest(29548)" >
			<Code File="InteractWith" MobId="66292" GossipOptions="1" NonCompeteDistance="0" PreInteractMountStrategy="Dismount" WaitTimer="5000" InteractBlacklistTimeInSeconds="1" QuestId="29548" QuestObjectiveIndex="1" X="-7879.937" Y="1277.3" Z="358.4789" />
			<Code File="RunCode" Code="await SkipCutscene();" />
		</If>
		<TurnIn QuestName="The Mission" QuestId="29548" TurnInName="Sky Admiral Rogers" TurnInId="66292" X="-667.89" Y="-1482.25" Z="130.1994" />

		<PickUp QuestName="Unleash Hell" QuestId="31732" GiverName="Sky Admiral Rogers" GiverId="66292" X="-667.89" Y="-1482.25" Z="130.1994" />
		<While Condition="DoQuest(31732)" >
			<Code File="InteractWith" MobId="66297" NonCompeteDistance="0" PreInteractMountStrategy="Dismount" QuestId="31732" X="-657.4125" Y="-1480.928" Z="130.2027" TerminateWhen="Me.InVehicle" />
			<Code File="Vehicles\CannonControl" QuestId="31732" MobId1="66398" MobId2="66397" MobId3="66400" MobId4="66401" Buttons="1,2" VehicleId="66297" X="-657.4125" Y="-1480.928" Z="130.2027" TerminateWhen="!Me.InVehicle" />
		</While>
		<TurnIn QuestName="Unleash Hell" QuestId="31732" TurnInName="Sky Admiral Rogers" TurnInId="66292" X="-666.9543" Y="-1482.456" Z="130.2" />

		<PickUp QuestName="Touching Ground" QuestId="31733" GiverName="Sky Admiral Rogers" GiverId="66292" X="-666.9543" Y="-1482.456" Z="130.2" />
		<While Condition="DoQuest(31733)" >
			<Code File="InteractWith" MobId="215682" NonCompeteDistance="0" PreInteractMountStrategy="Dismount" WaitTime="33000" X="-666.774" Y="-1498.125" Z="130.7884" />
		</While>
		<TurnIn QuestName="Touching Ground" QuestId="31733" TurnInName="Sully &quot;The Pickle&quot; McLeary" TurnInId="54616" X="-569.7764" Y="-1590.416" Z="14.24471" />

		<PickUp QuestName="No Plan Survives Contact with the Enemy" QuestId="30069" GiverName="Sully &quot;The Pickle&quot; McLeary" GiverId="54616" X="-569.7764" Y="-1590.416" Z="14.24471" />
		<PickUp QuestName="Welcome Wagons" QuestId="31734" GiverName="Sully &quot;The Pickle&quot; McLeary" GiverId="54616" X="-569.7764" Y="-1590.416" Z="14.24471" />

		<Code File="InteractWith" MobId="66339" Range="20" CollectionDistance="200" InteractByUsingItemId="89612" PreInteractMountStrategy="Dismount" QuestId="31734" QuestObjectiveIndex="1" >
			<HuntingGrounds>
				<Hotspot X="-677.3637" Y="-1691.444" Z="16.28119" />
				<Hotspot X="-724.5491" Y="-1605.101" Z="24.91994" />
				<Hotspot X="-671.4104" Y="-1542.172" Z="4.427984" />
			</HuntingGrounds>
		</Code>

		<Code File="KillUntilComplete" QuestId="30069" >
			<HuntingGrounds>
				<Hotspot X="-677.3637" Y="-1691.444" Z="16.28119" />
				<Hotspot X="-724.5491" Y="-1605.101" Z="24.91994" />
				<Hotspot X="-671.4104" Y="-1542.172" Z="4.427984" />
			</HuntingGrounds>
			<PursuitList>
				<PursueUnit Id="66282" PursueWhen="!IsObjectiveComplete(1, 30069)" />
				<PursueUnit Id="66290" PursueWhen="!IsObjectiveComplete(2, 30069)" />
			</PursuitList>
		</Code>

		<TurnIn QuestName="No Plan Survives Contact with the Enemy" QuestId="30069" TurnInName="Rell Nightwind" TurnInId="54617" X="-770.8553" Y="-1699.853" Z="10.37333" />
		<TurnIn QuestName="Welcome Wagons" QuestId="31734" TurnInName="Rell Nightwind" TurnInId="54617" X="-770.8553" Y="-1699.853" Z="10.37333" />
		<RecheckCheckpoints />

		<PickUp QuestName="The Right Tool For The Job" QuestId="31735" GiverName="Rell Nightwind" GiverId="54617" X="-770.8553" Y="-1699.853" Z="10.37333" />
		<While Condition="DoQuest(31735)" >
			<Code File="InteractWith" MobId="66383" Range="20" NonCompeteDistance="0" IgnoreLoSToTarget="true" InteractByUsingItemId="89624" PreInteractMountStrategy="Dismount" InteractBlacklistTimeInSeconds="1" QuestId="31735" QuestObjectiveIndex="1" X="-779.1159" Y="-1729.315" Z="9.336226" />
			<Code File="InteractWith" MobId="66384" Range="20" NonCompeteDistance="0" IgnoreLoSToTarget="true" InteractByUsingItemId="89624" PreInteractMountStrategy="Dismount" InteractBlacklistTimeInSeconds="1" QuestId="31735" QuestObjectiveIndex="2" X="-805.6039" Y="-1756.629" Z="9.45637" />
			<MoveTo QuestId="31735" X="-834.5325" Y="-1785.83" Z="6.102868" />
		</While>
		<If Condition="QuestDone(31735)" >
			<TurnIn QuestName="The Right Tool For The Job" QuestId="31735" TurnInName="Rell Nightwind" TurnInId="54617" X="-831.8724" Y="-1791.485" Z="5.391637" />
			<Code File="RunCode" Code="await SkipCutscene();" />
		</If>

		<PickUp QuestName="Envoy of the Alliance" QuestId="31736" GiverName="Rell Nightwind" GiverId="54617" X="-832.1766" Y="-1792.397" Z="5.293136" />
		<PickUp QuestName="The Cost of War" QuestId="31737" GiverName="Rell Nightwind" GiverId="54617" X="-832.1766" Y="-1792.397" Z="5.293136" />

		<Code File="KillUntilComplete" QuestId="31737" >
			<HuntingGrounds>
				<Hotspot X="-677.3637" Y="-1691.444" Z="16.28119" />
				<Hotspot X="-724.5491" Y="-1605.101" Z="24.91994" />
				<Hotspot X="-671.4104" Y="-1542.172" Z="4.427984" />
			</HuntingGrounds>
			<PursuitList>
				<PursueUnit Id="66423" PursueWhen="!IsObjectiveComplete(1, 31737)" />
				<PursueUnit Id="66424" PursueWhen="!IsObjectiveComplete(2, 31737)" />
			</PursuitList>
		</Code>

		<TurnIn QuestName="The Cost of War" QuestId="31737" TurnInName="Taran Zhu" TurnInId="66296" X="-294.7704" Y="-1773.347" Z="61.59309" />
		<TurnIn QuestName="Envoy of the Alliance" QuestId="31736" TurnInName="Sunke Khang" TurnInId="65910" X="-292.3914" Y="-1774.813" Z="61.59309" />
		<RecheckCheckpoints />
		<PickUp QuestName="Pillaging Peons" QuestId="31738" GiverName="Sunke Khang" GiverId="65910" X="-292.3914" Y="-1774.813" Z="61.59309" />
		<PickUp QuestName="Priorities!" QuestId="31739" GiverName="Teng Applebloom" GiverId="64596" X="-290.6125" Y="-1772.419" Z="61.59309" />
		<PickUp QuestName="Critical Condition" QuestId="29552" GiverName="Mishka" GiverId="54614" X="-285.1445" Y="-1768.39" Z="61.59284" />

		<While Condition="DoQuest(29552, 31739)" >
			<Code File="InteractWith" Range="3" CollectionDistance="200" InteractByLooting="true" PreInteractMountStrategy="Dismount" NumOfTimes="24" TerminateWhen="!DoQuest(29552, 31739)" >
				<HuntingGrounds>
					<Hotspot X="-402.2032" Y="-1407.538" Z="2.8199" />
					<Hotspot X="-515.3063" Y="-1422.86" Z="2.789374" />
					<Hotspot X="-435.4021" Y="-1520.044" Z="25.85771" />
				</HuntingGrounds>
				<PursuitList>
					<PursueUnit Id="61492" PursueWhen="DoQuest(29552) &amp;&amp; (UNIT.HasAura(130851) || UNIT.HasAura(130854) || UNIT.HasAura(130855))" />
					<PursueGameObject Id="215133" PursueWhen="DoQuest(31739)" />
				</PursuitList>
			</Code>
		</While>

		<Code File="KillUntilComplete" MobIds="54627, 59979" QuestId="31738" >
			<HuntingGrounds>
				<Hotspot X="-453.2521" Y="-1467.416" Z="24.25684" />
				<Hotspot X="-387.7325" Y="-1582.057" Z="34.56345" />
				<Hotspot X="-543.0384" Y="-1443.094" Z="4.148774" />
				<Hotspot X="-437.0565" Y="-1405.451" Z="3.907009" />
			</HuntingGrounds>
		</Code>

		<TurnIn QuestName="Priorities!" QuestId="31739" TurnInName="Lin Applebloom" TurnInId="66199" X="-539.7352" Y="-1313.436" Z="3.646092" />

		<PickUp QuestName="Koukou&apos;s Rampage" QuestId="31740" GiverName="Lin Applebloom" GiverId="66199" X="-539.7352" Y="-1313.436" Z="3.646092" />
		<Code File="KillUntilComplete" MobId="66213" QuestId="31740" X="-530.3652" Y="-1305.265" Z="2.580844" />

		<TurnIn QuestName="Critical Condition" QuestId="29552" TurnInName="Mishka" TurnInId="54614" X="-285.4222" Y="-1766.805" Z="61.593" />
		<TurnIn QuestName="Pillaging Peons" QuestId="31738" TurnInName="Sunke Khang" TurnInId="65910" X="-292.2351" Y="-1773.493" Z="61.593" />
		<TurnIn QuestName="Koukou&apos;s Rampage" QuestId="31740" TurnInName="Sunke Khang" TurnInId="65910" X="-292.2351" Y="-1773.493" Z="61.593" />
		<RecheckCheckpoints />
		<PickUp QuestName="Twinspire Keep" QuestId="31741" GiverName="Sunke Khang" GiverId="65910" X="-292.2351" Y="-1773.493" Z="61.593" />
		<PickUp QuestName="Unfair Trade" QuestId="31744" GiverName="Sunke Khang" GiverId="65910" X="-292.2351" Y="-1773.493" Z="61.593" />
		<PickUp QuestName="Fractured Forces" QuestId="31742" GiverName="Rell Nightwind" GiverId="54617" X="-292.2351" Y="-1773.493" Z="61.593" />
		<PickUp QuestName="Smoke Before Fire" QuestId="31743" GiverName="Rell Nightwind" GiverId="54617" X="-292.2351" Y="-1773.493" Z="61.593" />

		<Code File="InteractWith" MobId="44775" InteractByUsingItemId="89602" IgnoreLoSToTarget="true" NonCompeteDistance="0" PreInteractMountStrategy="Dismount" InteractBlacklistTimeInSeconds="1" QuestId="31743" QuestObjectiveIndex="4" X="-140.5123" Y="-1558.735" Z="72.84028" />

		<Code File="KillUntilComplete" MobId="66367" QuestId="31744" X="-163.7065" Y="-1532.736" Z="72.84028" />

		<Code File="InteractWith" MobId="41200" Range="20" InteractByUsingItemId="89602" IgnoreLoSToTarget="true" NonCompeteDistance="0" PreInteractMountStrategy="Dismount" InteractBlacklistTimeInSeconds="1" QuestId="31743" QuestObjectiveIndex="1" X="-172.166" Y="-1402.256" Z="72.58114" />
		<Code File="InteractWith" MobId="66277" Range="20" InteractByUsingItemId="89602" IgnoreLoSToTarget="true" NonCompeteDistance="0" PreInteractMountStrategy="Dismount" InteractBlacklistTimeInSeconds="1" QuestId="31743" QuestObjectiveIndex="3" X="-157.3925" Y="-1362.392" Z="72.58111" />
		<Code File="InteractWith" MobId="66279" Range="20" InteractByUsingItemId="89602" IgnoreLoSToTarget="true" NonCompeteDistance="0" PreInteractMountStrategy="Dismount" InteractBlacklistTimeInSeconds="1" QuestId="31743" QuestObjectiveIndex="2" X="-127.5168" Y="-1442.899" Z="83.37253" />

		<Code File="KillUntilComplete" MobIds="66268, 66270, 66272" QuestId="31741" >
			<HuntingGrounds>
				<Hotspot X="-94.18616" Y="-1446.361" Z="128.1226" />
				<Hotspot X="-159.7556" Y="-1397.176" Z="72.58007" />
				<Hotspot X="-164.3362" Y="-1477.752" Z="73.94718" />
			</HuntingGrounds>
		</Code>

		<Code File="KillUntilComplete" MobId="66275" QuestId="31742" QuestObjectiveIndex="2" X="-88.70026" Y="-1470.348" Z="128.1364" />
		<Code File="KillUntilComplete" MobId="66274" QuestId="31742" QuestObjectiveIndex="1" X="-90.69614" Y="-1411.75" Z="128.1368" />

		<TurnIn QuestName="Twinspire Keep" QuestId="31741" TurnInName="Sully &quot;The Pickle&quot; McLeary" TurnInId="54616" X="-55.36666" Y="-1439.879" Z="138.5014" />
		<TurnIn QuestName="Unfair Trade" QuestId="31744" TurnInName="Sully &quot;The Pickle&quot; McLeary" TurnInId="54616" X="-55.36666" Y="-1439.879" Z="138.5014" />
		<TurnIn QuestName="Fractured Forces" QuestId="31742" TurnInName="Sully &quot;The Pickle&quot; McLeary" TurnInId="54616" X="-55.36666" Y="-1439.879" Z="138.5014" />
		<TurnIn QuestName="Smoke Before Fire" QuestId="31743" TurnInName="Sully &quot;The Pickle&quot; McLeary" TurnInId="54616" X="-55.36666" Y="-1439.879" Z="138.5014" />
		<RecheckCheckpoints />

		<PickUp QuestName="The Fall of Ga&apos;trul" QuestId="30070" GiverName="Sully &quot;The Pickle&quot; McLeary" GiverId="54616" X="-55.36666" Y="-1439.879" Z="138.5014" />
		<Code File="KillUntilComplete" MobId="66276" QuestId="30070" X="24.54213" Y="-1443.129" Z="140.8309" />
		<TurnIn QuestName="The Fall of Ga&apos;trul" QuestId="30070" TurnInName="Rell Nightwind" TurnInId="66581" X="-23.61087" Y="-1442.73" Z="138.1378" />

		<PickUp QuestName="Onward and Inward" QuestId="31745" GiverName="Rell Nightwind" GiverId="66581" X="-29.38091" Y="-1442.755" Z="138.5015" /> <!-- Alt ID 54617 -->
		<While Condition="DoQuest(31745)" >
			<Code File="InteractWith" MobId="67067" NonCompeteDistance="0" PreInteractMountStrategy="Dismount" InteractBlacklistTimeInSeconds="1" QuestId="31745" X="-55.95542" Y="-1444.431" Z="138.5015" />
			<Code File="WaitTimer" WaitTime="30000" />
		</While>
		<TurnIn QuestName="Onward and Inward" QuestId="31745" TurnInName="Sky Admiral Rogers" TurnInId="66292" X="-460.2814" Y="-1898.839" Z="53.40439" />

		<PickUp QuestName="The White Pawn" QuestId="29555" GiverName="Sky Admiral Rogers" GiverId="66292" X="-460.2814" Y="-1898.839" Z="53.40439" />
		<PickUp QuestName="Hozen Aren&apos;t Your Friends, Hozen Are Your Enemies" QuestId="29556" GiverName="Sky Admiral Rogers" GiverId="66292" X="-460.2814" Y="-1898.839" Z="53.40439" />

		<Code File="InteractWith" MobIds="55155, 55167, 55168" NonCompeteDistance="0" PreInteractMountStrategy="Dismount" QuestId="29555" QuestObjectiveIndex="1" X="-554.4058" Y="-2040.571" Z="1.958779" /> <!-- 55174 -->

		<While Condition="DoQuest(29555)" >
			<Code File="RunCode" Type="Definition" Code="WoWUnit monkeyPoi => Unit(66148);" />
			<Code File="Hooks\DoWhen" ActivityName="RemoveBlacklist" AllowUseDuringCombat="true" UseWhen="monkeyPoi != null &amp;&amp; Blacklist.Contains(monkeyPoi, BlacklistFlags.Pull)" >
				<Code File="RunCode" Code="Blacklist.Clear(x => x.Entry == 66148);" />
			</Code>
			<Code File="KillUntilComplete" MobId="66148" QuestId="29555" QuestObjectiveIndex="2" X="-575.7263" Y="-2053.732" Z="-7.209136" />
			<Code File="Hooks\DoWhen" ActivityName="RemoveBlacklist" Command="Remove" />
		</While>

		<Code File="KillUntilComplete" MobIds="57119, 66153" QuestId="29556" >
			<HuntingGrounds>
				<Hotspot X="-495.8085" Y="-2068.186" Z="3.38657" />
				<Hotspot X="-531.2166" Y="-1992.764" Z="2.770529" />
			</HuntingGrounds>
		</Code>

		<TurnIn QuestName="The White Pawn" QuestId="29555" TurnInName="Nodd Codejack" TurnInId="54615" X="-453.9338" Y="-2070.649" Z="28.55236" />
		<TurnIn QuestName="Hozen Aren&apos;t Your Friends, Hozen Are Your Enemies" QuestId="29556" TurnInName="Nodd Codejack" TurnInId="54615" X="-453.9338" Y="-2070.649" Z="28.55236" />
		<PickUp QuestName="The Missing Admiral" QuestId="29553" GiverName="Nodd Codejack" GiverId="54615" X="-453.9338" Y="-2070.649" Z="28.55236" />
		<TurnIn QuestName="The Missing Admiral" QuestId="29553" TurnInName="Admiral Taylor" TurnInId="59022" X="-189.8936" Y="-2330.94" Z="35.83012" />
		<RecheckCheckpoints />
		<PickUp QuestName="The Path of War" QuestId="29558" GiverName="Bold Karasshi" GiverId="55196" X="-183.8965" Y="-2328.878" Z="35.8253" />
		<PickUp QuestName="Freeing Our Brothers" QuestId="29559" GiverName="Bold Karasshi" GiverId="55196" X="-183.8965" Y="-2328.878" Z="35.8253" />
		<PickUp QuestName="Ancient Power" QuestId="29560" GiverName="Bold Karasshi" GiverId="55196" X="-183.8965" Y="-2328.878" Z="35.8253" />

		<Code File="InteractWith" MobId="209595" CollectionDistance="200" NonCompeteDistance="0" PreInteractMountStrategy="Dismount" QuestId="29560" QuestObjectiveIndex="1" >
			<HuntingGrounds>
				<Hotspot X="-179.2027" Y="-2312.944" Z="34.74657" />
				<Hotspot X="-66.25224" Y="-2319.816" Z="33.98275" />
			</HuntingGrounds>
		</Code>

		<While Condition="DoQuest(29559)" >
			<Code File="KillUntilComplete" MobIds="56278, 56280, 61562" QuestId="29559" TerminateWhen="GetItemCount(74260) &gt;= 6" >
				<HuntingGrounds>
					<Hotspot X="-179.2027" Y="-2312.944" Z="34.74657" />
					<Hotspot X="-66.25224" Y="-2319.816" Z="33.98275" />
				</HuntingGrounds>
			</Code>
			<Code File="InteractWith" MobId="209586" CollectionDistance="200" QuestId="29559" QuestObjectiveIndex="1" TerminateWhen="!HasItem(74260)" >
				<HuntingGrounds>
					<Hotspot X="-179.2027" Y="-2312.944" Z="34.74657" />
					<Hotspot X="-66.25224" Y="-2319.816" Z="33.98275" />
				</HuntingGrounds>
			</Code>
		</While>

		<Code File="KillUntilComplete" MobId="61562" QuestId="29558" >
			<HuntingGrounds>
				<Hotspot X="-179.2027" Y="-2312.944" Z="34.74657" />
				<Hotspot X="-66.25224" Y="-2319.816" Z="33.98275" />
			</HuntingGrounds>
		</Code>

		<TurnIn QuestName="The Path of War" QuestId="29558" TurnInName="Bold Karasshi" TurnInId="55196" X="-185.3875" Y="-2328.186" Z="35.7781" />
		<TurnIn QuestName="Freeing Our Brothers" QuestId="29559" TurnInName="Bold Karasshi" TurnInId="55196" X="-185.3875" Y="-2328.186" Z="35.7781" />
		<TurnIn QuestName="Ancient Power" QuestId="29560" TurnInName="Bold Karasshi" TurnInId="55196" X="-185.3875" Y="-2328.186" Z="35.7781" />
		<RecheckCheckpoints />

		<PickUp QuestName="Kung Din" QuestId="29759" GiverName="Bold Karasshi" GiverId="55196" X="-185.3875" Y="-2328.186" Z="35.7781" />
		<Code File="KillUntilComplete" MobId="59037" QuestId="29759" X="-72.47532" Y="-2371.897" Z="27.99068" /> <!-- Fight for your life is 116504.  I don't think handling of this is needed though -->
		<TurnIn QuestName="Kung Din" QuestId="29759" TurnInName="Bold Karasshi" TurnInId="55196" X="-186.8043" Y="-2327.511" Z="35.6993" />

		<PickUp QuestName="Jailbreak" QuestId="29562" GiverName="Bold Karasshi" GiverId="55196" X="-186.8043" Y="-2327.511" Z="35.6993" />
		<Code File="KillUntilComplete" MobId="55195" QuestId="29562" X="-157.6419" Y="-2435.796" Z="21.034" />
		<TurnIn QuestName="Jailbreak" QuestId="29562" TurnInName="Bold Karasshi" TurnInId="56222" X="-150.6253" Y="-2662.961" Z="1.251566" />

		<PickUp QuestName="The Pearlfin Situation" QuestId="29883" GiverName="Rell Nightwind" GiverId="66949" X="-158.9341" Y="-2663.486" Z="1.182247" />
		<PickUp QuestName="Road Rations" QuestId="29885" GiverName="Rell Nightwind" GiverId="66949" X="-158.9341" Y="-2663.486" Z="1.182247" />

		<Code File="InteractWith" MobId="59058" GossipOptions="1" NonCompeteDistance="0" PreInteractMountStrategy="Dismount" InteractBlacklistTimeInSeconds="1" QuestId="29883" QuestObjectiveIndex="1" X="-127.3713" Y="-2653.06" Z="1.313571" />
		<Code File="InteractWith" MobId="54960" GossipOptions="1" NonCompeteDistance="0" PreInteractMountStrategy="Dismount" InteractBlacklistTimeInSeconds="1" QuestId="29883" QuestObjectiveIndex="4" X="-99.17269" Y="-2604.09" Z="15.97739" />
		<Code File="InteractWith" MobId="56693" GossipOptions="2" NonCompeteDistance="0" PreInteractMountStrategy="Dismount" InteractBlacklistTimeInSeconds="1" QuestId="29883" QuestObjectiveIndex="2" X="-255.131" Y="-2728.637" Z="-0.3026404" />
		<Code File="InteractWith" MobId="56690" GossipOptions="1" NonCompeteDistance="0" PreInteractMountStrategy="Dismount" InteractBlacklistTimeInSeconds="1" QuestId="29883" QuestObjectiveIndex="3" X="-285.392" Y="-2656.965" Z="1.09761" />

		<Code File="KillUntilComplete" MobId="59084" QuestId="29885" >
			<HuntingGrounds>
				<Hotspot X="-223.277" Y="-2555.727" Z="-1.559718" />
				<Hotspot X="-329.2285" Y="-2625.432" Z="-1.799288" />
			</HuntingGrounds>
		</Code>

		<TurnIn QuestName="The Pearlfin Situation" QuestId="29883" TurnInName="Rell Nightwind" TurnInId="66949" X="-157.3173" Y="-2659.516" Z="1.063922" />
		<TurnIn QuestName="Road Rations" QuestId="29885" TurnInName="Rell Nightwind" TurnInId="66949" X="-157.3173" Y="-2659.516" Z="1.063922" />
		<PickUp QuestName="Family Heirlooms" QuestId="29762" GiverName="Bold Karasshi" GiverId="56366" X="-152.0061" Y="-2664.397" Z="1.237719" />
		<PickUp QuestName="The Elder&apos;s Instruments" QuestId="29887" GiverName="Pearlkeeper Fujin" GiverId="59058" X="-129.4282" Y="-2652.433" Z="1.204906" />

		<Code File="InteractWith" MobId="56233" CollectionDistance="200" InteractByLooting="true" PreInteractMountStrategy="Dismount" QuestId="29762" QuestObjectiveIndex="1" >
			<HuntingGrounds>
				<Hotspot X="-356.3875" Y="-2963.863" Z="9.604898" />
				<Hotspot X="-395.1178" Y="-3084.438" Z="34.04483" />
				<Hotspot X="-415.32" Y="-3246.021" Z="31.23161" />
			</HuntingGrounds>
		</Code>

		<Code File="KillUntilComplete" MobId="55110" QuestId="29887" >
			<HuntingGrounds>
				<Hotspot X="-356.3875" Y="-2963.863" Z="9.604898" />
				<Hotspot X="-395.1178" Y="-3084.438" Z="34.04483" />
				<Hotspot X="-415.32" Y="-3246.021" Z="31.23161" />
			</HuntingGrounds>
		</Code>

		<TurnIn QuestName="Family Heirlooms" QuestId="29762" TurnInName="Bold Karasshi" TurnInId="56222" X="-151.2791" Y="-2663.335" Z="1.224899" />
		<TurnIn QuestName="The Elder&apos;s Instruments" QuestId="29887" TurnInName="Pearlkeeper Fujin" TurnInId="59058" X="-130.3638" Y="-2654.083" Z="1.18132" />
		<RecheckCheckpoints />

		<PickUp QuestName="Spirits of the Water" QuestId="29894" GiverName="Pearlkeeper Fujin" GiverId="59058" X="-130.3638" Y="-2654.083" Z="1.18132" />
		<While Condition="DoQuest(29894)" >
			<Code File="InteractWith" MobId="54960" GossipOptions="1" NonCompeteDistance="0" PreInteractMountStrategy="Dismount" QuestId="29894" QuestObjectiveIndex="1" X="-198.3307" Y="-2635.735" Z="0.03298487" />
			<Code File="WaitTimer" WaitTime="45000" QuestId="29894" QuestObjectiveIndex="2" />
		</While>
		<TurnIn QuestName="Spirits of the Water" QuestId="29894" TurnInName="Bold Karasshi" TurnInId="56222" X="-151.3247" Y="-2663.691" Z="1.244913" />

		<PickUp QuestName="SI:7 Report: Lost in the Woods" QuestId="29733" GiverName="Rell Nightwind" GiverId="55333" X="274.425" Y="-2009.81" Z="69.6661" />
		<While Condition="DoQuest(29733)" >
			<If Condition="!Me.InVehicle" >
				<Code File="WaitTimer" WaitTime="2500" /> <!-- Prevent potential issues -->
				<Code File="InteractWith" MobId="55333" GossipOptions="1" NonCompeteDistance="0" PreInteractMountStrategy="Dismount" QuestId="29733" X="-157.856" Y="-2663.33" Z="1.14898" TerminateWhen="Me.InVehicle" />
			</If>
			<DisableBehavior Name="All" />
			<Code File="WaitTimer" WaitTime="31000" />
			<Code File="InteractWith" MobId="55343" GossipOptions="1" NonCompeteDistance="0" PreInteractMountStrategy="Dismount" InteractBlacklistTimeInSeconds="1" WaitTime="20000" QuestId="29733" QuestObjectiveIndex="1" X="354.7155" Y="-2030.51" Z="58.1923" TerminateWhen="Unit(55344) != null || Unit(55454) != null" />
			<Code File="RunCode">
				<![CDATA[
					while (DoQuest(29733) && Me.InVehicle)
					{
						WoWUnit hozenPoi = ObjectManager.GetObjectsOfType<WoWUnit>().FirstOrDefault(x => (x.Entry == 55344 || x.Entry == 55454) && x.IsAlive);

						if (hozenPoi != null && hozenPoi.IsValid && hozenPoi.IsAlive)
						{
							hozenPoi.Target();
							Me.SetFacing(hozenPoi.Location);
							Lua.DoString("CastPetAction(3)");
							Lua.DoString("CastPetAction(2)");
							Lua.DoString("CastPetAction(1)");
						}

						await Coroutine.Sleep(1100);
						await Coroutine.Yield();
					}
				]]>
			</Code>
			<Code File="EjectVeh" />
			<EnableBehavior Name="All" />
		</While>
		<TurnIn QuestName="SI:7 Report: Lost in the Woods" QuestId="29733" TurnInName="Rell Nightwind" TurnInId="55333" X="-157.856" Y="-2663.33" Z="1.14898" />

		<PickUp QuestName="SI:7 Report: Fire From the Sky" QuestId="29725" GiverName="Sully &quot;The Pickle&quot; McLeary" GiverId="55282" X="717.102" Y="-2111.16" Z="64.7809" />
		<While Condition="DoQuest(29725)" >
			<If Condition="!Me.InVehicle" >
				<Code File="WaitTimer" WaitTime="2500" /> <!-- Prevent potential issues -->
				<Code File="InteractWith" MobId="55282" GossipOptions="1" NonCompeteDistance="0" PreInteractMountStrategy="Dismount" QuestId="29725" X="-157.856" Y="-2663.33" Z="1.14898" TerminateWhen="Me.InVehicle" />
			</If>
			<DisableBehavior Name="All" />
			<Code File="Hooks\DoWhen" ActivityName="KillTiger" LogExecution="false" AllowUseDuringCombat="true" AllowUseInVehicle="true" UseWhen="Unit(55550, u =&gt; u.IsAlive) != null" >
				<Code File="RunCode"><![CDATA[
					var tigerPoi = Unit(55550, u => u.IsAlive);

					while (tigerPoi != null && tigerPoi.IsValid && tigerPoi.IsAlive)
					{
						tigerPoi.Target();
						Lua.DoString("OverrideActionBarButton1:Click();");
						await Coroutine.Sleep(2500);
					}
				]]>
				</Code>
			</Code>
			<Code File="WaitTimer" WaitTime="40000" />

			<While Condition="Me.InVehicle &amp;&amp; !IsObjectiveComplete(1, 29725)" >
				<MoveTo X="716.3391" Y="-2090.078" Z="67.26476" />
				<MoveTo X="754.3676" Y="-2065.328" Z="61.23263" />
			</While>
			<If Condition="Me.InVehicle &amp;&amp; !IsObjectiveComplete(2, 29725)" >
				<MoveTo X="962.353" Y="-1959.976" Z="67.76358" />			
			</If>
			<If Condition="Me.InVehicle &amp;&amp; !IsObjectiveComplete(3, 29725)" >
				<MoveTo X="777.6425" Y="-1789.076" Z="56.52419" />
				<Code File="WaitTimer" QuestId="29725" QuestObjectiveIndex="3" WaitTime="35000" />
			</If>
			<If Condition="Me.InVehicle &amp;&amp; !IsObjectiveComplete(4, 29725)" >
				<MoveTo X="717.1549" Y="-2102.047" Z="66.09456" />
				<Code File="MyCTM" X="717.1549" Y="-2102.047" Z="66.09456" /> <!-- Precision -->
				<Code File="RunCode"><![CDATA[
						var hozenPoi = Unit(55589, u => u.Distance < 4);

							if (hozenPoi != null)
							{
								hozenPoi.Target();
								Lua.DoString("OverrideActionBarButton1:Click();");
								await Coroutine.Sleep(2500);
							}

					]]>
				</Code>
				<Code File="WaitTimer" WaitTime="6000" QuestId="29725" />
			</If>
			<Code File="EjectVeh" />
			<Code File="Hooks\DoWhen" ActivityName="KillTiger" Command="Remove" />
			<EnableBehavior Name="All" />
		</While>
		<TurnIn QuestName="SI:7 Report: Fire From the Sky" QuestId="29725" TurnInName="Sully &quot;The Pickle&quot; McLeary" TurnInId="55282" X="-152.5818" Y="-2655.729" Z="0.5819139" />

		<PickUp QuestName="SI:7 Report: Hostile Natives" QuestId="29726" GiverName="Little Lu" GiverId="55284" X="1517.21" Y="-1215" Z="238.093" />
		<While Condition="DoQuest(29726)" >
			<If Condition="!Me.InVehicle" >
				<Code File="WaitTimer" WaitTime="2500" /> <!-- Prevent potential issues -->
				<Code File="InteractWith" MobId="55284" GossipOptions="1" NonCompeteDistance="0" PreInteractMountStrategy="Dismount" QuestId="29726" X="1442.523" Y="-546.1885" Z="353.2393" TerminateWhen="Me.InVehicle" />
			</If>
			<DisableBehavior Name="All" />
			<Code File="InteractWith" MobId="209615" Range="2" NonCompeteDistance="0" PreInteractMountStrategy="Dismount" InteractBlacklistTimeInSeconds="1" QuestId="29726" QuestObjectiveIndex="1" X="1540.574" Y="-1219.053" Z="240.8409" TerminateWhen="!Me.InVehicle" />
			<Code File="InteractWith" MobId="55378" Range="2" NonCompeteDistance="0" PreInteractMountStrategy="Dismount" InteractBlacklistTimeInSeconds="1" QuestId="29726" QuestObjectiveIndex="2" X="1510.872" Y="-1263.911" Z="244.297" TerminateWhen="!Me.InVehicle" />
			<Code File="InteractWith" MobId="55380" Range="2" NonCompeteDistance="0" PreInteractMountStrategy="Dismount" InteractBlacklistTimeInSeconds="1" QuestId="29726" QuestObjectiveIndex="3" X="1493.935" Y="-1266.566" Z="244.5932" TerminateWhen="!Me.InVehicle" />
			<Code File="InteractWith" MobId="55381" GossipOptions="1" Range="2" NonCompeteDistance="0" PreInteractMountStrategy="Dismount" InteractBlacklistTimeInSeconds="1" QuestId="29726" QuestObjectiveIndex="4" X="1501.816" Y="-1284.843" Z="248.1781" TerminateWhen="!Me.InVehicle" />
			<Code File="EjectVeh" />
			<EnableBehavior Name="All" />
		</While>
		<TurnIn QuestName="SI:7 Report: Hostile Natives" QuestId="29726" TurnInName="Little Lu" TurnInId="55284" X="-159.6861" Y="-2669.217" Z="1.3959" />
		<RecheckCheckpoints />

		<PickUp QuestName="SI:7 Report: Take No Prisoners" QuestId="29727" GiverName="Amber Kearnen" GiverId="55283" X="1133.93" Y="-599.199" Z="397.124" />
		<While Condition="DoQuest(29727)" >
			<If Condition="!Me.InVehicle" >
				<Code File="WaitTimer" WaitTime="2500" /> <!-- Prevent potential issues -->
				<Code File="InteractWith" MobId="55283" GossipOptions="1" NonCompeteDistance="0" PreInteractMountStrategy="Dismount" QuestId="29727" X="1133.93" Y="-599.199" Z="397.124" TerminateWhen="Me.InVehicle" />
			</If>
			<DisableBehavior Name="All" />
			<Code File="InteractWith" MobId="209621" NonCompeteDistance="0" PreInteractMountStrategy="Dismount" InteractBlacklistTimeInSeconds="1" QuestId="29727" QuestObjectiveIndex="1" X="1116.719" Y="-545.9802" Z="413.4467" TerminateWhen="Unit(55485) != null ||Unit(55411) != null || Unit(55484) != null || Unit(55410) != null || Unit(55473) != null" /> <!-- Unit(55791) != null ||  --> <!-- x.Entry == 55791 -->
			<Code File="WaitTimer" WaitTime="15000" /> <!-- So we don't bug the quest out.. -->
			<Code File="RunCode">
				<![CDATA[
					while (DoQuest(29727) && Me.InVehicle)
					{
						WoWUnit hozenPoi = ObjectManager.GetObjectsOfType<WoWUnit>().FirstOrDefault(x => (x.Entry == 55485 || x.Entry == 55411 || x.Entry == 55484 || x.Entry == 55410 || x.Entry == 55473) && x.IsAlive);

						if (hozenPoi != null && hozenPoi.IsValid && hozenPoi.IsAlive)
							hozenPoi.Interact();

						await Coroutine.Sleep(750);
						await Coroutine.Yield();
					}
				]]>
			</Code>
			<Code File="EjectVeh" />
			<EnableBehavior Name="All" />
		</While>
		<TurnIn QuestName="SI:7 Report: Take No Prisoners" QuestId="29727" TurnInName="Amber Kearnen" TurnInId="55283" X="-157.856" Y="-2663.33" Z="1.14898" />
		<RecheckCheckpoints />

		<PickUp QuestName="A Perfect Match" QuestId="29903" GiverName="Admiral Taylor" GiverId="60970" X="-151.3174" Y="-2657.015" Z="0.6357027" />
		<PickUp QuestName="Seek Out the Lorewalker" QuestId="29888" GiverName="Bold Karasshi" GiverId="56222" X="-150.7029" Y="-2663.808" Z="1.300029" />

		<While Condition="DoQuest(29903)" >
			<Code File="InteractWith" MobId="56585" InteractByGossipOptions="2" CollectionDistance="1000" QuestId="29903" WaitForNpcs="false" X="-283.5978" Y="-2684.298" Z="0.09210362" />
			<Code File="InteractWith" MobId="56591" InteractByGossipOptions="3" CollectionDistance="1000" QuestId="29903" WaitForNpcs="false" X="-283.5978" Y="-2684.298" Z="0.09210362" />
			<Code File="InteractWith" MobId="56592" InteractByGossipOptions="4" CollectionDistance="1000" QuestId="29903" WaitForNpcs="false" X="-283.5978" Y="-2684.298" Z="0.09210362" />
		</While>

		<TurnIn QuestName="A Perfect Match" QuestId="29903" TurnInName="Admiral Taylor" TurnInId="60970" X="-153.9513" Y="-2656.377" Z="0.7080539" />

		<PickUp QuestName="Bigger Fish to Fry" QuestId="29904" GiverName="Admiral Taylor" GiverId="60970" X="-153.9513" Y="-2656.377" Z="0.7080539" />
		<Code File="KillUntilComplete" MobIds="56654, 56650, 56655, 56683" QuestId="29904" >
			<HuntingGrounds>
				<Hotspot X="-8.56951" Y="-2758.179" Z="9.030749" />
				<Hotspot X="-36.4904" Y="-2894.667" Z="23.7944" />
				<Hotspot X="125.6998" Y="-2719.031" Z="45.9931" />
			</HuntingGrounds>
		</Code>
		<TurnIn QuestName="Bigger Fish to Fry" QuestId="29904" TurnInName="Admiral Taylor" TurnInId="60970" X="-149.4088" Y="-2658.045" Z="0.7448454" />

		<PickUp QuestName="Let Them Burn" QuestId="29905" GiverName="Admiral Taylor" GiverId="60970" X="-149.4088" Y="-2658.045" Z="0.7448454" />
		<PickUp QuestName="Carp Diem" QuestId="29906" GiverName="Admiral Taylor" GiverId="60970" X="-149.4088" Y="-2658.045" Z="0.7448454" />

		<Code File="KillUntilComplete" MobId="54868" QuestId="29906" X="-84.77854" Y="-2350.761" Z="31.79689" />

		<Code File="KillUntilComplete" MobIds="55461, 61760" QuestId="29905" >
			<HuntingGrounds>
				<Hotspot X="-131.5026" Y="-2314.428" Z="31.46441" />
				<Hotspot X="-220.0606" Y="-2308.732" Z="37.69084" />
				<Hotspot X="-83.45921" Y="-2210.68" Z="42.06953" />
				<Hotspot X="-60.8512" Y="-2337.348" Z="33.41391" />
			</HuntingGrounds>
		</Code>

		<TurnIn QuestName="Let Them Burn" QuestId="29905" TurnInName="Elder Lusshan" TurnInId="54960" X="-142.7313" Y="-2656.543" Z="1.490295" />
		<TurnIn QuestName="Carp Diem" QuestId="29906" TurnInName="Elder Lusshan" TurnInId="54960" X="-142.7313" Y="-2656.543" Z="1.490295" />
		<TurnIn QuestName="Seek Out the Lorewalker" QuestId="29888" TurnInName="Mouthwatering Brew" TurnInId="209845" X="-605.3795" Y="-2300.91" Z="21.71978" />
		<RecheckCheckpoints />

		<PickUp QuestName="Borrowed Brew" QuestId="29889" GiverName="Mouthwatering Brew" GiverId="209845" X="-606.0134" Y="-2301.012" Z="21.72071" />
		<While Condition="DoQuest(29889)" >
			<Code File="InteractWith" MobId="209847" NonCompeteDistance="0" PreInteractMountStrategy="Dismount" WaitTime="10000" InteractBlacklistTimeInSeconds="1" QuestId="29889" X="-604.574" Y="-2299.599" Z="21.72078" />
			<Code File="RunCode" Code="await SkipCutscene();" />
		</While>
		<TurnIn QuestName="Borrowed Brew" QuestId="29889" TurnInName="Lorewalker Cho" TurnInId="54961" X="-603.115" Y="-2299.2" Z="21.709" />

		<PickUp QuestName="A Visit with Lorewalker Cho" QuestId="31130" GiverName="Lorewalker Cho" GiverId="54961" X="-603.115" Y="-2299.2" Z="21.709" />
		<Code File="InteractWith" MobId="211659" NonCompeteDistance="0" PreInteractMountStrategy="Dismount" InteractBlacklistTimeInSeconds="1" QuestId="31130" QuestObjectiveIndex="1" X="-581.7099" Y="-2301.459" Z="18.65719" />
		<Code File="InteractWith" MobId="211661" GossipOptions="3" NonCompeteDistance="0" PreInteractMountStrategy="Dismount" InteractBlacklistTimeInSeconds="1" QuestId="31130" QuestObjectiveIndex="2" X="-568.4106" Y="-2323.325" Z="18.45939" />
		<Code File="InteractWith" MobId="213191" NonCompeteDistance="0" PreInteractMountStrategy="Dismount" InteractBlacklistTimeInSeconds="1" QuestId="31130" QuestObjectiveIndex="3" X="-599.4616" Y="-2318.224" Z="18.51087" />
		<TurnIn QuestName="A Visit with Lorewalker Cho" QuestId="31130" TurnInName="Lorewalker Cho" TurnInId="61218" X="-595.4259" Y="-2318.069" Z="18.53071" />

		<PickUp QuestName="Potency" QuestId="29891" GiverName="Lorewalker Cho" GiverId="61218" X="-595.4259" Y="-2318.069" Z="18.53071" />
		<PickUp QuestName="Body" QuestId="29892" GiverName="Lorewalker Cho" GiverId="61218" X="-595.4259" Y="-2318.069" Z="18.53071" />
		<PickUp QuestName="Hue" QuestId="29893" GiverName="Lorewalker Cho" GiverId="61218" X="-595.4259" Y="-2318.069" Z="18.53071" />


		<Code File="InteractWith" MobId="54559" MobState="Dead" CollectionDistance="200" InteractByUsingItemId="76128" NonCompeteDistance="0" PreInteractMountStrategy="Dismount" QuestId="29893" QuestObjectiveIndex="1" >
			<HuntingGrounds>
				<Hotspot X="-574.2291" Y="-2479.519" Z="3.019791" />
				<Hotspot X="-570.8905" Y="-2629.258" Z="0.9120187" />
				<Hotspot X="-485.1259" Y="-2676.121" Z="2.034681" />
				<Hotspot X="-508.5019" Y="-2779.554" Z="-0.5296227" />
				<Hotspot X="-464.4099" Y="-2896.876" Z="4.551591" />
			</HuntingGrounds>
		</Code>

		<Code File="KillUntilComplete" TerminateWhen="!DoQuest(29891, 29892)" >
			<HuntingGrounds>
				<Hotspot X="-574.2291" Y="-2479.519" Z="3.019791" />
				<Hotspot X="-570.8905" Y="-2629.258" Z="0.9120187" />
				<Hotspot X="-485.1259" Y="-2676.121" Z="2.034681" />
				<Hotspot X="-508.5019" Y="-2779.554" Z="-0.5296227" />
				<Hotspot X="-464.4099" Y="-2896.876" Z="4.551591" />
			</HuntingGrounds>
			<PursuitList>
				<PursueUnit Id="56304" PursueWhen="DoQuest(29891)" />
				<PursueUnit Id="56310" PursueWhen="DoQuest(29891)" />
				<PursueUnit Id="54558" PursueWhen="DoQuest(29892)" />
			</PursuitList>
		</Code>

		<TurnIn QuestName="Potency" QuestId="29891" TurnInName="Lorewalker Cho" TurnInId="56287" X="-569.2312" Y="-2305.111" Z="18.45971" />
		<TurnIn QuestName="Body" QuestId="29892" TurnInName="Lorewalker Cho" TurnInId="56287" X="-569.2312" Y="-2305.111" Z="18.45971" />
		<TurnIn QuestName="Hue" QuestId="29893" TurnInName="Lorewalker Cho" TurnInId="56287" X="-569.2312" Y="-2305.111" Z="18.45971" />
		<RecheckCheckpoints />

		<PickUp QuestName="Finding Your Center" QuestId="29890" GiverName="Lorewalker Cho" GiverId="56287" X="-569.2312" Y="-2305.111" Z="18.45971" />
		<While Condition="DoQuest(29890)" >
			<Code File="InteractWith" MobId="213754" NonCompeteDistance="0" PreInteractMountStrategy="Dismount" InteractBlacklistTimeInSeconds="1" QuestId="29890" X="-629.3536" Y="-2362.886" Z="22.86625" TerminateWhen="Me.InVehicle" />
			<Code File="RunCode">
				<![CDATA[
					await Coroutine.Sleep(4000);
					while (DoQuest(29890) && Me.InVehicle)
					{
						if (Lua.GetReturnVal<int>("return UnitPower('player', ALTERNATE_POWER_INDEX)", 0) > 60)
							Lua.DoString("CastPetAction(1);");
						if (Lua.GetReturnVal<int>("return UnitPower('player', ALTERNATE_POWER_INDEX)", 0) < 40)
							Lua.DoString("CastPetAction(2);");
						await Coroutine.Yield();
					}
				]]>
			</Code>
			<Code File="EjectVeh" />
			<Code File="RunCode" Code="await SkipCutscene();" />
		</While>
		<TurnIn QuestName="Finding Your Center" QuestId="29890" TurnInName="Anduin Wrynn" TurnInId="56434" X="-39.94527" Y="-3149.02" Z="86.16255" />

		<PickUp QuestName="Sacred Waters" QuestId="29898" GiverName="Anduin Wrynn" GiverId="56434" X="-39.94527" Y="-3149.02" Z="86.16255" />
		<PickUp QuestName="Rest in Peace" QuestId="29899" GiverName="Ren Whitepaw" GiverId="56432" X="-40.34685" Y="-3154.399" Z="86.16255" />
		<PickUp QuestName="An Ancient Legend" QuestId="29900" GiverName="Lina Whitepaw" GiverId="56433" X="-43.56393" Y="-3152.86" Z="86.16255" />

		<Code File="InteractWith" MobId="209885" NonCompeteDistance="0" PreInteractMountStrategy="Dismount" InteractBlacklistTimeInSeconds="1" QuestId="29898" QuestObjectiveIndex="1" X="-168.7143" Y="-3211.417" Z="52.5008" />
		<Code File="InteractWith" MobId="209888" NonCompeteDistance="0" PreInteractMountStrategy="Dismount" InteractBlacklistTimeInSeconds="1" QuestId="29898" QuestObjectiveIndex="2" X="-149.4445" Y="-3246.644" Z="65.40749" />
		<Code File="InteractWith" MobId="209889" NonCompeteDistance="0" PreInteractMountStrategy="Dismount" InteractBlacklistTimeInSeconds="1" QuestId="29898" QuestObjectiveIndex="3" X="-156.1748" Y="-3296.945" Z="73.7143" />

		<Code File="KillUntilComplete" MobId="56441" QuestId="29900" QuestObjectiveIndex="1" X="-92.68049" Y="-3212.429" Z="81.31774" />
		<Code File="InteractWith" MobId="209582" NonCompeteDistance="0" InteractByLooting="true" PreInteractMountStrategy="Dismount" InteractBlacklistTimeInSeconds="1" QuestId="29900" QuestObjectiveIndex="2" X="-94.7506" Y="-3194.312" Z="81.19477" />

		<Code File="InteractWith" MobId="209890" NonCompeteDistance="0" PreInteractMountStrategy="Dismount" InteractBlacklistTimeInSeconds="1" QuestId="29898" QuestObjectiveIndex="4" X="-73.95957" Y="-3188.75" Z="80.17511" />

		<Code File="KillUntilComplete" MobId="56444" QuestId="29899" >
			<HuntingGrounds>
				<Hotspot X="-176.3765" Y="-3205.868" Z="51.23944" />
				<Hotspot X="-144.1826" Y="-3150.035" Z="44.93843" />
				<Hotspot X="-179.6154" Y="-3089.345" Z="35.90861" />
			</HuntingGrounds>
		</Code>

		<TurnIn QuestName="Sacred Waters" QuestId="29898" TurnInName="Lina Whitepaw" TurnInId="56433" X="-42.69551" Y="-3152.541" Z="86.16254" />
		<TurnIn QuestName="Rest in Peace" QuestId="29899" TurnInName="Ren Whitepaw" TurnInId="56432" X="-41.00088" Y="-3155.364" Z="86.16254" />
		<TurnIn QuestName="An Ancient Legend" QuestId="29900" TurnInName="Ren Whitepaw" TurnInId="56432" X="-41.00088" Y="-3155.364" Z="86.16254" />
		<RecheckCheckpoints />

		<PickUp QuestName="Anduin&apos;s Decision" QuestId="29901" GiverName="Anduin Wrynn" GiverId="56434" X="-41.00088" Y="-3155.364" Z="86.16254" />
		<Code File="InteractWith" MobId="56434" GossipOptions="1" NonCompeteDistance="0" PreInteractMountStrategy="Dismount" InteractBlacklistTimeInSeconds="1" QuestId="29901" QuestObjectiveIndex="1" X="-40.1264" Y="-3150.271" Z="86.16254" />
		<TurnIn QuestName="Anduin&apos;s Decision" QuestId="29901" TurnInName="Admiral Taylor" TurnInId="60970" X="-152.7301" Y="-2656.641" Z="0.6541178" />

		<PickUp QuestName="In Search of Wisdom" QuestId="29922" GiverName="Elder Lusshan" GiverId="54960" X="-141.565" Y="-2659.443" Z="1.710552" />
		<Code File="InteractWith" MobId="56737" GossipOptions="2" NonCompeteDistance="0" PreInteractMountStrategy="Dismount" InteractBlacklistTimeInSeconds="1" QuestId="29922" QuestObjectiveIndex="1" X="-183.3624" Y="-2597.989" Z="0.2729472" />
		<TurnIn QuestName="In Search of Wisdom" QuestId="29922" TurnInName="Lorewalker Cho" TurnInId="63577" X="1505.178" Y="-1819.835" Z="246.1826" />

		<PickUp QuestName="Welcome to Dawn&apos;s Blossom" QuestId="31230" GiverName="Toya" GiverId="56348" X="1505.904" Y="-1840.258" Z="246.2001" />
		<Code File="InteractWith" MobId="59173" NonCompeteDistance="0" PreInteractMountStrategy="Dismount" InteractBlacklistTimeInSeconds="1" QuestId="31230" QuestObjectiveIndex="3" X="1510.669" Y="-1835.2" Z="246.2001" />
		<Code File="InteractWith" MobId="59160" NonCompeteDistance="0" PreInteractMountStrategy="Dismount" InteractBlacklistTimeInSeconds="1" QuestId="31230" QuestObjectiveIndex="1" X="1579.828" Y="-1930.587" Z="267.6078" />
		<Code File="InteractWith" MobId="55809" NonCompeteDistance="0" PreInteractMountStrategy="Dismount" InteractBlacklistTimeInSeconds="1" QuestId="31230" QuestObjectiveIndex="2" X="1616.349" Y="-1745.288" Z="263.1201" />

		<Code File="SetHearthstone" AreaId="6071" MobId="55809" X="1616.349" Y="-1745.288" Z="263.1201" />

		<TurnIn QuestName="Welcome to Dawn&apos;s Blossom" QuestId="31230" TurnInName="Toya" TurnInId="56348" X="1507.295" Y="-1839.943" Z="246.199" />
		<PickUp QuestName="The Double Hozen Dare" QuestId="29716" GiverName="An Windfur" GiverId="55234" X="1505.703" Y="-1808.507" Z="246.1493" />
		<PickUp QuestName="The Silkwood Road" QuestId="29865" GiverName="Tzu the Ironbelly" GiverId="56062" X="1520.919" Y="-1794.125" Z="246.1873" />
		<PickUp QuestName="The Threads that Stick" QuestId="29866" GiverName="Lo Wanderbrew" GiverId="59178" X="1540.767" Y="-1802.322" Z="246.2004" />

		<Code File="InteractWith" MobIds="209826, 209833, 209951" CollectionDistance="200" InteractByLooting="true" PreInteractMountStrategy="Dismount" QuestId="29866" QuestObjectiveIndex="1" >
			<HuntingGrounds>
				<Hotspot X="1411.442" Y="-1719.541" Z="221.7638" />
				<Hotspot X="1366.198" Y="-1570.37" Z="256.8474" />
				<Hotspot X="1275.188" Y="-1503.97" Z="247.7016" />
			</HuntingGrounds>
		</Code>

		<Code File="KillUntilComplete" MobId="56070" QuestId="29865" >
			<HuntingGrounds>
				<Hotspot X="1411.442" Y="-1719.541" Z="221.7638" />
				<Hotspot X="1366.198" Y="-1570.37" Z="256.8474" />
				<Hotspot X="1275.188" Y="-1503.97" Z="247.7016" />
			</HuntingGrounds>
		</Code>

		<PickUp QuestName="Down Kitty!" QuestId="29717" GiverName="An Windfur" GiverId="55274" X="1410.593" Y="-1343.292" Z="241.4864" />

		<Code File="InteractWith" MobId="55267" GossipOptions="1" CollectionDistance="200" QuestId="29716" QuestObjectiveIndex="1" >
			<HuntingGrounds>
				<Hotspot X="1451.897" Y="-1312.834" Z="244.5976" />
				<Hotspot X="1425.467" Y="-1200.383" Z="223.3818" />
				<Hotspot X="1546.894" Y="-1139.366" Z="248.5048" />
			</HuntingGrounds>
		</Code>

		<Code File="KillUntilComplete" MobId="55236" QuestId="29717" >
			<HuntingGrounds>
				<Hotspot X="1451.897" Y="-1312.834" Z="244.5976" />
				<Hotspot X="1425.467" Y="-1200.383" Z="223.3818" />
				<Hotspot X="1546.894" Y="-1139.366" Z="248.5048" />
			</HuntingGrounds>
		</Code>

		<TurnIn QuestName="The Double Hozen Dare" QuestId="29716" TurnInName="An Windfur" TurnInId="55274" X="1644.555" Y="-1273.258" Z="242.7596" />
		<TurnIn QuestName="Down Kitty!" QuestId="29717" TurnInName="An Windfur" TurnInId="55274" X="1644.555" Y="-1273.258" Z="242.7596" />

		<PickUp QuestName="The Jade Witch" QuestId="29723" GiverName="An Windfur" GiverId="55274" X="1644.555" Y="-1273.258" Z="242.7596" />
		<While Condition="DoQuest(29723)" >
			<Code File="InteractWith" MobId="55368" GossipOptions="1" NonCompeteDistance="0" PreInteractMountStrategy="Dismount" QuestId="29723" QuestObjectiveIndex="1" X="1501.196" Y="-1291.331" Z="248.764" TerminateWhen="Unit(55368, u =&gt; u.IsHostile) != null" />
			<Code File="KillUntilComplete" MobId="55368" QuestId="29723" X="1498.128" Y="-1320.051" Z="245.6444" TerminateWhen="Unit(55368, u =&gt; !u.IsHostile) != null" />
		</While>

		<TurnIn QuestName="The Silkwood Road" QuestId="29865" TurnInName="Tzu the Ironbelly" TurnInId="56062" X="1519.283" Y="-1796.241" Z="246.1821" />
		<TurnIn QuestName="The Threads that Stick" QuestId="29866" TurnInName="Lo Wanderbrew" TurnInId="59178" X="1539.799" Y="-1801.099" Z="246.2002" />
		<TurnIn QuestName="The Jade Witch" QuestId="29723" TurnInName="An Windfur" TurnInId="55413" X="1511.009" Y="-1823.087" Z="246.199" />
		<PickUp QuestName="Find the Boy" QuestId="29993" GiverName="Kai Wanderbrew" GiverId="59173" X="1516.005" Y="-1814.087" Z="246.1973" />
		<PickUp QuestName="All We Can Spare" QuestId="29925" GiverName="Toya" GiverId="56348" X="1505.678" Y="-1836.83" Z="246.1987" />
		<TurnIn QuestName="Find the Boy" QuestId="29993" TurnInName="Inkmaster Wei" TurnInId="56065" X="1555.412" Y="-2383.947" Z="161.7303" />
		<RecheckCheckpoints />
		<PickUp QuestName="Shrine of the Dawn" QuestId="29995" GiverName="Inkmaster Wei" GiverId="56065" X="1555.412" Y="-2383.947" Z="161.7303" />
		<PickUp QuestName="The Perfect Color" QuestId="29881" GiverName="Inkmaster Glenzu" GiverId="56064" X="1544.351" Y="-2383.739" Z="161.4368" />
		<PickUp QuestName="Quill of Stingers" QuestId="29882" GiverName="Inkmaster Jo Po" GiverId="56063" X="1548.952" Y="-2409.565" Z="161.2337" />

		<Code File="InteractWith" MobId="209836" CollectionDistance="200" InteractByLooting="true" PreInteractMountStrategy="Dismount" QuestId="29881" QuestObjectiveIndex="1" >
			<HuntingGrounds>
				<Hotspot X="1525.128" Y="-2251.095" Z="157.327" />
				<Hotspot X="1612.38" Y="-2242.268" Z="158.6568" />
				<Hotspot X="1372.991" Y="-2318.112" Z="146.2181" />
			</HuntingGrounds>
		</Code>

		<Code File="KillUntilComplete" MobId="56201" QuestId="29882" >
			<HuntingGrounds>
				<Hotspot X="1525.128" Y="-2251.095" Z="157.327" />
				<Hotspot X="1612.38" Y="-2242.268" Z="158.6568" />
				<Hotspot X="1372.991" Y="-2318.112" Z="146.2181" />
				<Hotspot X="1436.367" Y="-2336.061" Z="152.6013" />
				<Hotspot X="1351.799" Y="-2300.61" Z="146.2948" />
			</HuntingGrounds>
		</Code>

		<TurnIn QuestName="The Perfect Color" QuestId="29881" TurnInName="Inkmaster Glenzu" TurnInId="56064" X="1542.517" Y="-2384.267" Z="161.3377" />
		<TurnIn QuestName="Quill of Stingers" QuestId="29882" TurnInName="Inkmaster Jo Po" TurnInId="56063" X="1547.777" Y="-2415.775" Z="160.4142" />
		<TurnIn QuestName="Shrine of the Dawn" QuestId="29995" TurnInName="Syra Goldendraft" TurnInId="56708" X="1875.682" Y="-2219.906" Z="232.0172" />
		<RecheckCheckpoints />

		<PickUp QuestName="Getting Permission" QuestId="29920" GiverName="Syra Goldendraft" GiverId="56708" X="1875.682" Y="-2219.906" Z="232.0172" />
		<While Condition="DoQuest(29920)" >
			<While Condition="!IsObjectiveComplete(2, 29920)" >
				<Code File="InteractWith" MobId="56209" GossipOptions="1" NonCompeteDistance="0" PreInteractMountStrategy="Dismount" InteractBlacklistTimeInSeconds="2" QuestId="29920" QuestObjectiveIndex="2" X="1862.793" Y="-2320.857" Z="256.2074" TerminateWhen="Unit(56209, u =&gt; u.IsHostile) != null" />
				<Code File="KillUntilComplete" MobId="56209" QuestId="29920" QuestObjectiveIndex="2" X="1862.793" Y="-2320.857" Z="256.2074" TerminateWhen="Unit(56209, u =&gt; u.IsFriendly) != null" />
			</While>
			<While Condition="!IsObjectiveComplete(3, 29920)" >
				<Code File="InteractWith" MobId="56210" GossipOptions="1" NonCompeteDistance="0" PreInteractMountStrategy="Dismount" InteractBlacklistTimeInSeconds="2" QuestId="29920" QuestObjectiveIndex="3" X="1938.662" Y="-2287.79" Z="240.2343" TerminateWhen="Unit(56210, u =&gt; u.IsHostile) != null" />
				<Code File="KillUntilComplete" MobId="56210" QuestId="29920" QuestObjectiveIndex="3" X="1938.662" Y="-2287.79" Z="240.2343" TerminateWhen="Unit(56210, u =&gt; u.IsFriendly) != null" />
			</While>
			<While Condition="!IsObjectiveComplete(1, 29920)" >
				<Code File="InteractWith" MobId="56206" GossipOptions="1" NonCompeteDistance="0" PreInteractMountStrategy="Dismount" InteractBlacklistTimeInSeconds="2" QuestId="29920" QuestObjectiveIndex="1" X="1993.569" Y="-2219.941" Z="246.6634" TerminateWhen="Unit(56206, u =&gt; u.IsHostile) != null" />
				<Code File="KillUntilComplete" MobId="56206" QuestId="29920" QuestObjectiveIndex="1" X="1993.569" Y="-2219.941" Z="246.6634" TerminateWhen="Unit(56206, u =&gt; u.IsFriendly) != null" />
			</While>
		</While>
		<TurnIn QuestName="Getting Permission" QuestId="29920" TurnInName="Lo Wanderbrew" TurnInId="55788" X="1879.201" Y="-2224.691" Z="232.7823" />

		<TurnIn QuestName="All We Can Spare" QuestId="29925" TurnInName="Lorewalker Cho" TurnInId="56345" X="2389.753" Y="-2105.33" Z="230.662" />

		<PickUp QuestName="I Have No Jade And I Must Scream" QuestId="29928" GiverName="Foreman Mann" GiverId="56346" X="2389.753" Y="-2105.33" Z="230.662" />
		<While Condition="DoQuest(29928)" >
			<Code File="KillUntilComplete" MobId="56349" QuestId="29928" TerminateWhen="Object(209863) != null" >
				<HuntingGrounds>
					<Hotspot X="2222.102" Y="-1952.45" Z="222.5105" />
					<Hotspot X="2184.862" Y="-1878.947" Z="219.0445" />
				</HuntingGrounds>
			</Code>
			<Code File="InteractWith" MobId="209863" CollectionDistance="200" InteractByLooting="true" PreInteractMountStrategy="Dismount" QuestId="29928" QuestObjectiveIndex="1" TerminateWhen="Object(209863) == null" />
		</While>
		<If Condition="QuestDone(29928)" >
			<TurnIn QuestName="I Have No Jade And I Must Scream" QuestId="29928" TurnInName="Foreman Mann" TurnInId="56346" X="2390.201" Y="-2105.833" Z="230.5727" />
			<Code File="RunCode" Code="await SkipCutscene();" />
		</If>

		<PickUp QuestName="Calamity Jade" QuestId="29926" GiverName="Foreman Mann" GiverId="56346" X="2389.83" Y="-2105.925" Z="230.6057" />
		<PickUp QuestName="Mann&apos;s Man" QuestId="29927" GiverName="Foreman Mann" GiverId="56346" X="2389.83" Y="-2105.925" Z="230.6057" />
		<While Condition="NeedsQuest(29745)" >
			<!-- <PickUp QuestName="The Sprites&apos; Plight" QuestId="29745" GiverName="Outcast Sprite" GiverId="55438" X="2491.098" Y="-1950.959" Z="217.5755" /> -->
			<Code File="InteractWith" NonCompeteDistance="0" InteractBlacklistTimeInSeconds="1" X="2491.098" Y="-1950.959" Z="217.5755" TerminateWhen="!NeedsQuest(29745)" >
				<PursuitList>
					<PursueUnit Id="55438" PursueWhen="UNIT.QuestGiverStatus == QuestGiverStatus.Available" />
				</PursuitList>
			</Code>
			<Code File="RunCode" Code="QuestFrame.Instance.AcceptQuest();" />
		</While>

		<While Condition="DoQuest(29745)" >
			<If Condition="!IsObjectiveComplete(2, 29745)" >
				<MoveTo X="2704.059" Y="-1937.896" Z="214.7471" />
			</If>
			<Code File="KillUntilComplete" MobId="55288" QuestId="29745" QuestObjectiveIndex="1" >
				<HuntingGrounds>
					<Hotspot X="2653.2" Y="-1944.346" Z="214.2692" />
					<Hotspot X="2686.438" Y="-1862.88" Z="235.1369" />
				</HuntingGrounds>
			</Code>
		</While>

		<TurnIn QuestName="The Sprites&apos; Plight" QuestId="29745" />
		<PickUp QuestName="Break the Cycle" QuestId="29747" GiverName="Shattered Destroyer" GiverId="214871" X="2693.632" Y="-1943.568" Z="214.7262" />
		<PickUp QuestName="Simulacrumble" QuestId="29748" GiverName="Shattered Destroyer" GiverId="214871" X="2693.632" Y="-1943.568" Z="214.7262" />

		<Code File="InteractWith" MobId="214873" CollectionDistance="200" PreInteractMountStrategy="Dismount" QuestId="29748" QuestObjectiveIndex="1" >
			<HuntingGrounds>
				<Hotspot X="2721.369" Y="-1928.076" Z="214.8612" />
				<Hotspot X="2860.736" Y="-1929.026" Z="213.3026" />
				<Hotspot X="2872.77" Y="-1837.237" Z="233.9391" />
			</HuntingGrounds>
		</Code>

		<TurnIn QuestName="Simulacrumble" QuestId="29748" />

		<Code File="KillUntilComplete" MobId="55279" QuestId="29747" >
			<HuntingGrounds>
				<Hotspot X="2721.369" Y="-1928.076" Z="214.8612" />
				<Hotspot X="2860.736" Y="-1929.026" Z="213.3026" />
				<Hotspot X="2872.77" Y="-1837.237" Z="233.9391" />
			</HuntingGrounds>
		</Code>

		<TurnIn QuestName="Break the Cycle" QuestId="29747" />

		<PickUp QuestName="An Urgent Plea" QuestId="29749" GiverName="Pei-Zhi" GiverId="55480" X="2954.996" Y="-1635.422" Z="252.834" />
		<While Condition="DoQuest(29749)" >
			<Code File="InteractWith" MobId="209629" NonCompeteDistance="0" PreInteractMountStrategy="Dismount" QuestId="29749" X="2954.996" Y="-1635.422" Z="252.834" TerminateWhen="Me.HasAura(103885)" />
			<DisableBehavior Name="Loot" />
			<Code File="KillUntilComplete" MobId="55489" QuestId="29749" X="2938.564" Y="-1639.949" Z="252.834" TerminateWhen="!Me.HasAura(103885)" />
			<EnableBehavior Name="Loot" />
		</While>
		<TurnIn QuestName="An Urgent Plea" QuestId="29749" TurnInName="Pei-Zhi" TurnInId="55614" X="2949.519" Y="-1637.566" Z="252.8329" />

		<PickUp QuestName="Ritual Artifacts" QuestId="29751" GiverName="Pei-Zhi" GiverId="55614" X="2949.519" Y="-1637.566" Z="252.8329" />
		<PickUp QuestName="Vessels of the Spirit" QuestId="29750" GiverName="Pei-Zhi" GiverId="55614" X="2949.519" Y="-1637.566" Z="252.8329" />
		<PickUp QuestName="The Wayward Dead" QuestId="29752" GiverName="Pei-Zhi" GiverId="55614" X="2949.519" Y="-1637.566" Z="252.8329" />

		<Code File="InteractWith" MobId="209701" NonCompeteDistance="0" InteractByLooting="true" PreInteractMountStrategy="Dismount" InteractBlacklistTimeInSeconds="1" QuestId="29751" QuestObjectiveIndex="3" X="2856.087" Y="-1496.205" Z="272.4429" />
		<Code File="InteractWith" MobId="209699" NonCompeteDistance="0" InteractByLooting="true" PreInteractMountStrategy="Dismount" InteractBlacklistTimeInSeconds="1" QuestId="29751" QuestObjectiveIndex="1" X="2917.019" Y="-1524.846" Z="255.884" />
		<Code File="InteractWith" MobId="209700" NonCompeteDistance="0" InteractByLooting="true" PreInteractMountStrategy="Dismount" InteractBlacklistTimeInSeconds="1" QuestId="29751" QuestObjectiveIndex="2" X="2988.171" Y="-1452.173" Z="244.1401" />

		<While Condition="DoQuest(29752)">
			<Code File="InteractWith" QuestId="29752" MobId="55290" CollectionDistance="200" MobState="Alive" IgnoreCombat="true" InteractByUsingItemId="74771" WaitTime="3500" PreInteractMountStrategy="Dismount" TerminateWhen="Me.Combat &amp;&amp; Me.GotTarget &amp;&amp; Me.CurrentTarget.Entry != 55290">
				<HuntingGrounds>
					<Hotspot X="2959.472" Y="-1456.232" Z="244.1401" />
					<Hotspot X="2904.618" Y="-1510.627" Z="255.8839" />
					<Hotspot X="2994.232" Y="-1399.901" Z="244.1402" />
				</HuntingGrounds>
			</Code>
		</While>

		<Code File="KillUntilComplete" MobId="55291" QuestId="29750" >
			<HuntingGrounds>
				<Hotspot X="2959.472" Y="-1456.232" Z="244.1401" />
				<Hotspot X="2904.618" Y="-1510.627" Z="255.8839" />
				<Hotspot X="2994.232" Y="-1399.901" Z="244.1402" />
			</HuntingGrounds>
		</Code>

		<TurnIn QuestName="Ritual Artifacts" QuestId="29751" TurnInName="Pei-Zhi" TurnInId="55614" X="2950.152" Y="-1637.368" Z="252.8336" />
		<TurnIn QuestName="Vessels of the Spirit" QuestId="29750" TurnInName="Pei-Zhi" TurnInId="55614" X="2950.152" Y="-1637.368" Z="252.8336" />
		<TurnIn QuestName="The Wayward Dead" QuestId="29752" TurnInName="Pei-Zhi" TurnInId="55614" X="2950.152" Y="-1637.368" Z="252.8336" />
		<RecheckCheckpoints />
		<PickUp QuestName="Back to Nature" QuestId="29753" GiverName="Pei-Zhi" GiverId="55614" X="2950.152" Y="-1637.368" Z="252.8336" />
		<PickUp QuestName="A Humble Offering" QuestId="29756" GiverName="Pei-Zhi" GiverId="55614" X="2950.152" Y="-1637.368" Z="252.8336" />

		<While Condition="DoQuest(29753)" >
			<MoveTo X="3071.361" Y="-1366.781" Z="211.5285" />
			<Code File="ForcedDismount" />
			<Code File="UseItemTargetLocation" QuestId="29753" QuestObjectiveIndex="1" ItemId="74808" WaitTime="6000" ClickToX="3071.361" ClickToY="-1366.781" ClickToZ="211.5285" />
		</While>

		<Code File="InteractWith" MobId="209825" CollectionDistance="200" InteractByLooting="true" PreInteractMountStrategy="Dismount" QuestId="29756" QuestObjectiveIndex="1" >
			<HuntingGrounds>
				<Hotspot X="3071.179" Y="-1366.051" Z="211.6507" />
				<Hotspot X="3141.604" Y="-1272.718" Z="199.1292" />
			</HuntingGrounds>
		</Code>

		<TurnIn QuestName="Back to Nature" QuestId="29753" TurnInName="Pei-Zhi" TurnInId="55614" X="2948.63" Y="-1635.791" Z="252.8335" />
		<TurnIn QuestName="A Humble Offering" QuestId="29756" TurnInName="Pei-Zhi" TurnInId="55614" X="2948.63" Y="-1635.791" Z="252.8335" />
		<RecheckCheckpoints />

		<PickUp QuestName="To Bridge Earth and Sky" QuestId="29754" GiverName="Pei-Zhi" GiverId="55614" X="2948.63" Y="-1635.791" Z="252.8335" />
		<Code File="KillUntilComplete" MobId="55902" QuestId="29754" X="3065.738" Y="-1607.065" Z="222.7649" />
		<TurnIn QuestName="To Bridge Earth and Sky" QuestId="29754" />

		<!-- <PickUp QuestName="Pei-Back" QuestId="29755",  Auto pickup -->
		<While Condition="DoQuest(29755)" >
			<Code File="Hooks\DoWhen" ActivityName="GrabBody" AllowUseDuringCombat="true" AllowExecutionWhileNotAlive="false" UseWhen="!IsQuestCompleted(29755) &amp;&amp; Me.HasAura(106539)" >
				<DisableBehavior Name="Combat" />
				<Code File="InteractWith" MobId="56600" NonCompeteDistance="0" InteractBlacklistTimeInSeconds="1" IgnoreCombat="true" /> <!-- Grab body! -->
				<EnableBehavior Name="Combat" />
			</Code>

			<Code File="KillUntilComplete" MobIds="56595, 56596" QuestId="29755" X="3155.284" Y="-1518.925" Z="200.1354" />

			<Code File="Hooks\DoWhen" ActivityName="GrabBody" Command="Remove" />
		</While>
		<TurnIn QuestName="Pei-Back" QuestId="29755" TurnInName="Pei-Zhi" TurnInId="59492" X="3066.512" Y="-1606.715" Z="222.7642" />

		<PickUp QuestName="The High Elder" QuestId="29618" GiverName="Lin Tenderpaw" GiverId="54913" X="2489.071" Y="-1687.951" Z="429.9613" />
		<TurnIn QuestName="The High Elder" QuestId="29618" TurnInName="High Elder Cloudfall" TurnInId="54914" X="2485.955" Y="-1711.223" Z="449.4715" />

		<PickUp QuestName="A Courteous Guest" QuestId="29619" GiverName="Lin Tenderpaw" GiverId="54913" X="2487.446" Y="-1687.49" Z="429.9574" />
		<Code File="InteractWith" MobId="209436" CollectionDistance="200" NonCompeteDistance="0" InteractByLooting="true" PreInteractMountStrategy="Dismount" QuestId="29619" QuestObjectiveIndex="1" X="2386.643" Y="-1735.352" Z="374.9711" />
		<TurnIn QuestName="A Courteous Guest" QuestId="29619" TurnInName="Lin Tenderpaw" TurnInId="54913" X="2488.638" Y="-1685.721" Z="429.7188" />

		<PickUp QuestName="The Great Banquet" QuestId="29620" GiverName="Lin Tenderpaw" GiverId="54913" X="2488.638" Y="-1685.721" Z="429.7188" />
		<Code File="InteractWith" MobId="54914" GossipOptions="2,2" NonCompeteDistance="0" PreInteractMountStrategy="Dismount" InteractBlacklistTimeInSeconds="1" QuestId="29620" QuestObjectiveIndex="1" X="2571.071" Y="-1535.299" Z="406.2947" />
		<If Condition="QuestDone(29620)" >
			<TurnIn QuestName="The Great Banquet" QuestId="29620" TurnInName="High Elder Cloudfall" TurnInId="54914" X="2570.862" Y="-1536.077" Z="406.2939" />
			<Code File="WaitTimer" WaitTime="12000" />
		</If>

		<PickUp QuestName="Your Training Starts Now" QuestId="29622" GiverName="Xiao" GiverId="54926" X="2553.593" Y="-1554.823" Z="406.2939" />
		<PickUp QuestName="Groundskeeper Wu" QuestId="29626" GiverName="Xiao" GiverId="54926" X="2553.593" Y="-1554.823" Z="406.2939" />

		<PickUp QuestName="Becoming Battle-Ready" QuestId="29632" GiverName="Master Stone Fist" GiverId="54922" X="2502.174" Y="-1570.778" Z="400.869" />
		<Code File="InteractWith" MobId="54944" GossipOptions="1" CollectionDistance="200" NonCompeteDistance="0" PreInteractMountStrategy="Dismount" QuestId="29632" QuestObjectiveIndex="1" X="2480.917" Y="-1577.449" Z="400.869" />
		<TurnIn QuestName="Becoming Battle-Ready" QuestId="29632" TurnInName="Master Stone Fist" TurnInId="54922" X="2495.989" Y="-1569.063" Z="400.869" />

		<PickUp QuestName="Zhi-Zhi, the Dextrous" QuestId="29633" GiverName="Master Stone Fist" GiverId="54922" X="2495.989" Y="-1569.063" Z="400.869" />
		<PickUp QuestName="Husshun, the Wizened" QuestId="29634" GiverName="Master Stone Fist" GiverId="54922" X="2495.989" Y="-1569.063" Z="400.869" />

		<While Condition="DoQuest(29634)" >
			<Code File="InteractWith" MobId="54925" GossipOptions="1" NonCompeteDistance="0" PreInteractMountStrategy="Dismount" QuestId="29634" QuestObjectiveIndex="1" X="2528.962" Y="-1657.855" Z="402.4012" TerminateWhen="Unit(54925, u =&gt; u.Attackable) != null" />
			<Code File="KillUntilComplete" MobId="54925" QuestId="29634" X="2528.962" Y="-1657.855" Z="402.4012" TerminateWhen="Unit(54925, u =&gt; u.Attackable) == null" />
		</While>

		<While Condition="DoQuest(29633)" >
			<Code File="InteractWith" MobId="54924" GossipOptions="1" NonCompeteDistance="0" PreInteractMountStrategy="Dismount" QuestId="29633" QuestObjectiveIndex="1" X="2440.395" Y="-1555.012" Z="411.1256" TerminateWhen="Unit(54924, u =&gt; u.Attackable) != null" />
			<Code File="KillUntilComplete" MobId="54924" QuestId="29633" X="2440.395" Y="-1555.012" Z="411.1256" TerminateWhen="Unit(54924, u =&gt; u.Attackable) == null" />
		</While>

		<TurnIn QuestName="Zhi-Zhi, the Dextrous" QuestId="29633" TurnInName="Master Stone Fist" TurnInId="54922" X="2495.76" Y="-1569.42" Z="400.8683" />
		<TurnIn QuestName="Husshun, the Wizened" QuestId="29634" TurnInName="Master Stone Fist" TurnInId="54922" X="2495.76" Y="-1569.42" Z="400.8683" />
		<RecheckCheckpoints />

		<PickUp QuestName="Xiao, the Eater" QuestId="29635" GiverName="Master Stone Fist" GiverId="54922" X="2495.76" Y="-1569.42" Z="400.8683" />
		<While Condition="DoQuest(29635)" >
			<Code File="InteractWith" MobId="54926" GossipOptions="1" NonCompeteDistance="0" PreInteractMountStrategy="Dismount" QuestId="29635" QuestObjectiveIndex="1" X="2547.967" Y="-1559.898" Z="406.2937" TerminateWhen="Unit(54926, u =&gt; u.Attackable) != null" />
			<Code File="KillUntilComplete" MobId="54926" QuestId="29635" X="2547.967" Y="-1559.898" Z="406.2937" TerminateWhen="Unit(54926, u =&gt; u.Attackable) == null" />
		</While>
		<TurnIn QuestName="Xiao, the Eater" QuestId="29635" TurnInName="Master Stone Fist" TurnInId="54922" X="2501.316" Y="-1570.848" Z="400.8691" />

		<PickUp QuestName="A Test of Endurance" QuestId="29636" GiverName="Master Stone Fist" GiverId="54922" X="2496.938" Y="-1570.394" Z="400.8688" />
		<TurnIn QuestName="Groundskeeper Wu" QuestId="29626" TurnInName="Groundskeeper Wu" TurnInId="54915" X="2552.034" Y="-1456.428" Z="406.1143" />
		<PickUp QuestName="A Proper Weapon" QuestId="29627" GiverName="Groundskeeper Wu" GiverId="54915" X="2552.034" Y="-1456.428" Z="406.1143" />

		<Code File="InteractWith" MobId="54981" NonCompeteDistance="0" InteractByBuyingItemId="72954" QuestId="29627" QuestObjectiveIndex="2" X="2523.49" Y="-1439.103" Z="388.1579" />
		<Code File="InteractWith" MobId="54982" NonCompeteDistance="0" InteractByBuyingItemId="72979" BuyItemCount="3" QuestId="29627" QuestObjectiveIndex="3" X="2502.412" Y="-1465.758" Z="388.2195" />
		<Code File="InteractWith" MobIds="209460, 209461, 209462, 209463, 209464" CollectionDistance="200" NonCompeteDistance="0" PreInteractMountStrategy="Dismount" QuestId="29627" QuestObjectiveIndex="1" X="2493.331" Y="-1465.019" Z="389.5023" />

		<TurnIn QuestName="A Proper Weapon" QuestId="29627" TurnInName="Groundskeeper Wu" TurnInId="54915" X="2551.044" Y="-1457.506" Z="406.1149" />
		<PickUp QuestName="A Strong Back" QuestId="29628" GiverName="Groundskeeper Wu" GiverId="54915" X="2551.044" Y="-1457.506" Z="406.1149" />
		<PickUp QuestName="A Steady Hand" QuestId="29629" GiverName="Groundskeeper Wu" GiverId="54915" X="2551.044" Y="-1457.506" Z="406.1149" />
		<PickUp QuestName="And a Heavy Fist" QuestId="29630" GiverName="Groundskeeper Wu" GiverId="54915" X="2551.044" Y="-1457.506" Z="406.1149" />
		<TurnIn QuestName="Your Training Starts Now" QuestId="29622" TurnInName="Instructor Xann" TurnInId="54917" X="2329.381" Y="-1454.467" Z="362.2652" />
		<!-- Perfection + the quests after it,  not worth it because they are very slow -->

		<TurnIn QuestName="A Test of Endurance" QuestId="29636" TurnInName="Instructor Myang" TurnInId="54918" X="2528.365" Y="-1269.449" Z="388.1015" />

		<PickUp QuestName="The Rumpus" QuestId="29637" GiverName="Instructor Myang" GiverId="54918" X="2528.365" Y="-1269.449" Z="388.1015" />
		<While Condition="DoQuest(29637)" >
			<MoveTo X="2573.604" Y="-1270.931" Z="377.7181" />
			<Code File="UseItem" ItemId="73369" QuestId="29637" QuestObjectiveIndex="1" X="2573.604" Y="-1270.931" Z="377.7181" TerminateWhen="Me.HasAura(102953)" />
			<Code File="KillUntilComplete" MobId="55139" QuestId="54918" X="2573.604" Y="-1270.931" Z="377.7181" TerminateWhen="!Me.HasAura(102953)" />
		</While>
		<TurnIn QuestName="The Rumpus" QuestId="29637" TurnInName="Instructor Myang" TurnInId="54918" X="2529.515" Y="-1271.845" Z="388.1012" />

		<PickUp QuestName="Burning Bright" QuestId="29631" GiverName="Guard Shan Long" GiverId="55094" X="2541.682" Y="-1202.385" Z="380.9959" />

		<While Condition="DoQuest(29628)" >
			<Code File="Hooks\DoWhen" ActivityName="KeepCauldronClose" LogExecution="false" AllowUseWhileMounted="true" UseWhen="Unit(55086, u =&gt; u.CreatedByUnit == Me &amp;&amp; u.DistanceSqr &gt; 40f*40f) != null" >
				<Code File="Message" Text="Waiting for cauldron to slide up." />
				<Code File="RunCode" Code="await CommonCoroutines.StopMoving();" />
				<Code File="WaitTimer" WaitTime="20000" TerminateWhen="Unit(55086, u =&gt; u.DistanceSqr &lt;= 15f*15f) != null" />
			</Code>
			<MoveTo X="2833.439" Y="-1188.525" Z="330.1518" />
			<UseMount Value="false" />
			<Code File="ForcedDismount" />
			<Code File="InteractWith" MobId="209551" NonCompeteDistance="0" PreInteractMountStrategy="Dismount" QuestId="29628" X="2833.439" Y="-1188.525" Z="330.1518" TerminateWhen="Me.HasAura(102908)" />
			<MoveTo Nav="Run" X="2552.122" Y="-1454.823" Z="406.1151" />
			<Code File="Hooks\DoWhen" ActivityName="KeepCauldronClose" Command="Remove" />
			<UseMount Value="true" />
		</While>

		<TurnIn QuestName="A Strong Back" QuestId="29628" TurnInName="Groundskeeper Wu" TurnInId="54915" X="2552.122" Y="-1454.823" Z="406.1151" />

		<Code File="KillUntilComplete" MobId="54987" QuestId="29630" >
			<HuntingGrounds>
				<Hotspot X="2668.04" Y="-1181.72" Z="358.8344" />
				<Hotspot X="2807.624" Y="-1172.214" Z="328.3892" />
			</HuntingGrounds>
		</Code>

		<Code File="InteractWith" MobIds="209550" CollectionDistance="200" PreInteractMountStrategy="Dismount" QuestId="29629" QuestObjectiveIndex="1" >
			<HuntingGrounds>
				<Hotspot X="2633.609" Y="-1067.616" Z="353.5785" />
				<Hotspot X="2657.184" Y="-961.1103" Z="346.798" />
				<Hotspot X="2713.576" Y="-877.7308" Z="327.3544" />
			</HuntingGrounds>
		</Code>

		<Code File="KillUntilComplete" MobIds="55238, 54988" QuestId="29631" >
			<HuntingGrounds>
				<Hotspot X="2633.609" Y="-1067.616" Z="353.5785" />
				<Hotspot X="2657.184" Y="-961.1103" Z="346.798" />
				<Hotspot X="2713.576" Y="-877.7308" Z="327.3544" />
			</HuntingGrounds>
		</Code>

		<TurnIn QuestName="Burning Bright" QuestId="29631" TurnInName="Guard Shan Long" TurnInId="55094" X="2545.902" Y="-1199.01" Z="380.1756" />
		<TurnIn QuestName="A Steady Hand" QuestId="29629" TurnInName="Groundskeeper Wu" TurnInId="54915" X="2551.719" Y="-1452.304" Z="406.1147" />
		<TurnIn QuestName="And a Heavy Fist" QuestId="29630" TurnInName="Groundskeeper Wu" TurnInId="54915" X="2551.719" Y="-1452.304" Z="406.1147" />
		<TurnIn QuestName="Mann&apos;s Man" QuestId="29927" TurnInName="Hao Mann" TurnInId="56347" X="2297.595" Y="-1722.683" Z="220.4785" />
		<RecheckCheckpoints />
		<PickUp QuestName="Trapped!" QuestId="29929" GiverName="Hao Mann" GiverId="56347" X="2297.595" Y="-1722.683" Z="220.4785" />

		<Code File="InteractWith" MobIds="56464" CollectionDistance="200" QuestId="29929" QuestObjectiveIndex="1" >
			<HuntingGrounds>
				<Hotspot X="2308.371" Y="-1704.898" Z="187.0982" />
				<Hotspot X="2229.729" Y="-1655.934" Z="186.9189" />
			</HuntingGrounds>
		</Code>

		<Code File="KillUntilComplete" QuestId="29926" >
			<HuntingGrounds>
				<Hotspot X="2308.371" Y="-1704.898" Z="187.0982" />
				<Hotspot X="2229.729" Y="-1655.934" Z="186.9189" />
			</HuntingGrounds>
			<PursuitList>
				<PursueUnit Id="56401" PursueWhen="!IsObjectiveComplete(1, 29926)" />
				<PursueUnit Id="56404" PursueWhen="!IsObjectiveComplete(2, 29926)" />
			</PursuitList>
		</Code>

		<TurnIn QuestName="Trapped!" QuestId="29929" TurnInName="Hao Mann" TurnInId="56467" X="2286.044" Y="-1778.442" Z="233.8723" />

		<PickUp QuestName="What&apos;s Mined Is Yours" QuestId="29930" GiverName="Hao Mann" GiverId="56467" X="2286.044" Y="-1778.442" Z="233.8723" />
		<While Condition="DoQuest(29930)" >
			<Code File="InteractWith" MobId="56527" NonCompeteDistance="0" PreInteractMountStrategy="Dismount" WaitTime="50000" QuestId="29930" X="2285.008" Y="-1777.746" Z="233.8892" TerminateWhen="Me.InVehicle" />
		</While>

		<TurnIn QuestName="Calamity Jade" QuestId="29926" TurnInName="Foreman Mann" TurnInId="56346" X="2390.58" Y="-2105.229" Z="230.5811" />
		<If Condition="QuestDone(29930)" >
			<TurnIn QuestName="What&apos;s Mined Is Yours" QuestId="29930" TurnInName="Foreman Mann" TurnInId="56346" X="2390.58" Y="-2105.229" Z="230.5811" />
			<Code File="RunCode" Code="await SkipCutscene();" />
		</If>

		<PickUp QuestName="The Serpent&apos;s Heart" QuestId="29931" GiverName="Foreman Mann" GiverId="56346" X="2390.58" Y="-2105.229" Z="230.5811" />
		<TurnIn QuestName="The Serpent&apos;s Heart" QuestId="29931" TurnInName="Foreman Raike" TurnInId="59391" X="800.0468" Y="-1917.722" Z="59.6725" />

		<PickUp QuestName="Love&apos;s Labor" QuestId="30495" GiverName="Foreman Raike" GiverId="59391" X="800.0468" Y="-1917.722" Z="59.6725" />
		<Code File="InteractWith" MobId="59395" GossipOptions="1" NonCompeteDistance="0" InteractBlacklistTimeInSeconds="1" QuestId="30495" QuestObjectiveIndex="1" X="776.4786" Y="-1790.198" Z="56.52413" />
		<Code File="InteractWith" MobId="59401" GossipOptions="1" NonCompeteDistance="0" InteractBlacklistTimeInSeconds="1" QuestId="30495" QuestObjectiveIndex="2" X="840.9648" Y="-1821.512" Z="65.37788" />
		<Code File="InteractWith" MobId="59392" GossipOptions="2" NonCompeteDistance="0" InteractBlacklistTimeInSeconds="1" QuestId="30495" QuestObjectiveIndex="3" X="859.2661" Y="-1916.209" Z="63.57568" />

		<While Condition="!IsObjectiveComplete(4, 30495)" >
			<Code File="InteractWith" MobId="59392" GossipOptions="1" NonCompeteDistance="0" InteractBlacklistTimeInSeconds="1" QuestId="30495" QuestObjectiveIndex="4" X="859.2661" Y="-1916.209" Z="63.57568" TerminateWhen="Me.Z &gt;= 170 " />
			<Code File="InteractWith" MobId="59397" GossipOptions="1" NonCompeteDistance="0" InteractBlacklistTimeInSeconds="1" QuestId="30495" QuestObjectiveIndex="4" X="859.2661" Y="-1916.209" Z="63.57568" TerminateWhen="Me.Z &lt;= 170" />
			<Code File="InteractWith" MobId="59400" GossipOptions="1" NonCompeteDistance="0" InteractBlacklistTimeInSeconds="1" X="859.2661" Y="-1916.209" Z="63.57568" TerminateWhen="Me.Z &lt;= 170" />
		</While>

		<TurnIn QuestName="Love&apos;s Labor" QuestId="30495" TurnInName="Foreman Raike" TurnInId="59391" X="797.5294" Y="-1918.852" Z="59.12475" />

		<!--
		<PickUp QuestName="The Temple of the Jade Serpent" QuestId="29932" GiverName="Foreman Raike" GiverId="59391" X="797.5294" Y="-1918.852" Z="59.12475" />
		<While Condition="DoQuest(29932)" >
			<Code File="InteractWith" MobId="59392" GossipOptions="2" NonCompeteDistance="0" InteractBlacklistTimeInSeconds="1" QuestId="29932" QuestObjectiveIndex="4" X="859.2661" Y="-1916.209" Z="63.57568" TerminateWhen="Unit(59392) == null" />
			<Code File="InteractWith" MobId="57242" GossipOptions="1" NonCompeteDistance="0" PreInteractMountStrategy="Dismount" WaitTime="4000" QuestId="29932" QuestObjectiveIndex="1" X="995.5808" Y="-2442.495" Z="168.5977" />
			<Code File="RunCode" Code="await SkipCutscene();" />
		</While>
		<TurnIn QuestName="The Temple of the Jade Serpent" QuestId="29932" TurnInName="Elder Sage Rain-Zhu" TurnInId="56782" X="920.5563" Y="-2605.271" Z="185.1199" />

		<PickUp QuestName="The Scryer&apos;s Dilemma" QuestId="29997" GiverName="Elder Sage Rain-Zhu" GiverId="56782" X="920.5563" Y="-2605.271" Z="185.1199" />
		<PickUp QuestName="The Librarian&apos;s Quandary" QuestId="29998" GiverName="Elder Sage Rain-Zhu" GiverId="56782" X="920.5563" Y="-2605.271" Z="185.1199" />
		<PickUp QuestName="They Call Him... Stormstout" QuestId="32019" GiverName="Elder Sage Rain-Zhu" GiverId="56782" X="920.5563" Y="-2605.271" Z="185.1199" /> -->

		<Checkpoint Level="87.5" />

		<Code File="LoadProfile" ProfileName="Valley of the Four Winds.xml" />

	</QuestOrder>
</HBProfile>