<HBProfile xsi:noNamespaceSchemaLocation="../../Schemas/QuestProfileSchema.xsd" xmlns:xsi="http://www.w3.org/2001/XMLSchema-instance">
	<!-- Original contribution by EchoTiger -->
	<Name>Monk - Windwalker - Fists of the Heavens ($ShortHash$)</Name>

	<MinDurability>0.3</MinDurability>
	<MinFreeBagSlots>3</MinFreeBagSlots>

	<SellGrey>true</SellGrey>
	<SellWhite>true</SellWhite>
	<SellGreen>true</SellGreen>
	<SellBlue>true</SellBlue>
	<SellPurple>false</SellPurple>

	<MailGrey>false</MailGrey>
	<MailWhite>true</MailWhite>
	<MailGreen>true</MailGreen>
	<MailBlue>true</MailBlue>
	<MailPurple>true</MailPurple>

	<TargetElites>true</TargetElites>

	<Blackspots>
	</Blackspots>

	<Blacklist>
	</Blacklist>

	<Mailboxes> 
	</Mailboxes>

	<Vendors>
	</Vendors>

	<DefaultNavType>Fly</DefaultNavType> <!-- For the old world zones we go to. -->

<!-- INITORDER COMMENT 
	<InitOrder>
		Perhaps add detection for loading the class hall if player hasn't unlocked this zone yet.
		<Code File="Misc\RunLua" Lua="SetCVar('AutoLootDefault', 1)" />

		<Code File="EnablePlugin" Names="Anti Drown" />
		<Code File="EnablePlugin" Names="Refreshment Detection" />

		<Code File="Misc\ProfileCompatibilityInfo" AllowBrokenAddOns="true" AllowBrokenPlugIns="true" />

		<LootMobs Value="true" />
		<TargetingDistance Value="45" /> Use LevelBot default
	</InitOrder>
END INITORDER COMMENT -->

	<QuestOrder>
		<!-- Check function status -->
		<Code File="RunCode" Type="Definition">
			<![CDATA[
			private static bool? profileFunctionsEnabled => (bool?)AppDomain.CurrentDomain.GetData("QuestingProfiles_FunctionsEnabled");
			private static bool IsStoreProfile(string path) => path.StartsWith("store://");
			private static string Slashify(string path) => IsStoreProfile(path) ? path.Replace(@"\", "/") : path.Replace("/", @"\");

			public __CompiledBatchClass__()
			{
				ActivateFunctions();
			}

			private static void ActivateFunctions()
			{
				if (profileFunctionsEnabled == null || profileFunctionsEnabled == false)
				{
					Bots.Professionbuddy.PBLog.Log(Colors.MediumPurple, "[Profile Message!]: ", Colors.Yellow, "Please stand by as the functions are being activated!");
					LoadProfile(@"..\..\..\Functions\Activate Functions.xml");
				}
			}

			private static void LoadProfile(string path)
			{
				var profile = GetNewPath(path);
				if (!IsStoreProfile(profile) && !File.Exists(profile))
				{
					Bots.Professionbuddy.PBLog.Log(Colors.MediumPurple, "[Profile Message!]: ", Colors.Yellow, "Profile does not exist.\n" + profile);
					return;
				}

				Bots.Professionbuddy.PBLog.Log(Colors.MediumPurple, "[Profile Message!]: ", Colors.Yellow, "Loading: " + profile);
				ProfileManager.LoadNew(profile, false);
			}

			private static string GetNewPath(string path)
			{
				if (IsStoreProfile(path))
					return Slashify(path);

				var currentProfile = ProfileManager.XmlLocation;
				if (IsStoreProfile(currentProfile))
					return Slashify(currentProfile + "/../" + path);

				var absolutePath = Path.Combine(Path.GetDirectoryName(currentProfile), path);
				absolutePath = Path.GetFullPath(absolutePath);
				var canonicalPath = new Uri(absolutePath).LocalPath;
				return Slashify(canonicalPath);
			}]]>
		</Code>
		<Code File="RunCode" Code="ActivateFunctions();" />
		<!-- END Check function status -->

		<If Condition="Me.IsHorde" >
			<Code File="LoadProfile" ProfileName="..\..\..\Questing Autoloader.xml" />
		</If>
		<!-- RunCode Methods -->
			<Code File="RunCode">
			<![CDATA[
				Bots.Professionbuddy.PBLog.Log(System.Windows.Media.Colors.MediumPurple, "> [Profile Initialization Status] ", System.Windows.Media.Colors.CornflowerBlue, "\n     Auto-Looting	:: Enabled\n     Looting	:: Enabled\n     Game Addons	:: Disabled");
				Lua.DoString("SetCVar('AutoLootDefault', 1);");
				Lua.DoString("SetCVar('autoDismountFlying', 1);");
				CharacterSettings.Instance.LootMobs = true;
				CharacterSettings.Instance.Save();
				Logging.Write(System.Windows.Media.Colors.MediumPurple, "> [Ready to bot!]");
			]]>
			</Code>
			<Code File="RunCode" Type="Definition">
				<![CDATA[
						bool DoQuest(params uint[] questIds)
						{
							foreach (var questId in questIds)
							{
								if (HasQuest(questId) && !IsQuestCompleted(questId)) return true;
							}
							return false;
						}
						bool NeedsQuest(params uint[] questIds)
						{
							foreach (var questId in questIds)
							{
								if (!HasQuest(questId) && !IsQuestCompleted(questId)) return true;
							}
							return false;
						}
						bool NeedsBreadcrumbQuest(params uint[] questIds)
						{
							foreach (var questId in questIds)
							{
								if (IsQuestCompleted(questId)) return false;
							}
							return true;
						}
						bool QuestDone(params uint[] questIds)
						{
							foreach (var questId in questIds)
							{
								if (HasQuest(questId) && IsQuestCompleted(questId)) return true;
							}
							return false;
						}
						bool QuestFlaggedCompleted(params uint[] questIds)
						{
							foreach (var questId in questIds)
							{
								return Lua.GetReturnVal<bool>($"return IsQuestFlaggedCompleted({questId});", 0);
							}
							return false;
						}
						async Task SkipCutscene(int preWait = 3000, int postWait = 3000)
						{
					// Add detection of cutscene here.
							await Coroutine.Sleep(preWait);
					// Test and improve the working method.
							Lua.DoString("MovieFrame:StopMovie(); CinematicFrame_CancelCinematic(); StopCinematic();");
							await Coroutine.Sleep(postWait);
						}
					]]>
			</Code>
		<!-- END RunCode Methods -->

		<!-- Get Continuation Quest -->
			<If Condition="IsQuestCompleted(40698) &amp;&amp; NeedsQuest(40569) &amp;&amp; NeedsQuest(43973, 44424)" > <!-- Using Purity of Form (40698) to determine if we've already got the first artifact. -->
				<Code File="InteractWith" MobId="100438" WaitTime="1250" X="924.4167" Y="3606.167" Z="196.3306" />
				<Code File="Misc\RunLua" WaitTime="1500" Lua="QuestFrameAcceptButton:Click();" />
				<Code File="Misc\RunLua" WaitTime="1500" Lua="QuestChoiceFrameOption1.OptionButton:Click();" />
				<Code File="Misc\RunLua" WaitTime="1500" Lua="StaticPopup1Button1:Click();" />
			</If>
		<!-- END Get Continuation Quest -->

		<!-- Second+Third Artifact -->
			<If Condition="QuestDone(43973, 44424)" >
				<Code File="InteractWith" MobId="100438" WaitTime="1250" X="924.4167" Y="3606.167" Z="196.3306" />
				<Code File="Misc\RunLua" WaitTime="1500" Lua="GossipTitleButton1:Click();" />
				<Code File="Misc\RunLua" Lua="QuestFrameCompleteQuestButton:Click();" />
			</If>
		<!-- END Second+Third Artifact -->

		<!-- Story: Artifact Weapon - Fists of the Heavens -->
			<PickUp QuestName="The Legend of the Sands" QuestId="40569" GiverName="Iron-Body Ponshu" GiverId="100438" X="924.4167" Y="3606.167" Z="196.3307" />
			<While Condition="DoQuest(40569)" >
				<Code File="InteractWith" MobId="100475" NonCompeteDistance="0" GossipOptions="1, 1, 1, 1" QuestId="40569" QuestObjectiveIndex="1" X="741.6945" Y="3667.398" Z="143.2645" />
			</While>
			<TurnIn QuestName="The Legend of the Sands" QuestId="40569" TurnInName="Li Li Stormstout" TurnInId="100475" X="741.6945" Y="3667.398" Z="143.2645" />

			<PickUp QuestName="Off To Adventure!" QuestId="40633" GiverName="Li Li Stormstout" GiverId="100475" X="XXX" Y="YYY" Z="ZZZ" />
			<While Condition="DoQuest(40633)" >
				<Code File="InteractWith" MobId="102531" NonCompeteDistance="0" InteractBlacklistTimeInSeconds="1" QuestId="40633" QuestObjectiveIndex="1" X="742.4219" Y="3629.197" Z="142.6947" />
				<Code File="WaitTimer" WaitTime="12000" />
				<MoveTo Name="Li Li Stormstout" Precision="1" X="-9382.467" Y="-958.4627" Z="113.7647" />
				<Code File="WaitTimer" WaitTime="1500" />
			</While>
			<TurnIn QuestName="Off To Adventure!" QuestId="40633" TurnInName="Li Li Stormstout" TurnInId="100571" X="-9386.915" Y="-955.684" Z="113.7651" />

			<PickUp QuestName="Thunder on the Sands" QuestId="40634" GiverName="King Phaoris" GiverId="47684" X="-9380.082" Y="-958.9618" Z="113.7648" />
			<While Condition="DoQuest(40634)" >
				<Code File="KillUntilComplete" MobId="100556" QuestId="40634" QuestObjectiveIndex="1" X="-8620.681" Y="-384.6979" Z="196.4088" />
			</While>
			<TurnIn QuestName="Thunder on the Sands" QuestId="40634" TurnInName="King Phaoris" TurnInId="47684" X="-9380.082" Y="-958.9618" Z="113.7649" />

			<PickUp QuestName="Into The Heavens" QuestId="40570" GiverName="King Phaoris" GiverId="47684" X="-9380.082" Y="-958.9618" Z="113.7649" />
			<While Condition="DoQuest(40570)" >
				<If Condition="Bots.DungeonBuddy.Helpers.ScenarioInfo.Current.CurrentStageNumber == 0" >
					<MoveTo QuestId="40570" QuestObjectiveIndex="1" X="-9438.153" Y="-959.9589" Z="111.0121" />
					<Code File="UseItem" QuestId="40570" QuestObjectiveIndex="1" ItemId="132745" />
					<Code File="WaitTimer" WaitTime="26000" />
				</If>

				<If Condition="Bots.DungeonBuddy.Helpers.ScenarioInfo.Current.CurrentStageNumber == 1" >
					<Code File="KillUntilComplete" MobIds="100769, 100770" X="-718.0573" Y="480.3958" Z="644.6066" TerminateWhen="Bots.DungeonBuddy.Helpers.ScenarioInfo.Current.CurrentStageNumber != 1" />
				</If>

				<If Condition="Bots.DungeonBuddy.Helpers.ScenarioInfo.Current.CurrentStageNumber == 2" >
					<MoveTo X="-769.4438" Y="516.8719" Z="649.0749" />
					<MoveTo X="-780.8017" Y="510.4767" Z="651.1826" />
					<MoveTo X="-794.541" Y="514.0965" Z="653.8621" />
					<MoveTo X="-819.714" Y="481.906" Z="662.2823" />
					<MoveTo X="-800.972" Y="455.8663" Z="670.2192" />
					<MoveTo X="-791.6751" Y="438.9667" Z="675.0139" />
					<MoveTo X="-750.4185" Y="470.2525" Z="688.2657" />
					<MoveTo X="-786.5451" Y="491.21" Z="699.1033" />
				</If>

				<If Condition="Bots.DungeonBuddy.Helpers.ScenarioInfo.Current.CurrentStageNumber == 3" >
					<Code File="InteractWith" MobIds="100715" PreInteractMountStrategy="Dismount"  NumOfTimes="99" TerminateWhen="IsScenarioCriteriaComplete(1)" >
						<HuntingGrounds>
							<Hotspot X="-818.4373" Y="450.9123" Z="700.0224" />
							<Hotspot X="-850.7686" Y="515.2173" Z="699.9993" />
							<Hotspot X="-922.5252" Y="591.9072" Z="716.5312" />
						</HuntingGrounds>
					</Code>
					<Code File="WaitTimer" WaitTime="35000" TerminateWhen="Unit(100647) != null" />
					<Code File="KillUntilComplete" MobId="100647" X="-917.7604" Y="567.5712" Z="716.5313" TerminateWhen="IsScenarioCriteriaComplete(2) || Unit(100647, u =&gt; u.IsDead) != null" />
					<MoveTo X="-977.6823" Y="506.3613" Z="700.0155" /> <!-- Could use a roll logic here to make the player go through the pushback faster. -->
					<Code File="WaitTimer" WaitTime="60000" TerminateWhen="Bots.DungeonBuddy.Helpers.ScenarioInfo.Current.CurrentStageNumber != 3" />
				</If>

				<If Condition="Bots.DungeonBuddy.Helpers.ScenarioInfo.Current.CurrentStageNumber == 4" >
					<!-- NOTE: <AddAvoids> : Four waves of mobs spawn and attack the player.  The only logic we need here is avoiding area affects and frontal-cone attacks. -->
					<MoveTo X="-977.6823" Y="506.3613" Z="700.0155" /> <!-- Could use a roll logic here to make the player go through the pushback faster. -->
					<Code File="KillUntilComplete" MobIds="101098, 101092, 100830, 100824" X="-994.9135" Y="474.1765" Z="699.9752" TerminateWhen="Bots.DungeonBuddy.Helpers.ScenarioInfo.Current.CurrentStageNumber != 4" />
					<!-- Remove avoids. -->
				</If>

				<If Condition="Bots.DungeonBuddy.Helpers.ScenarioInfo.Current.CurrentStageNumber == 5" >
					<Code File="InteractWith" MobId="100830" X="-1009.071" Y="479.2083" Z="700.012" TerminateWhen="Bots.DungeonBuddy.Helpers.ScenarioInfo.Current.CurrentStageNumber != 5" />
					<Code File="WaitTimer" WaitTime="25000" TerminateWhen="Bots.DungeonBuddy.Helpers.ScenarioInfo.Current.CurrentStageNumber != 5" />
				</If>

				<If Condition="Bots.DungeonBuddy.Helpers.ScenarioInfo.Current.CurrentStageNumber == 6" >
					<Code File="Hooks\Avoid" AvoidName="LightingWhip" ObjectType="AreaTrigger" ObjectId="10415" Radius="3" /> 
					<Code File="Hooks\DoWhen" ActivityName="SingularShoveOff" AllowUseDuringCombat="true" UseWhen="Unit(100760) != null &amp;&amp; Blacklist.Contains(Unit(100760), BlacklistFlags.Combat)" >
						<Code File="RunCode" Code="Blacklist.Clear(u =&gt; u.Entry == 100760)" />
					</Code>
					<!-- NOTE: <AddAvoid> : Boss drops lightning on the ground, similar to the lightning dropped by the mobs above in scenario 1.  Wave 1 -->
					<Code File="KillUntilComplete" MobId="100760" X="-1225.967" Y="389.3854" Z="662.1934" TerminateWhen="Bots.DungeonBuddy.Helpers.ScenarioInfo.Current.CurrentStageNumber != 6" />
					<!-- Remove avoid -->
					<Code File="Hooks\DoWhen" ActivityName="SingularShoveOff" Command="Remove" />
					<Code File="Hooks\Avoid" AvoidName="LightingWhip" Command="Remove" />
				</If>

				<If Condition="Bots.DungeonBuddy.Helpers.ScenarioInfo.Current.CurrentStageNumber == 7" >
					<!-- There's Fists of Heavens here.
					Name="Fists of the Heavens" Entry="104490" X="-1227.752" Y="384.6424" Z="662.1934" -->
					<Code File="InteractWith" MobId="248086" InteractByLooting="true" WaitTime="1500" X="-1227.752" Y="384.6424" Z="662.2399" />
					<Code File="Misc\RunLua" Lua="LootButton1:Click();" /> <!-- Extra code in case the IW doesn't loot. -->
					<Code File="WaitTimer" WaitTime="10000" /> <!-- Wait for little cinematic. -->
				</If>

				<While Condition="HasItem(128940) &amp;&amp; Me.ZoneId == 7960" >
					<!-- Could just use Zen Pilgrimage here instead? :P -->
					<Code File="InteractWith" MobId="101133" X="-1244.368" Y="388.4097" Z="662.1934" TerminateWhen="Me.InVehicle" />
					<Code File="WaitTimer" WaitTime="17000" TerminateWhen="!Me.InVehicle" />
				</While>
			</While>
			<TurnIn QuestName="Into The Heavens" QuestId="40570" TurnInName="Li Li Stormstout" TurnInId="101046" X="741.6788" Y="3667.434" Z="143.2641" />

		<!-- END Story: Artifact Weapon - Fists of the Heavens -->


		<If Condition="!IsQuestCompleted(40698)" >
			<PickUp QuestName="Purity of Form" QuestId="40698" GiverName="Iron-Body Ponshu" GiverId="100438" X="924.4167" Y="3606.167" Z="196.3308" />
			<!-- We're picking this quest up even though it's not artifact specific as a method of preventing the Class Hall loader from loading another artifact profile. -->
			<Code File="LoadProfile" ProfileName="../Class Hall Loaders/Monk.xml" />
		</If>

	</QuestOrder>
</HBProfile>

<!-- Notes:

	Purity of Form is used to determine if we've got the first artifact or not because NPC positions change after this quest.
	Checking if this quest is completed can be used to determine where the NPCs are at for the bot and where we should look for them.
	Purity of Form is completed directly after completing obtaining your first artifact weapon, so it should be reliable enough to check with.

	Contiuing the Legend is the quest to unlock your second artifact choice.

	One Last Adventure is the quest to unlock your third artifact choice.
-->