<HBProfile xsi:noNamespaceSchemaLocation="../../Schemas/QuestProfileSchema.xsd" xmlns:xsi="http://www.w3.org/2001/XMLSchema-instance">
	<!-- Original contribution by EchoTiger -->
	<Name>Warlock - Affliction - Ulthalesh, the Deadwind Harvester ($ShortHash$)</Name>

	<MinDurability>0.3</MinDurability>
	<MinFreeBagSlots>3</MinFreeBagSlots>

	<DefaultNavType>Fly</DefaultNavType>

	<SellGrey>true</SellGrey>
	<SellWhite>true</SellWhite>
	<SellGreen>true</SellGreen>
	<SellBlue>true</SellBlue>
	<SellPurple>false</SellPurple>

	<MailGrey>false</MailGrey>
	<MailWhite>true</MailWhite>
	<MailGreen>true</MailGreen>
	<MailBlue>true</MailBlue>
	<MailPurple>true</MailPurple>

	<TargetElites>true</TargetElites>

	<AvoidMobs>
	</AvoidMobs>

	<Blackspots>
	</Blackspots>

	<Blacklist>
	</Blacklist>

	<Mailboxes> 
	</Mailboxes>

	<Vendors>
	</Vendors>

<!-- INITORDER COMMENT 
	<InitOrder>
		Perhaps add detection for loading the class hall if player hasn't unlocked this zone yet.
		<Code File="Misc\RunLua" Lua="SetCVar('AutoLootDefault', 1)" />

		<Code File="EnablePlugin" Names="Anti Drown" />
		<Code File="EnablePlugin" Names="Refreshment Detection" />

		<Code File="Misc\ProfileCompatibilityInfo" AllowBrokenAddOns="true" AllowBrokenPlugIns="true" />

		<LootMobs Value="true" />
		<TargetingDistance Value="45" /> Use LevelBot default
	</InitOrder>
END INITORDER COMMENT -->

	<QuestOrder>
		<!-- Check function status -->
		<Code File="RunCode" Type="Definition">
			<![CDATA[
			private static bool? profileFunctionsEnabled => (bool?)AppDomain.CurrentDomain.GetData("QuestingProfiles_FunctionsEnabled");
			private static bool IsStoreProfile(string path) => path.StartsWith("store://");
			private static string Slashify(string path) => IsStoreProfile(path) ? path.Replace(@"\", "/") : path.Replace("/", @"\");

			public __CompiledBatchClass__()
			{
				ActivateFunctions();
			}

			private static void ActivateFunctions()
			{
				if (profileFunctionsEnabled == null || profileFunctionsEnabled == false)
				{
					Bots.Professionbuddy.PBLog.Log(Colors.MediumPurple, "[Profile Message!]: ", Colors.Yellow, "Please stand by as the functions are being activated!");
					LoadProfile(@"..\..\..\Functions\Activate Functions.xml");
				}
			}

			private static void LoadProfile(string path)
			{
				var profile = GetNewPath(path);
				if (!IsStoreProfile(profile) && !File.Exists(profile))
				{
					Bots.Professionbuddy.PBLog.Log(Colors.MediumPurple, "[Profile Message!]: ", Colors.Yellow, "Profile does not exist.\n" + profile);
					return;
				}

				Bots.Professionbuddy.PBLog.Log(Colors.MediumPurple, "[Profile Message!]: ", Colors.Yellow, "Loading: " + profile);
				ProfileManager.LoadNew(profile, false);
			}

			private static string GetNewPath(string path)
			{
				if (IsStoreProfile(path))
					return Slashify(path);

				var currentProfile = ProfileManager.XmlLocation;
				if (IsStoreProfile(currentProfile))
					return Slashify(currentProfile + "/../" + path);

				var absolutePath = Path.Combine(Path.GetDirectoryName(currentProfile), path);
				absolutePath = Path.GetFullPath(absolutePath);
				var canonicalPath = new Uri(absolutePath).LocalPath;
				return Slashify(canonicalPath);
			}]]>
		</Code>
		<Code File="RunCode" Code="ActivateFunctions();" />
		<!-- END Check function status -->

		<If Condition="Me.IsHorde" >
			<Code File="LoadProfile" ProfileName="..\..\..\Questing Autoloader.xml" />
		</If>
		<!-- RunCode Methods -->
			<Code File="RunCode">
			<![CDATA[
				Bots.Professionbuddy.PBLog.Log(System.Windows.Media.Colors.MediumPurple, "> [Profile Initialization Status] ", System.Windows.Media.Colors.CornflowerBlue, "\n     Auto-Looting	:: Enabled\n     Looting	:: Enabled\n     Game Addons	:: Disabled");
				Lua.DoString("SetCVar('AutoLootDefault', 1);");
				Lua.DoString("SetCVar('autoDismountFlying', 1);");
				CharacterSettings.Instance.LootMobs = true;
				CharacterSettings.Instance.Save();
				Logging.Write(System.Windows.Media.Colors.MediumPurple, "> [Ready to bot!]");
			]]>
			</Code>
			<Code File="RunCode" Type="Definition">
				<![CDATA[
						bool DoQuest(params uint[] questIds)
						{
							foreach (var questId in questIds)
							{
								if (HasQuest(questId) && !IsQuestCompleted(questId)) return true;
							}
							return false;
						}
						bool NeedsQuest(params uint[] questIds)
						{
							foreach (var questId in questIds)
							{
								if (!HasQuest(questId) && !IsQuestCompleted(questId)) return true;
							}
							return false;
						}
						bool NeedsBreadcrumbQuest(params uint[] questIds)
						{
							foreach (var questId in questIds)
							{
								if (IsQuestCompleted(questId)) return false;
							}
							return true;
						}
						bool QuestDone(params uint[] questIds)
						{
							foreach (var questId in questIds)
							{
								if (HasQuest(questId) && IsQuestCompleted(questId)) return true;
							}
							return false;
						}
						bool QuestFlaggedCompleted(params uint[] questIds)
						{
							foreach (var questId in questIds)
							{
								return Lua.GetReturnVal<bool>($"return IsQuestFlaggedCompleted({questId});", 0);
							}
							return false;
						}
						async Task SkipCutscene(int preWait = 3000, int postWait = 3000)
						{
					// Add detection of cutscene here.
							await Coroutine.Sleep(preWait);
					// Test and improve the working method.
							Lua.DoString("MovieFrame:StopMovie(); CinematicFrame_CancelCinematic(); StopCinematic();");
							await Coroutine.Sleep(postWait);
						}
					]]>
			</Code>
		<!-- END RunCode Methods -->

		<!-- Get Continuation Quest -->
			<If Condition="IsQuestCompleted(40731) &amp;&amp; NeedsQuest(40495) &amp;&amp; NeedsQuest(43984)" > <!-- Using The Heart of the Dreadscar (40731) to determine if we've already got the first artifact.  -->
				<Code File="InteractWith" MobId="101097" WaitTime="1250" X="3121.295" Y="1106.274" Z="286.4945" />
				<Code File="Misc\RunLua" WaitTime="1500" Lua="if GossipTitleButton2:IsVisible() then GossipTitleButton2:Click() else GossipTitleButton1:Click() end" />
				<Code File="Misc\RunLua" WaitTime="2000" Lua="QuestFrameAcceptButton:Click();" />
				<Code File="Misc\RunLua" WaitTime="1500" Lua="if QuestChoiceFrameOption2.OptionButton:IsVisible() then QuestChoiceFrameOption2.OptionButton:Click() else QuestChoiceFrameOption1.OptionButton:Click() end" />
				<Code File="Misc\RunLua" WaitTime="1000" Lua="StaticPopup1Button1:Click();" /> <!-- Accept picking artifact. -->
			</If>
		<!-- END Get Continuation Quest -->

		<!-- Second+Third Artifact -->
			<If Condition="QuestDone(43984)" >
				<Code File="InteractWith" MobId="101097" WaitTime="1250" X="3121.295" Y="1106.274" Z="286.4945" />
				<Code File="Misc\RunLua" WaitTime="1500" Lua="if GossipTitleButton3:IsVisible() then GossipTitleButton3:Click() else GossipTitleButton2:Click() end" />
				<Code File="Misc\RunLua" Lua="QuestFrameCompleteQuestButton:Click();" />
			</If>
		<!-- END Second+Third Artifact -->

		<!-- Story: Artifact Weapon - Ulthalesh, the Deadwind Harvester -->
			<!--START1: Need to detect if this is the player's first artifact quest since the NPC is in a different location. -->
			<PickUp QuestName="Ulthalesh, the Deadwind Harvester" QuestId="40495" GiverName="Calydus" GiverId="101097" X="-858.3073" Y="4456.332" Z="695.9575" />
			<!-- :END1 -->
			<While Condition="DoQuest(40495)" >
				<While Condition="Me.MapId != 0" >
					<If Condition="Me.Z &gt; 605" >
						<MoveTo X="-850.0136" Y="4460.374" Z="735.6611" />
						<Code File="MyCTM" X="-844.5972" Y="4467.76" Z="736.0415" TerminateWhen="Me.Z &lt;= 605" />
					</If>
					<Code File="InteractWith" MobId="246009" X="-869.9479" Y="4503.124" Z="580.4584" TerminateWhen="Me.MapId == 0" />
					<Code File="WaitTimer" WaitTime="5000" TerminateWhen="Me.MapId == 0" />
				</While>
				<MoveTo Nav="Fly" X="-10355.38" Y="-1256.694" Z="35.30087" />
				<MoveTo Nav="Run" X="-10366.78" Y="-1256.696" Z="35.91049" />
				
				<!-- NOTE: <Technical> : Below is a gossip option.  This gossip option effects which questIds the player will get from here on out.  
										The reason being is it's mostly a role-playing thing Blizzard added in.
										If the player is nice to the NPC, the NPC is nice to the player throughout the quests.
										If the player attacks the NPC, the NPC is mean toward the player throughout the quests.
				-->
				<Code File="InteractWith" MobId="100323" GossipOptions="1,1,1" NonCompeteDistance="0" InteractBlacklistTimeInSeconds="1" QuestId="40495" QuestObjectiveIndex="3" X="-10370.31" Y="-1257.004" Z="35.90919" />
			</While>
			<TurnIn QuestName="Ulthalesh, the Deadwind Harvester" QuestId="40495" TurnInName="Revil Kost" TurnInId="100323" X="-10370.31" Y="-1257.004" Z="35.90744" />

			<PickUp QuestName="Following the Curse" QuestId="40588" GiverName="Revil Kost" GiverId="100323" X="-10370.31" Y="-1257.004" Z="35.90744" />
			<While Condition="DoQuest(40588)" >
				<Code File="EscortGroup" NonCompeteDistance="0" EscortCompleteWhen="QuestObjectiveComplete" EscortCountMax="1" QuestId="40588" QuestObjectiveIndex="1"
					EscortNpcId="100578" EscortMaxFightDistance="15" SearchForNpcsRadius="60" >
					<SearchPath>
						<Hotspot X="-10370.31" Y="-1257.007" Z="35.9101" />
					</SearchPath>
				</Code>
			</While>
			<TurnIn QuestName="Following the Curse" QuestId="40588" TurnInName="Revil Kost" TurnInId="100729" X="-10440.19" Y="-2143.814" Z="90.77973" />

			<PickUp QuestName="Disturbing the Past" QuestId="40604" GiverName="Revil Kost" GiverId="100729" X="-10440.19" Y="-2143.814" Z="90.77973" />
			<While Condition="DoQuest(40604)" >
				<Code File="InteractWith" MobId="245789" NonCompeteDistance="0" InteractBlacklistTimeInSeconds="1" QuestId="40604" QuestObjectiveIndex="1" X="-10436.61" Y="-2142.387" Z="90.77908" />
			</While>
			<TurnIn QuestName="Disturbing the Past" QuestId="40604" TurnInType="Object" TurnInName="Battered Journal" TurnInId="245793" X="-10429.92" Y="-2141.151" Z="91.85447" />

			<PickUp QuestName="To Point the Way" QuestId="40606" GiverName="Battered Journal" GiverType="Object" GiverId="245793" X="-10429.92" Y="-2141.151" Z="91.85447" />
			<While Condition="DoQuest(40606)" >
				<Code File="InteractWith" MobId="245794" NonCompeteDistance="0" InteractBlacklistTimeInSeconds="1" InteractByLooting="true" QuestId="40606" QuestObjectiveIndex="1" X="-10433.74" Y="-2136.538" Z="91.61791" />
			</While>
			<TurnIn QuestName="To Point the Way" QuestId="40606" TurnInName="Revil Kost" TurnInId="100729" X="-10440.19" Y="-2143.814" Z="90.77973" />

			<PickUp QuestName="The Fate of Deadwind" QuestId="40611" GiverName="Revil Kost" GiverId="100729" X="-10440.19" Y="-2143.814" Z="90.77973" />
			<While Condition="DoQuest(40611)" >
				<If Condition="!IsObjectiveComplete(1, 40611)" >
					<MoveTo Nav="Fly" QuestId="40611" QuestObjectiveIndex="1" X="-10457.95" Y="-1714.108" Z="83.38843" />
					<Code File="WaitTimer" WaitTime="2000" />
					<Code File="Misc\RunLua" Lua="ExtraActionButton1:Click();" />
					<Code File="WaitTimer" WaitTime="25000" TerminateWhen="IsObjectiveComplete(1, 40611)" />
				</If>
				<If Condition="!IsObjectiveComplete(3, 40611)" >
					<MoveTo Nav="Fly" QuestId="40611" QuestObjectiveIndex="3" X="-10906.27" Y="-2006.087" Z="112.5387" />
					<Code File="WaitTimer" WaitTime="2000" />
					<Code File="Misc\RunLua" Lua="ExtraActionButton1:Click();" />
					<Code File="WaitTimer" WaitTime="25000" TerminateWhen="IsObjectiveComplete(3, 40611)" />
				</If>
				<If Condition="!IsObjectiveComplete(2, 40611)" >
					<MoveTo Nav="Fly" QuestId="40611" QuestObjectiveIndex="2" X="-11153.77" Y="-1845.082" Z="71.61025" />
					<MoveTo Nav="Run" QuestId="40611" QuestObjectiveIndex="2" X="-11176.98" Y="-1854.881" Z="73.862" />
					<Code File="WaitTimer" WaitTime="2000" />
					<Code File="Misc\RunLua" Lua="ExtraActionButton1:Click();" />
					<Code File="WaitTimer" WaitTime="25000" TerminateWhen="IsObjectiveComplete(2, 40611)" />
				</If>
			</While>
			<TurnIn QuestName="The Fate of Deadwind" QuestId="40611" TurnInName="Revil Kost" TurnInId="100812" X="-11112.19" Y="-2070.07" Z="45.40069" />

			<PickUp QuestName="The Dark Riders" QuestId="40623" GiverName="Revil Kost" GiverId="100812" X="-11112.19" Y="-2070.07" Z="45.40069" />
			<!-- Alternative "mean" quest  
			<PickUp QuestName="The Dark Riders" QuestId="41155" GiverName="Revil Kost" GiverId="100812" X="-11112.19" Y="-2070.07" Z="45.40069" /> -->
			<While Condition="DoQuest(40623)" >
				<If Condition="Bots.DungeonBuddy.Helpers.ScenarioInfo.Current.CurrentStageNumber == 0" > 
					<MoveTo X="-11017.52" Y="-1993.153" Z="24.90709" />
					<Code File="WaitTimer" WaitTime="15000" TerminateWhen="Bots.DungeonBuddy.Helpers.ScenarioInfo.Current.CurrentStageNumber != null" />
					<Code File="InteractWith" MobId="247322" X="-11018.1" Y="-1988.818" Z="24.90163" />
				</If>

				<If Condition="Bots.DungeonBuddy.Helpers.ScenarioInfo.Current.CurrentStageNumber == 1" >
					<MoveTo X="-10992.48" Y="-1973.47" Z="-48.74293" />
					<MoveTo X="-10962.58" Y="-1973.511" Z="-49.81652" />
				</If>

				<If Condition="Bots.DungeonBuddy.Helpers.ScenarioInfo.Current.CurrentStageNumber == 2" >
					<MoveTo X="-10964.68" Y="-1967.501" Z="-49.81814" />
					<Code File="RunCode"><![CDATA[
							await Coroutine.Sleep(750);
							SpellManager.Cast(111771);
							SpellManager.ClickRemoteLocation(new Vector3(-10965.31f, -1940.077f, -49.8032f));
							await Coroutine.Sleep(3500);
						]]> 
					</Code>
					<Code File="InteractWith" MobId="59271" X="-10965.45" Y="-1969.487" Z="-49.81665" TerminateWhen="Bots.DungeonBuddy.Helpers.ScenarioInfo.Current.CurrentStageNumber != 2 || Unit(59271) == null" />
					<Code File="WaitTimer" WaitTime="6000" TerminateWhen="Bots.DungeonBuddy.Helpers.ScenarioInfo.Current.CurrentStageNumber != 2 || Unit(59271) == null" />
				</If>

				<If Condition="Bots.DungeonBuddy.Helpers.ScenarioInfo.Current.CurrentStageNumber == 3" >
					<Code File="KillUntilComplete" MobId="101257" X="-10965.68" Y="-1921.035" Z="-49.87052" TerminateWhen="Bots.DungeonBuddy.Helpers.ScenarioInfo.Current.CurrentStageNumber != 3" />
				</If>

				<If Condition="Bots.DungeonBuddy.Helpers.ScenarioInfo.Current.CurrentStageNumber == 4" >
					<Code File="InteractWith" MobId="245994" WaitTime="1500" X="-10962.74" Y="-1878.208" Z="-46.15247" />
					<Code File="WaitTimer" WaitTime="30000" TerminateWhen="Bots.DungeonBuddy.Helpers.ScenarioInfo.Current.CurrentStageNumber != 4" />
				</If>

				<If Condition="Bots.DungeonBuddy.Helpers.ScenarioInfo.Current.CurrentStageNumber == 5" >
					<MoveTo X="-10885.38" Y="-1962.469" Z="-41.20673" />
					<Code File="WaitTimer" WaitTime="15000" />
				</If>

				<If Condition="Bots.DungeonBuddy.Helpers.ScenarioInfo.Current.CurrentStageNumber == 6" >
					<!-- NOTE: <AddAvoid> : Might need to avoid when he throws the staff.  It doesn't move or anything so it should be low priority. -->
					<Code File="KillUntilComplete" MobId="100344" X="-10866.06" Y="-1962.245" Z="-41.08077" TerminateWhen="Bots.DungeonBuddy.Helpers.ScenarioInfo.Current.CurrentStageNumber != 6" />
				</If>

				<If Condition="Bots.DungeonBuddy.Helpers.ScenarioInfo.Current.CurrentStageNumber == 7" >
					<Code File="InteractWith" MobId="246021" InteractByLooting="true" WaitTime="1500" X="-10865.06" Y="-1961.418" Z="-39.34591" />
					<Code File="Misc\RunLua" Lua="LootButton1:Click();" /> <!-- Extra code in case the IW doesn't loot. -->
					<Code File="WaitTimer" WaitTime="10000" /> <!-- Wait for little cinematic. -->
				</If>
			</While>
			<TurnIn QuestName="The Dark Riders" QuestId="40623" TurnInName="Revil Kost" TurnInId="101282" X="-10871.4" Y="-1961.52" Z="-41.03577" />
			<!-- Alternative "mean" quest.
			<TurnIn QuestName="The Dark Riders" QuestId="41155" TurnInName="Revil Kost" TurnInId="101282" X="-10871.4" Y="-1961.52" Z="-41.03577" /> -->
		<!-- END Story: Artifact Weapon - Ulthalesh, the Deadwind Harvester -->


		<If Condition="!IsQuestCompleted(40731)" >
			<PickUp QuestName="The Power Possessed" QuestId="40712" GiverName="Revil Kost" GiverId="101282" X="-10871.4" Y="-1961.52" Z="-41.03577" />
			<!-- Alternative "mean" quest. 
			<PickUp QuestName="The Power Possessed" QuestId="41156" GiverName="Revil Kost" GiverId="101282" X="-10871.4" Y="-1961.52" Z="-41.03577" /> -->
			<If Condition="HasQuest(40712) &amp;&amp; Me.ZoneId == 41" > <!-- NOTE: <CheckId> Should only run if player is in Karazhan Catacombs. --> 
				<Code File="RunCode"><![CDATA[
					if (!(Me.ZoneId == 7502 || Me.ZoneId == 8392) && HasItem(140192))
					{
						Bots.Professionbuddy.PBLog.Log(System.Windows.Media.Colors.DeepSkyBlue, "[Azyul Navigator]: ", System.Windows.Media.Colors.LightGreen, "Using Dalaran Hearthstone!");
						await CommonCoroutines.LandAndDismount("Using Hearthstone to reach Dalaran (Broken Isles)");
						await CommonCoroutines.StopMoving(); 
						WoWItem dalaranHearth = StyxWoW.Me.BagItems.FirstOrDefault(x => x.Entry == 140192);
						if (dalaranHearth.CooldownTimeLeft != TimeSpan.Zero)
						{
							Logging.Write(System.Windows.Media.Colors.Yellow, "[Profile]: Awaiting cooldown before attempting hearth!");
							await Coroutine.Wait(1206000, () => dalaranHearth.CooldownTimeLeft == TimeSpan.Zero);
						}
						dalaranHearth.Interact();
						var currentLoc = StyxWoW.Me.ZoneId;
						await Coroutine.Wait(30000, () => StyxWoW.Me.ZoneId != currentLoc);
						await Coroutine.Sleep(1500);
					}
				]]>
				</Code>
			</If>
			<TurnIn QuestName="The Power Possessed" QuestId="40712" TurnInName="Calydus" TurnInId="101097" X="-858.3073" Y="4456.332" Z="695.9577" />
			<Code File="LoadProfile" ProfileName="../Class Hall Loaders/Warlock.xml" />
		</If>

	</QuestOrder>
</HBProfile>

<!-- Notes:

	The Heart of the Dreadscar (40731) is used to determine if we've got the first artifact or not because NPC positions change after this quest.
	Checking if this quest is completed can be used to determine where the NPCs are at for the bot and where we should look for them.
	The Heart of the Dreadscar (40731) is completed directly after completing obtaining your first artifact weapon, so it should be reliable enough to check with.

	Contiuing the Legend is the quest to unlock your second artifact choice.

	One Last Adventure is the quest to unlock your third artifact choice.
-->