<HBProfile xsi:noNamespaceSchemaLocation="../../../Schemas/QuestProfileSchema.xsd" xmlns:xsi="http://www.w3.org/2001/XMLSchema-instance">
    <Name>[A] Extinguishing Kalimdor [Kick] ($ShortHash$)</Name>
    <MinLevel>1</MinLevel>
    <MaxLevel>1001</MaxLevel>

    <MinDurability>0.1</MinDurability>
    <MinFreeBagSlots>1</MinFreeBagSlots>

    <QuestOrder>

        <CustomBehavior File="UserSettings" KillBetweenHotspots="true" />
        <LootMobs Value="true" />
        <UseMount Value="false" />
        <DisableBehavior Name="Pull" />



        <!-- Ramkahen / Uldum Extinguish Horde Bonfire -->
        <CustomBehavior File="FlyTo" DestName="Uldum Horde Bonfire" X="-9456.155" Y="-846.163" Z="107.4393" />
        <CustomBehavior File="ForcedDismount" />
        <CustomBehavior File="InteractWith" MobId="208094" Range="10" WaitTime="3000" />
        <CustomBehavior File="RunMacro" Macro="/click GossipTitleButton1" />
        <CustomBehavior File="RunMacro" Macro="/click QuestFrameCompleteQuestButton" />

        <!-- Gadgetzan / Tanaris Extinguish Horde Bonfire -->
        <CustomBehavior File="FlyTo" DestName="Tanaris Horde Bonfire" X="-7131.626" Y="-3659.538" Z="9.542328" />
        <CustomBehavior File="ForcedDismount" />
        <CustomBehavior File="InteractWith" MobId="187952" Range="10" WaitTime="3000" />
        <CustomBehavior File="RunMacro" Macro="/click GossipTitleButton1" />
        <CustomBehavior File="RunMacro" Macro="/click QuestFrameCompleteQuestButton" />

        <!-- Marshal's Stand / Un'Goro Extinguish Horde Bonfire -->
        <CustomBehavior File="FlyTo" DestName="Un'Goro Horde Bonfire" X="-7588.006" Y="-1549.917" Z="-271.3822" />
        <CustomBehavior File="ForcedDismount" />
        <CustomBehavior File="InteractWith" MobId="207992" Range="10" WaitTime="3000" />
        <CustomBehavior File="RunMacro" Macro="/click GossipTitleButton1" />
        <CustomBehavior File="RunMacro" Macro="/click QuestFrameCompleteQuestButton" />

        <!-- Cenarion Hold / Silithus Extinguish Horde Bonfire -->
        <CustomBehavior File="FlyTo" DestName="Silithus Horde Bonfire" X="-7007.776" Y="910.4926" Z="9.852454" />
        <CustomBehavior File="ForcedDismount" />
        <CustomBehavior File="InteractWith" MobId="187950" Range="10" WaitTime="3000" />
        <CustomBehavior File="RunMacro" Macro="/click GossipTitleButton1" />
        <CustomBehavior File="RunMacro" Macro="/click QuestFrameCompleteQuestButton" />

        <!-- Camp Mojache / Feralas Extinguish Horde Bonfire -->
        <CustomBehavior File="FlyTo" DestName="Feralas Horde Bonfire" X="-4568.858" Y="397.7758" Z="41.54452" />
        <CustomBehavior File="ForcedDismount" />
        <CustomBehavior File="InteractWith" MobId="187961" Range="10" WaitTime="3000" />
        <CustomBehavior File="RunMacro" Macro="/click GossipTitleButton1" />
        <CustomBehavior File="RunMacro" Macro="/click QuestFrameCompleteQuestButton" />

        <!-- Shadowprey Village / Desolace Extinguish Horde Bonfire -->
        <CustomBehavior File="FlyTo" DestName="Desolace Horde Bonfire" X="-1867.352" Y="3049.932" Z="9.645593" />
        <CustomBehavior File="ForcedDismount" />
        <CustomBehavior File="InteractWith" MobId="187957" Range="10" WaitTime="3000" />
        <CustomBehavior File="RunMacro" Macro="/click GossipTitleButton1" />
        <CustomBehavior File="RunMacro" Macro="/click QuestFrameCompleteQuestButton" />

        <!-- Spirit Rise in Thunderbluff Extinguish Horde Bonfire -->
        <CustomBehavior File="FlyTo" DestName="Thunderbluff Horde Bonfire" X="-1063.403" Y="324.2569" Z="157.7349" />
        <CustomBehavior File="UserDialog" AllowBotStop="true" SoundCue="Exclamation" SoundCueInterval="1"
                        Text="Use the fire and then fight the guards or jump off the side and float down if you have the ability to" />
        <!--
            <CustomBehavior File="InteractWith" MobId="181337" Range="10" WaitTime="3000" />
            <CustomBehavior File="RunMacro" Macro="/click GossipTitleButton1" />
            <CustomBehavior File="RunMacro" Macro="/click QuestFrameCompleteQuestButton" />
        -->

        <!-- Bloodhoof Village / Mulgore Extinguish Horde Bonfire -->
        <CustomBehavior File="FlyTo" DestName="Mulgore Horde Bonfire" X="-2336.219" Y="-631.0269" Z="-7.649119" />
        <CustomBehavior File="ForcedDismount" />
        <CustomBehavior File="InteractWith" MobId="187965" Range="10" WaitTime="3000" />
        <CustomBehavior File="RunMacro" Macro="/click GossipTitleButton1" />
        <CustomBehavior File="RunMacro" Macro="/click QuestFrameCompleteQuestButton" />

        <!-- Desolation Hold / S. Barrens Extinguish Horde Bonfire -->
        <CustomBehavior File="FlyTo" DestName="S. Barrens Horde Bonfire" X="-3125.502" Y="-1653.278" Z="95.55965" />
        <CustomBehavior File="ForcedDismount" />
        <CustomBehavior File="InteractWith" MobId="207986" Range="10" WaitTime="3000" />
        <CustomBehavior File="RunMacro" Macro="/click GossipTitleButton1" />
        <CustomBehavior File="RunMacro" Macro="/click QuestFrameCompleteQuestButton" />

        <!-- Brackenwall Village / Dustwallow Extinguish Horde Bonfire -->
        <CustomBehavior File="FlyTo" DestName="Dustwallow Horde Bonfire" X="-3117.482" Y="-2722.29" Z="33.61895" />
        <CustomBehavior File="ForcedDismount" />
        <CustomBehavior File="InteractWith" MobId="187959" Range="10" WaitTime="3000" />
        <CustomBehavior File="RunMacro" Macro="/click GossipTitleButton1" />
        <CustomBehavior File="RunMacro" Macro="/click QuestFrameCompleteQuestButton" />

        <!-- The Crossroads / N. Barrens Extinguish Horde Bonfire -->
        <CustomBehavior File="FlyTo" DestName="N. Barrens Horde Bonfire" X="-264.5789" Y="-2662.622" Z="92.83258" />
        <CustomBehavior File="ForcedDismount" />
        <CustomBehavior File="InteractWith" MobId="187971" Range="10" WaitTime="3000" />
        <CustomBehavior File="RunMacro" Macro="/click GossipTitleButton1" />
        <CustomBehavior File="RunMacro" Macro="/click QuestFrameCompleteQuestButton" />

        <!-- Sun Rock / Stonetalon Extinguish Horde Bonfire -->
        <CustomBehavior File="FlyTo" DestName="Stonetalon Horde Bonfire" X="946.5354" Y="773.3939" Z="104.3224" />
        <CustomBehavior File="ForcedDismount" />
        <CustomBehavior File="InteractWith" MobId="187968" Range="10" WaitTime="3000" />
        <CustomBehavior File="RunMacro" Macro="/click GossipTitleButton1" />
        <CustomBehavior File="RunMacro" Macro="/click QuestFrameCompleteQuestButton" />

        <!-- Razor Hill / Durator Extinguish Horde Bonfire -->
        <CustomBehavior File="FlyTo" DestName="Durator Horde Bonfire" X="150.6022" Y="-4710.863" Z="18.56831" />
        <CustomBehavior File="ForcedDismount" />
        <CustomBehavior File="InteractWith" MobId="187958" Range="10" WaitTime="3000" />
        <CustomBehavior File="RunMacro" Macro="/click GossipTitleButton1" />
        <CustomBehavior File="RunMacro" Macro="/click QuestFrameCompleteQuestButton" />

        <!-- Orgrimmar Extinguish Horde Bonfire -->
        <CustomBehavior File="FlyTo" DestName="Orgrimmar Horde Bonfire" X="2045.84" Y="-4310.368" Z="381.7617" />
        <CustomBehavior File="UserDialog" AllowBotStop="true" SoundCue="Exclamation" SoundCueInterval="1"
                        Text="Get the Horde Bonfire dropquest (it's right below you) and then press continue\n\nOr press continue to 'skip' this due to major agro" />
        <!--
            <CustomBehavior File="InteractWith" MobId="" Range="10" WaitTime="3000" />
            <CustomBehavior File="RunMacro" Macro="/click GossipTitleButton1" />
            <CustomBehavior File="RunMacro" Macro="/click QuestFrameCompleteQuestButton" />
        -->

        <!-- Silverwind Refuge / Ashenvale Extinguish Horde Bonfire -->
        <CustomBehavior File="FlyTo" DestName="Ashenvale Horde Bonfire" X="2103.045" Y="-1275.85" Z="99.63343" />
        <CustomBehavior File="ForcedDismount" />
        <CustomBehavior File="InteractWith" MobId="187948" Range="10" WaitTime="3000" />
        <CustomBehavior File="RunMacro" Macro="/click GossipTitleButton1" />
        <CustomBehavior File="RunMacro" Macro="/click QuestFrameCompleteQuestButton" />

        <!-- Bilgewater Harbor / Azshara Extinguish Horde Bonfire -->
        <CustomBehavior File="FlyTo" DestName="Azshara Horde Bonfire" X="3410.87" Y="-6702.404" Z="204.6768" />
        <CustomBehavior File="ForcedDismount" />
        <CustomBehavior File="InteractWith" MobId="207991" Range="10" WaitTime="3000" />
        <CustomBehavior File="RunMacro" Macro="/click GossipTitleButton1" />
        <CustomBehavior File="RunMacro" Macro="/click QuestFrameCompleteQuestButton" />

        <!-- Everlook / Winterspring Extinguish Horde Bonfire -->
        <CustomBehavior File="FlyTo" DestName="Winterspring Horde Bonfire" X="6860.327" Y="-4559.207" Z="708.1618" />
        <CustomBehavior File="ForcedDismount" />
        <CustomBehavior File="InteractWith" MobId="187953" Range="10" WaitTime="3000" />
        <CustomBehavior File="RunMacro" Macro="/click GossipTitleButton1" />
        <CustomBehavior File="RunMacro" Macro="/click QuestFrameCompleteQuestButton" />


        <EnableBehavior Name="Pull" />
        <CustomBehavior File="UserDialog" AllowBotStop="true" SoundCue="Exclamation" SoundCueInterval="1"
                        Text="Grats on your ach!\n\nEnd of Line" />
    </QuestOrder>
</HBProfile>
