﻿<HBProfile xsi:noNamespaceSchemaLocation="../../../Schemas/QuestProfileSchema.xsd" xmlns:xsi="http://www.w3.org/2001/XMLSchema-instance">
    <Name>[A - Quest] Garrison Campaign: Seismic Matters 100 [Kick] ($ShortHash$)</Name>

    <MinLevel>90</MinLevel>
    <MaxLevel>1001</MaxLevel>

    <MinDurability>0.2</MinDurability>
    <MinFreeBagSlots>2</MinFreeBagSlots>

    <MailGrey>false</MailGrey>
    <MailWhite>false</MailWhite>
    <MailGreen>false</MailGreen>
    <MailBlue>true</MailBlue>
    <MailPurple>true</MailPurple>

    <SellGrey>true</SellGrey>
    <SellWhite>true</SellWhite>
    <SellGreen>true</SellGreen>
    <SellBlue>false</SellBlue>
    <SellPurple>false</SellPurple>

    <TargetElites>true</TargetElites>

    <AvoidMobs>
        <!--<Vendor Name="Bloodied Slayer" Entry="84765" Type="Repair" X="4261.436" Y="6201.667" Z="100.1521" />-->
    </AvoidMobs>
    <Blackspots>
    </Blackspots>
    <Mailboxes>

    </Mailboxes>
    <Vendors>

    </Vendors>

	<Quest Id="34032" Name="Privileged Information">
		<Objective Type="CollectItem" ItemId="110453" CollectCount="1">
			<CollectFrom>
				<Mob Name="Overlord Blackhammer" Entry="77175" />
			</CollectFrom>
			<Hotspots>
				<Hotspot X="6413.874" Y="2208.172" Z="201.9373" />
			</Hotspots>
		</Objective>
	</Quest>

    <QuestOrder>
	
		<!-- User settings - Kill between hotspots false -->
        <LootMobs Value="true" />
        <UseMount Value="true" />
    
		<!-- Pick up at Garrison -->
		<PickUp Nav="Fly" QuestName="Garrison Campaign: Seismic Matters" QuestId="34026" GiverName="Baros Alexston" GiverId="77209" X="1940.521" Y="345.9965" Z="90.40537" />
		<TurnIn Nav="Fly" QuestName="Garrison Campaign: Seismic Matters" QuestId="34026" TurnInName="Jr. Surveyor Dorn" TurnInId="77217" X="1772.792" Y="104.941" Z="77.36442" />
		<PickUp Nav="Fly" QuestName="Groundbreaking Data" QuestId="34027" GiverName="Jr. Surveyor Dorn" GiverId="77217" X="1772.792" Y="104.941" Z="77.36442" />
			<While Condition="HasQuest(34027) &amp;&amp; !IsQuestCompleted(34027)" > <!-- Groundbreaking Data -->
				<CustomBehavior File="InteractWith" QuestId="34027" MobId="77225" Range="4" WaitTime="2000" X="1774.804" Y="104.8611" Z="77.5006" />
				<CustomBehavior File="WaitTimer" QuestId="34027" WaitTime="180000" GoalText="Waiting for agro to clear {TimeRemaining}" />
			</While>
		<TurnIn Nav="Fly" QuestName="Groundbreaking Data" QuestId="34027" TurnInName="Jr. Surveyor Dorn" TurnInId="77217" X="1772.792" Y="104.941" Z="77.36442" />
		<PickUp Nav="Fly" QuestName="These Look Familiar..." QuestId="34028" GiverName="Jr. Surveyor Dorn" GiverId="77217" X="1772.792" Y="104.941" Z="77.36442" />
			<While Condition="HasQuest(34028) &amp;&amp; !IsQuestCompleted(34028)" > <!-- These Look Familiar... -->
				<MoveTo QuestId="34028" X="8167.436" Y="-627.6668" Z="-28.82471" />
				<CustomBehavior File="WaitTimer" QuestId="34028" WaitTime="5000" GoalText="Waiting for quest to complete {TimeRemaining}" />
			</While>
		<TurnIn Nav="Fly" QuestName="These Look Familiar..." QuestId="34028" TurnInName="Hansel Heavyhands" TurnInId="77160" X="8166.522" Y="-627.1215" Z="-28.82492" />
		<PickUp Nav="Fly" QuestName="The Prototype" QuestId="34029" GiverName="Hansel Heavyhands" GiverId="77160" X="8166.522" Y="-627.1215" Z="-28.82492" />
			<While Condition="HasQuest(34029) &amp;&amp; !IsQuestCompleted(34029)" > <!-- The Prototype -->
				<MoveTo QuestId="34029" DestName="Mole Machine" X="8195.313" Y="-595.3071" Z="-30.59277" />
				<CustomBehavior File="InteractWith" QuestId="34029" MobId="227270" Range="8" WaitTime="5000" X="8194.646" Y="-589.4792" Z="-30.3804" />

				<!-- kill cinematic - 35s long -->
				<CustomBehavior File="Misc\RunLua" Lua="if MovieFrame and MovieFrame:IsVisible() then MovieFrame:StopMovie() elseif CinematicFrame and CinematicFrame:IsVisible() then CinematicFrame_CancelCinematic() end" WaitTime="1000" />
				<CustomBehavior File="WaitTimer" QuestId="34029" WaitTime="35000" GoalText="Waiting for cutscene to end {TimeRemaining}" />
				<CustomBehavior File="WaitTimer" WaitTime="4000" GoalText="Waiting for objective to complete {TimeRemaining}" />
			</While>
		<TurnIn Nav="Fly" QuestName="The Prototype" QuestId="34029" TurnInName="Hansel Heavyhands" TurnInId="77160" X="6280.618" Y="2224.257" Z="136.6519" />
		<PickUp Nav="Fly" QuestName="The Captive Engineer" QuestId="34030" GiverName="Hansel Heavyhands" GiverId="77160" X="6280.618" Y="2224.257" Z="136.6519" />
			<While Condition="HasQuest(34030) &amp;&amp; !IsQuestCompleted(34030)" > <!-- The Captive Engineer -->
				<MoveTo QuestId="34030" X="6257.943" Y="2100.903" Z="142.4537" />
				<CustomBehavior File="WaitTimer" QuestId="34030" WaitTime="5000" GoalText="Waiting for quest to complete {TimeRemaining}" />
			</While>
			<If Condition="HasQuest(34030) &amp;&amp; IsQuestCompleted(34030)" > <!-- The Captive Engineer -->
		<TurnIn Nav="Fly" QuestName="The Captive Engineer" QuestId="34030" TurnInName="Thaelin Darkanvil" TurnInId="77161" X="6257.943" Y="2100.903" Z="142.4537" />
				<CustomBehavior File="WaitTimer" WaitTime="10000" GoalText="Waiting for quest to complete {TimeRemaining}" />
			</If>
		<PickUp Nav="Fly" QuestName="Mole Machine, Go Home" QuestId="34048" GiverName="Thaelin Darkanvil" GiverId="77327" X="6253.664" Y="2102.601" Z="142.4468" />
		<PickUp Nav="Fly" QuestName="Something to Remember Me By" QuestId="34031" GiverName="Thaelin Darkanvil" GiverId="77327" X="6253.664" Y="2102.601" Z="142.4468" />
			<!-- Mole Machine needs some help, it has issues clicking the machine -->
			<While Condition="HasQuest(34048) &amp;&amp; !IsQuestCompleted(34048)" > <!-- "Mole Machine, Go Home" -->
				<CustomBehavior File="InteractWith" QuestId="34048" MobId="227172" CollectionDistance="500" WaitTime="5000" MinRange="6" Range="9" PreInteractMountStrategy="Dismount" >
					<HuntingGrounds>
						<Hotspot X="6186.733" Y="2153.845" Z="145.0184" />
						<Hotspot X="6043.653" Y="2436.061" Z="221.0905" />
						<Hotspot X="5906.995" Y="2295.059" Z="184.0511" />
						<Hotspot X="5904.264" Y="2119.238" Z="168.5267" />
						<Hotspot X="5985.077" Y="2228.168" Z="154.9662" />
						<Hotspot X="6103.433" Y="2332.679" Z="171.7131" />
						<Hotspot X="6212.893" Y="2294.962" Z="178.4035" />
					</HuntingGrounds>
				</CustomBehavior>
			</While>
			<While Condition="HasQuest(34031) &amp;&amp; !IsQuestCompleted(34031)" > <!-- Something to Remember Me By -->
				<CustomBehavior File="InteractWith" QuestId="34031" MobId="227183" CollectionDistance="500" Range="4" PreInteractMountStrategy="Dismount" >
					<HuntingGrounds>
						<Hotspot X="6186.733" Y="2153.845" Z="145.0184" />
						<Hotspot X="6043.653" Y="2436.061" Z="221.0905" />
						<Hotspot X="5906.995" Y="2295.059" Z="184.0511" />
						<Hotspot X="5904.264" Y="2119.238" Z="168.5267" />
						<Hotspot X="5985.077" Y="2228.168" Z="154.9662" />
						<Hotspot X="6103.433" Y="2332.679" Z="171.7131" />
						<Hotspot X="6212.893" Y="2294.962" Z="178.4035" />
					</HuntingGrounds>
				</CustomBehavior>
			</While>
		<TurnIn Nav="Fly" QuestName="Something to Remember Me By" QuestId="34031" TurnInName="Thaelin Darkanvil" TurnInId="77327" X="6082.379" Y="2200.243" Z="152.3299" />
		<TurnIn Nav="Fly" QuestName="Mole Machine, Go Home" QuestId="34048" TurnInName="Thaelin Darkanvil" TurnInId="77327" X="6082.379" Y="2200.243" Z="152.3299" />
		<PickUp Nav="Fly" QuestName="Privileged Information" QuestId="34032" GiverName="Thaelin Darkanvil" GiverId="77327" X="6082.379" Y="2200.243" Z="152.3299" />
			<Objective QuestName="Privileged Information" QuestId="34032" Type="CollectItem" Nav="Fly" ItemId="110453" CollectCount="1" />
		<TurnIn Nav="Fly" QuestName="Privileged Information" QuestId="34032" TurnInName="Thaelin Darkanvil" TurnInId="77327" X="6409.641" Y="2210.135" Z="201.9373" />
		<PickUp Nav="Fly" QuestName="And The Mole You Rode In On" QuestId="34033" GiverName="Thaelin Darkanvil" GiverId="77327" X="6409.641" Y="2210.135" Z="201.9373" />
			<While Condition="HasQuest(34033) &amp;&amp; !IsQuestCompleted(34033)" > <!-- And The Mole You Rode In On -->
				<MoveTo QuestId="34033" X="6279.757" Y="2221.771" Z="136.6562" />
				<CustomBehavior File="WaitTimer" QuestId="34033" WaitTime="5000" GoalText="Waiting for quest to complete {TimeRemaining}" />
				<CustomBehavior File="InteractWith" MobId="227231" Range="8" WaitTime="15000" X="6279.757" Y="2221.771" Z="136.6562" />
			</While>
		<TurnIn Nav="Fly" QuestName="And The Mole You Rode In On" QuestId="34033" TurnInName="Thaelin Darkanvil" TurnInId="77161" X="1784.38" Y="103.8264" Z="77.50673" />
	
			<CustomBehavior File="UserDialog" AllowBotStop="True" SoundCue="Exclamation" SoundCueInterval="1" Text="Garrison Campaign completed" />

    </QuestOrder>

</HBProfile>