﻿<HBProfile xsi:noNamespaceSchemaLocation="../../../Schemas/QuestProfileSchema.xsd" xmlns:xsi="http://www.w3.org/2001/XMLSchema-instance">
    <Name>[A - Quest] Ashran Starter Quests [Kick] ($ShortHash$)</Name>

    <MinLevel>90</MinLevel>
    <MaxLevel>1001</MaxLevel>

    <MinDurability>0.2</MinDurability>
    <MinFreeBagSlots>2</MinFreeBagSlots>


    
    <QuestOrder>
	

        <LootMobs Value="true" />
        <UseMount Value="true" />
		
		<PickUp QuestName="Ashran Appearance" QuestId="36624" GiverName="Lieutenant Thorn" GiverId="79953" X="1847.073" Y="270.6632" Z="78.39755" />
		<If Condition="HasQuest(36624) &amp;&amp; !IsQuestCompleted(36624)" > <!-- Ashran Appearance -->
			<CustomBehavior File="InteractWith" MobId="81103" GossipOptions="2" WaitTime="4000" X="1864.33" Y="217.8108" Z="76.63772" />
		</If>
		<TurnIn QuestName="Ashran Appearance" QuestId="36624" TurnInName="Private Tristan" TurnInId="86065" X="3679.266" Y="-3845.21" Z="45.04602" />
		<PickUp QuestName="Host Howell" QuestId="36626" GiverName="Private Tristan" GiverId="86065" X="3668.431" Y="-3852.275" Z="42.7906" />
		<TurnIn QuestName="Host Howell" QuestId="36626" TurnInName="Lieutenant Howell" TurnInId="86069" X="3560.73" Y="-3869.205" Z="7.02828" />
		<PickUp QuestName="Inspiring Ashran" QuestId="36629" GiverName="Lieutenant Howell" GiverId="86069" X="3560.73" Y="-3869.205" Z="7.02828" />
		<While Condition="HasQuest(36629) &amp;&amp; !IsQuestCompleted(36629)" > <!-- Inspiring Ashran -->
			<CustomBehavior File="InteractWith" QuestId="36629" MobId="85956" TerminateWhen="IsObjectiveComplete(1, 36629)" NonCompeteDistance="0" X="3551.286" Y="-3870.589" Z="7.565745" /> <!-- Jaesia Rosecheer -->
			<CustomBehavior File="InteractWith" QuestId="36629" MobId="86148" TerminateWhen="IsObjectiveComplete(2, 36629)" NonCompeteDistance="0" X="3717.146" Y="-4055.941" Z="45.07658" /> <!-- New Recruit / Knewbie McGreen-->
            
            <!-- Get Fen Tao First -->
			<MoveTo Nav="Fly" DestName="Fen Tao" X="3598.306" Y="-3925.037" Z="18.48537" />
			<CustomBehavior File="InteractWith" MobId="91483" WaitTime="3000" GossipOptions="1,1" KeepTargetSelected="True" X="3584.723" Y="-3936.229" Z="21.34824" />
			<CustomBehavior File="Misc\RunLua" Lua="StaticPopup1Button1:Click()" />
			<CustomBehavior File="WaitTimer" WaitTime="5000" GoalText="Waiting for quest to complete {TimeRemaining}" />
            
            <MoveTo Nav="Fly" X="3598.306" Y="-3925.037" Z="18.48537" />
			<CustomBehavior File="InteractWith" QuestId="36629" MobId="85932" TerminateWhen="IsObjectiveComplete(3, 36629)" NonCompeteDistance="0" X="3556.484" Y="-3945.392" Z="22.74141" /> <!-- Vindicator Nuurem -->
		</While>
		<TurnIn QuestName="Inspiring Ashran" QuestId="36629" TurnInName="Lieutenant Howell" TurnInId="86069" X="3560.73" Y="-3869.205" Z="7.02828" />
		<PickUp QuestName="A Surly Dwarf" QuestId="36630" GiverName="Lieutenant Howell" GiverId="86069" X="3560.73" Y="-3869.205" Z="7.02828" />
		<TurnIn QuestName="A Surly Dwarf" QuestId="36630" TurnInName="Delvar Ironfist" TurnInId="86084" X="3767.985" Y="-3954.955" Z="27.79601" />
		<If Condition="!HasQuest(36633) &amp;&amp; !IsQuestCompleted(36633)" > <!-- Delvar Ironfist / Follower -->
			<MoveTo Nav="Fly" DestName="Delvar Ironfist" X="3767.985" Y="-3954.955" Z="27.79601" />
			<CustomBehavior File="InteractWith" MobId="86084" WaitTime="3000" X="3767.985" Y="-3954.955" Z="27.79601" />
			<CustomBehavior File="Misc\RunLua" Lua="QuestFrameCompleteQuestButton:Click()" />
			<CustomBehavior File="WaitTimer" WaitTime="5000" GoalText="Waiting for quest to complete {TimeRemaining}" />
		</If>
        <!--
		<If Condition="!HasQuest(00000) &amp;&amp; !IsQuestCompleted(00000)" >  Fen Tao / Follower
			<MoveTo Nav="Fly" DestName="Fen Tao" X="3584.723" Y="-3936.229" Z="21.34824" />
			<CustomBehavior File="InteractWith" MobId="91483" WaitTime="3000" GossipOptions="1,1" KeepTargetSelected="True" X="3584.723" Y="-3936.229" Z="21.34824" />
			<CustomBehavior File="Misc\RunLua" Lua="StaticPopup1Button1:Click()" />
			<CustomBehavior File="WaitTimer" WaitTime="5000" GoalText="Waiting for quest to complete {TimeRemaining}" />
		</If>
         -->
         
        <CustomBehavior File="UseItem" ItemId="110560" WaitTime="15000" /> <!-- Garrison Hearthstone -->
        <MoveTo X="1922.334" Y="294.41" Z="88.9647" /> <!-- Garrison, in case GHS doesn't work -->

    </QuestOrder>
    

</HBProfile>