﻿<HBProfile xsi:noNamespaceSchemaLocation="../../../Schemas/QuestProfileSchema.xsd" xmlns:xsi="http://www.w3.org/2001/XMLSchema-instance">
    <Name>[A - Quest] Bringing the Bass - Jukebox [Kick] ($ShortHash$)</Name>

    <MinLevel>100</MinLevel>
    <MaxLevel>1001</MaxLevel>

    <MinDurability>0.2</MinDurability>
    <MinFreeBagSlots>2</MinFreeBagSlots>

    <MailGrey>false</MailGrey>
    <MailWhite>false</MailWhite>
    <MailGreen>false</MailGreen>
    <MailBlue>true</MailBlue>
    <MailPurple>true</MailPurple>

    <SellGrey>true</SellGrey>
    <SellWhite>true</SellWhite>
    <SellGreen>true</SellGreen>
    <SellBlue>false</SellBlue>
    <SellPurple>false</SellPurple>

    <TargetElites>true</TargetElites>

    <AvoidMobs>
		<Mob Name="Sargerei Demonlord" Entry="81543" />
		<Mob Name="Eye of Zamaya" Entry="88486" />
    </AvoidMobs>
    <Blackspots>
    </Blackspots>
    <Mailboxes>

    </Mailboxes>
    <Vendors>

    </Vendors>


    
    <QuestOrder>
	

        <LootMobs Value="true" />
        <UseMount Value="true" />
		
		<!-- Pick up at garrison, turn in at IF
        <PickUp Nav="Fly" QuestName="Mystery Notebook" QuestId="38344" GiverName="Fix Smallie Biggswrench" GiverId="91589" X="1925.847" Y="315.0851" Z="88.9659" />
            <If Condition="HasQuest(38344)">
                // get to IF logic
            </If>
         <TurnIn Nav="Fly" QuestName="Mystery Notebook" QuestId="38344" TurnInName="Krom Stoutarm" TurnInId="6294" X="-4619.922" Y="-1300.316" Z="503.3816" />
        <PickUp Nav="Fly" QuestName="Numismatics" QuestId="38345" GiverName="Krom Stoutarm" GiverId="6294" X="-4619.922" Y="-1300.316" Z="503.3816" />
            <Objective QuestName="Numismatics" QuestId="38345" Type="CollectItem" Nav="Fly" ItemId="122618" CollectCount="5" /> // heroic daily coins 
        <TurnIn Nav="Fly" QuestName="Numismatics" QuestId="38345" TurnInName="Krom Stoutarm" TurnInId="6294" X="-4619.922" Y="-1300.316" Z="503.3816" />
        -->
        
        <PickUp Nav="Fly" QuestName="Bringing the Bass" QuestId="38356" GiverName="Fix Smallie Biggswrench" GiverId="91589" X="1925.847" Y="315.0851" Z="88.9659" />
            <Objective QuestName="Bringing the Bass" QuestId="38356" Type="CollectItem" Nav="Fly" ItemId="122569" CollectCount="1" /> <!-- Cord of Ancient Wood - Central / East Gorgrond -->
            <Objective QuestName="Bringing the Bass" QuestId="38356" Type="CollectItem" Nav="Fly" ItemId="122568" CollectCount="1" /> <!-- S.P.R.K. Capacitor - North Talador -->
            <Objective QuestName="Bringing the Bass" QuestId="38356" Type="CollectItem" Nav="Fly" ItemId="122567" CollectCount="1" /> <!-- Phonic Amplifier - North Arak / South Talador -->
            <Objective QuestName="Bringing the Bass" QuestId="38356" Type="CollectItem" Nav="Fly" ItemId="122566" CollectCount="1" /> <!-- Laz-Tron Disc Reader - South Arak -->
            <Objective QuestName="Bringing the Bass" QuestId="38356" Type="CollectItem" Nav="Fly" ItemId="122565" CollectCount="1" /> <!-- Bass Blaster - North Nagrand -->
            <!-- Use Garrison Hearthstone -->
        <TurnIn Nav="Fly" QuestName="Bringing the Bass" QuestId="38356" TurnInName="Fix Smallie Biggswrench" TurnInId="91589" X="1925.847" Y="315.0851" Z="88.9659" />
        
        <If Condition="HasItem(122209)"> <!-- Music Roll: Curse of the Worgen -->
            <CustomBehavior File="UseItem" ItemId="122209" WaitTime="4000" /> <!-- Music Roll: Curse of the Worgen -->
        </If>
        <If Condition="HasItem(122208)"> <!-- Music Roll: Exodar -->
            <CustomBehavior File="UseItem" ItemId="122208" WaitTime="4000" /> <!-- Music Roll: Exodar -->
        </If>
        <If Condition="HasItem(122206)"> <!-- Music Roll: Gnomeregan -->
            <CustomBehavior File="UseItem" ItemId="122206" WaitTime="4000" /> <!-- Music Roll: Gnomeregan -->
        </If>
        <If Condition="HasItem(122203)"> <!-- Music Roll: Ironforge -->
            <CustomBehavior File="UseItem" ItemId="122203" WaitTime="4000" /> <!-- Music Roll: Ironforge -->
        </If>
        <If Condition="HasItem(122205)"> <!-- Music Roll: Night Song -->
            <CustomBehavior File="UseItem" ItemId="122205" WaitTime="4000" /> <!-- Music Roll: Night Song -->
        </If>
        <If Condition="HasItem(122201)"> <!-- Music Roll: Stormwind -->
            <CustomBehavior File="UseItem" ItemId="122201" WaitTime="4000" /> <!-- Music Roll: Stormwind -->
        </If>
        <If Condition="HasItem(122219)"> <!-- Music Roll: Way of the Monk -->
            <CustomBehavior File="UseItem" ItemId="122219" WaitTime="4000" /> <!-- Music Roll: Way of the Monk -->
        </If>



        
	
	<CustomBehavior File="UserDialog" AllowBotStop="True" SoundCue="Exclamation" SoundCueInterval="1" Text="Garrison Campaign completed" />
	
	






    </QuestOrder>
    
    <Quest Id="38356" Name="Bringing the Bass">
        <Objective Type="CollectItem" ItemId="122565" CollectCount="1"> <!-- Bass Blaster - North Nagrand -->
            <CollectFrom>
                <GameObject Name="Bass Blaster" Id="240568" />
            </CollectFrom>
            <Hotspots>
                <Hotspot X="4507.72" Y="6029.778" Z="120.4454" />
            </Hotspots>
            <!-- <GameObject Name="Bass Blaster" Entry="240568" X="4511.53" Y="6028.557" Z="119.9874" /> -->
        </Objective>
        <Objective Type="CollectItem" ItemId="122566" CollectCount="1"> <!-- Laz-Tron Disc Reader - South Arak -->
            <CollectFrom>
                <GameObject Name="Laz-Tron Disc Reader" Id="240575" /> <!-- GO -->
            </CollectFrom>
            <Hotspots>
                <Hotspot X="-2277.794" Y="1316.844" Z="34.72956" />
            </Hotspots>
            <!-- <GameObject Name="Laz-Tron Disc Reader" Entry="240575" X="-2276.472" Y="1315.365" Z="34.72933" /> -->
        </Objective>
        <Objective Type="CollectItem" ItemId="122567" CollectCount="1"> <!-- Phonic Amplifier - North Arak / South Talador -->
            <CollectFrom>
                <Mob Name="Stalwart Warden" Id="83988" />
                <Mob Name="Glowing Energizer" Id="83987" />
                <Mob Name="Apexis Sol-Mender" Id="83989" />
            </CollectFrom>
            <Hotspots>
                <Hotspot X="897.7215" Y="1523.482" Z="316.1977" />
                <Hotspot X="885.9285" Y="1570.662" Z="313.7162" />
                <Hotspot X="886.0566" Y="1660.095" Z="303.2653" />
                <Hotspot X="929.8498" Y="1655.166" Z="303.2292" />
                <Hotspot X="957.306" Y="1566.707" Z="303.1388" />
                <Hotspot X="891.6449" Y="1659.022" Z="303.2654" />
                <Hotspot X="924.9608" Y="1657.329" Z="303.2293" />
            </Hotspots>
        </Objective>
        <Objective Type="CollectItem" ItemId="122568" CollectCount="1"> <!-- S.P.R.K. Capacitor - North Talador -->
            <CollectFrom>
                <Mob Name="Iron Shredder" Id="75815" />
            </CollectFrom>
            <Hotspots>
                <Hotspot X="3254.901" Y="2054.534" Z="125.0193" />
                <Hotspot X="3129.712" Y="2034.802" Z="109.3501" />
                <Hotspot X="3156.579" Y="1989.433" Z="116.0037" />
                <Hotspot X="3161.615" Y="1935.075" Z="122.1689" />
                <Hotspot X="3176.294" Y="1867.965" Z="139.888" />
                <Hotspot X="3222.512" Y="1857.8" Z="144.7929" />
                <Hotspot X="3115.898" Y="1863.996" Z="135.748" />
                <Hotspot X="3045.886" Y="1877.994" Z="126.4497" />
                <Hotspot X="2993.881" Y="1904.186" Z="117.4222" />
                <Hotspot X="2955.685" Y="1899.518" Z="117.876" />
                <Hotspot X="2945.718" Y="1833.02" Z="125.8881" />
                <Hotspot X="3074.264" Y="1746.084" Z="151.5279" />
                <Hotspot X="3201.082" Y="1863.781" Z="141.116" />
                <Hotspot X="3386.437" Y="1835.474" Z="167.4292" />
                <Hotspot X="3360.569" Y="1917.71" Z="164.979" />
            </Hotspots>
        </Objective>
        <Objective Type="CollectItem" ItemId="122569" CollectCount="1"> <!-- Cord of Ancient Wood - Central / East Gorgrond -->
            <CollectFrom>
                <Mob Name="Lumbering Ancient" Id="86262" />
            </CollectFrom>
            <Hotspots>
                <!-- very large area with a lot of mobs -->
                <Hotspot X="7169.309" Y="424.1228" Z="110.7858" />
                <Hotspot X="7373.852" Y="344.6953" Z="115.1917" />
                <Hotspot X="7561.34" Y="-12.70669" Z="169.0084" />
            </Hotspots>
        </Objective>
    </Quest>


</HBProfile>