﻿<HBProfile xsi:noNamespaceSchemaLocation="../../../Schemas/QuestProfileSchema.xsd" xmlns:xsi="http://www.w3.org/2001/XMLSchema-instance">
    <Name>[N - Quest] Dagg Follower [Kick] ($ShortHash$)</Name>

    <MinLevel>90</MinLevel>
    <MaxLevel>1001</MaxLevel>

    <MinDurability>0.2</MinDurability>
    <MinFreeBagSlots>2</MinFreeBagSlots>


    
    <QuestOrder>
	

        <LootMobs Value="true" />
        <UseMount Value="true" />
        

        
        <!-- Dagg Follower -->
		<While Condition="!HasQuest(34733) &amp;&amp; !IsQuestCompleted(34733)" > <!-- Dagg / Follower / Services of Dagg -->
            <MoveTo Nav="Fly" DestName="Dagg 1" X="7131.058" Y="5094.097" Z="91.04452" />
            <CustomBehavior File="WaitTimer" WaitTime="2000" GoalText="Waiting for agro to clear {TimeRemaining}" />
            <CustomBehavior File="InteractWith" MobId="230506" WaitTime="3000" Range="6" X="2804.147" Y="5495.722" Z="12.3347" />
        
            <MoveTo Nav="Fly" DestName="Dagg 2" X="5793.269" Y="3486.244" Z="129.4453" />
            <CustomBehavior File="WaitTimer" WaitTime="2000" GoalText="Waiting for agro to clear {TimeRemaining}" />
            <CustomBehavior File="InteractWith" MobId="230498" WaitTime="3000" Range="6" X="5794.33" Y="3476.851" Z="130.5595" />
            
            <CustomBehavior File="WaitTimer" WaitTime="2000" GoalText="Waiting for agro to clear {TimeRemaining}" />
			<CustomBehavior File="UseItem" ItemId="110560" WaitTime="15000" /> <!-- Garrison Hearthstone -->
            <CustomBehavior File="WaitTimer" WaitTime="2000" GoalText="Waiting for wow {TimeRemaining}" />
        
		 <If Condition="!HasQuest(34733) &amp;&amp; !IsQuestCompleted(34733)" > <!-- Dagg / Follower -->
			<MoveTo Nav="Fly" DestName="Dagg" X="1750.122" Y="121.6128" Z="76.6995" />
			<CustomBehavior File="InteractWith" MobId="79492" WaitTime="3000" X="1750.122" Y="121.6128" Z="76.6995" />
			<CustomBehavior File="Misc\RunLua" Lua="QuestFrameCompleteQuestButton:Click()" />
		 </If>
		</While>
        
         

    </QuestOrder>
    

</HBProfile>