<HBProfile xsi:noNamespaceSchemaLocation="../../../Schemas/QuestProfileSchema.xsd"
           xmlns:xsi="http://www.w3.org/2001/XMLSchema-instance">

    <!-- Original contribution by Kickazz006 -->
    <Name>Horde EK to Kalimdor ($ShortHash$)</Name>

    <MinDurability>0.4</MinDurability>
    <MinFreeBagSlots>3</MinFreeBagSlots>

    <MinLevel>1</MinLevel>
    <MaxLevel>1001</MaxLevel>

    <!-- NB: Honorbuddy sells before mailing -->
    <SellGrey>true</SellGrey>
    <SellWhite>true</SellWhite>
    <SellGreen>true</SellGreen>
    <SellBlue>false</SellBlue>
    <SellPurple>false</SellPurple>

    <MailGrey>false</MailGrey>
    <MailWhite>true</MailWhite>
    <MailGreen>true</MailGreen>
    <MailBlue>true</MailBlue>
    <MailPurple>true</MailPurple>


    <QuestOrder>
        <If Condition="Me.ZoneId == 3487 || Me.ZoneId == 3430 || Me.ZoneId == 3433" >
            <MoveTo  X="10011.99" Y="-7025.409" Z="50.13868"/>
            <CustomBehavior File="InteractWith"  MobId="184502" X="10035.41" Y="-7000.657" Z="61.5765" />
        </If>
        <If Condition="Me.MapId == 0">
            <CustomBehavior File="UseTransport" TransportId="164871"
                            WaitAtX="2070.155" WaitAtY="289.2588" WaitAtZ="97.0315"
                            TransportStartX="2062.376" TransportStartY="292.998" TransportStartZ="114.973"
                            TransportEndX="1833.509" TransportEndY="-4391.543" TransportEndZ="152.7679"
                            StandOnX="2067.979" StandOnY="295.2747" StandOnZ="97.23677"
                            GetOffX="1840.225" GetOffY="-4390.912" GetOffZ="135.2337"
                            />
        </If>
        <CustomBehavior File="LoadProfile" ProfileName="..\1-68 Horde Questing" />
    </QuestOrder>
</HBProfile>
