<HBProfile xsi:noNamespaceSchemaLocation="../../../Schemas/QuestProfileSchema.xsd" xmlns:xsi="http://www.w3.org/2001/XMLSchema-instance">
    <Name>SW to Deepholm Portal ($ShortHash$)</Name>
    <MinLevel>1</MinLevel>
    <MaxLevel>1001</MaxLevel>

    <QuestOrder>

        <If Condition="Me.ZoneId == 1519">
            <CustomBehavior File="FlyTo" DestName="Deepholm Portal in SW" X="-8220.625" Y="447.1949" Z="117.6663" />
            <CustomBehavior File="ForcedDismount" />

            <CustomBehavior File="InteractWith" MobId="207693" Range="5"
                            X="-8220.625" Y="447.1949" Z="117.6663" />
        </If>


    </QuestOrder>
</HBProfile>
