<HBProfile xsi:noNamespaceSchemaLocation="../../../Schemas/QuestProfileSchema.xsd" xmlns:xsi="http://www.w3.org/2001/XMLSchema-instance">
    <Name>SW to Tol Barad Portal ($ShortHash$)</Name>
    <MinLevel>1</MinLevel>
    <MaxLevel>1001</MaxLevel>

    <QuestOrder>

        <If Condition="Me.ZoneId == 1519">
            <CustomBehavior File="FlyTo" DestName="Tol Barad Portal in SW" X="-8209.349" Y="447.6502" Z="117.7825" />
            <CustomBehavior File="ForcedDismount" />

            <CustomBehavior File="InteractWith" MobId="206594" Range="5"
                            X="-8209.349" Y="447.6502" Z="117.7825" />
        </If>


    </QuestOrder>
</HBProfile>
