<HBProfile xsi:noNamespaceSchemaLocation="../Schemas/QuestProfileSchema.xsd" xmlns:xsi="http://www.w3.org/2001/XMLSchema-instance">
    <Name>[A] MoP to SW ($ShortHash$)</Name>
    <MinLevel>80</MinLevel>
    <MaxLevel>1001</MaxLevel>

    <MinDurability>0.1</MinDurability>
    <MinFreeBagSlots>1</MinFreeBagSlots>


    <Vendors>
    </Vendors>

    <Mailboxes>
    </Mailboxes>

    <Blackspots>
    </Blackspots>

    <QuestOrder>

        <CustomBehavior File="UserSettings" UseFlightPaths="true" />

        <While Condition="Me.MapId == 870"> <!-- MoP Continent -->
			<MoveTo Nav="Fly" DestName="Portal to SW" X="-309.8051" Y="-1773.341" Z="62.53941" />
			<CustomBehavior File="InteractWith" MobId="210805" CollectionDistance="50" Range="4" PreInteractMountStrategy="Dismount" WaitTime="15000" X="-309.8051" Y="-1773.341" Z="62.53941" />
        </While>

        <CustomBehavior File="LoadProfile" ProfileName="..\WoD\[Fly][A - Quest] 90-92 SMV [Kick]" RememberProfile="true" />

    </QuestOrder>
</HBProfile>
