<HBProfile xsi:noNamespaceSchemaLocation="../../../Schemas/QuestProfileSchema.xsd" xmlns:xsi="http://www.w3.org/2001/XMLSchema-instance">
    <Name>[A] Flame Warden and Extinguishing Outland [Kick] ($ShortHash$)</Name>
    <MinLevel>1</MinLevel>
    <MaxLevel>1001</MaxLevel>

    <MinDurability>0.1</MinDurability>
    <MinFreeBagSlots>1</MinFreeBagSlots>


    <QuestOrder>
        <CustomBehavior File="UserSettings" KillBetweenHotspots="true" />
        <LootMobs Value="true" />
        <UseMount Value="false" />
        <DisableBehavior Name="Pull" />


        <!-- Honor Hold / Hellfire Flame Warden -->
        <CustomBehavior File="FlyTo" DestName="Hellfire Flame Warden" X="-531.6212" Y="2325.29" Z="40.11131" />
        <CustomBehavior File="ForcedDismount" />
        <CustomBehavior File="InteractWith" MobId="25900" />
        <CustomBehavior File="RunMacro" Macro="/click GossipTitleButton1" />
        <CustomBehavior File="RunMacro" Macro="/click QuestFrameCompleteQuestButton" />

        <!-- Thrallmar / Hellfire Extinguish Horde Bonfire -->
        <CustomBehavior File="FlyTo" DestName="Hellfire Horde Bonfire" X="33.95839" Y="2581.025" Z="68.02706" />
        <CustomBehavior File="ForcedDismount" />
        <CustomBehavior File="InteractWith" MobId="187963" Range="10" WaitTime="3000" />
        <CustomBehavior File="RunMacro" Macro="/click GossipTitleButton1" />
        <CustomBehavior File="RunMacro" Macro="/click QuestFrameCompleteQuestButton" />

        <!-- Wildhammer Stronghold / SMV Flame Warden -->
        <CustomBehavior File="FlyTo" DestName="SMV Flame Warden" X="-3950.95" Y="2040.455" Z="95.06493" />
        <CustomBehavior File="ForcedDismount" />
        <CustomBehavior File="InteractWith" MobId="25905" />
        <CustomBehavior File="RunMacro" Macro="/click GossipTitleButton1" />
        <CustomBehavior File="RunMacro" Macro="/click QuestFrameCompleteQuestButton" />

        <!-- Shadowmoon Village / SMV Extinguish Horde Bonfire -->
        <CustomBehavior File="FlyTo" DestName="SMV Horde Bonfire" X="-3056.857" Y="2377.223" Z="63.26477" />
        <CustomBehavior File="ForcedDismount" />
        <CustomBehavior File="InteractWith" MobId="187967" Range="10" WaitTime="3000" />
        <CustomBehavior File="RunMacro" Macro="/click GossipTitleButton1" />
        <CustomBehavior File="RunMacro" Macro="/click QuestFrameCompleteQuestButton" />

        <!-- Allerian Stronghold / Terrokar Forest Flame Warden -->
        <CustomBehavior File="FlyTo" DestName="Terrokar Forest Flame Warden" X="-2994.141" Y="4166.478" Z="5.827936" />
        <CustomBehavior File="ForcedDismount" />
        <CustomBehavior File="InteractWith" MobId="25907" />
        <CustomBehavior File="RunMacro" Macro="/click GossipTitleButton1" />
        <CustomBehavior File="RunMacro" Macro="/click QuestFrameCompleteQuestButton" />

        <!-- Stonebreaker Hold / Terrokar Extinguish Horde Bonfire -->
        <CustomBehavior File="FlyTo" DestName="Terrokar Horde Bonfire" X="-2559.602" Y="4285.864" Z="20.24311" />
        <CustomBehavior File="ForcedDismount" />
        <CustomBehavior File="InteractWith" MobId="187970" Range="10" WaitTime="3000" />
        <CustomBehavior File="RunMacro" Macro="/click GossipTitleButton1" />
        <CustomBehavior File="RunMacro" Macro="/click QuestFrameCompleteQuestButton" />

        <!-- Telaar / Nagrand Flame Warden -->
        <CustomBehavior File="FlyTo" DestName="Nagrand Flame Warden" X="-2513.17" Y="7550.653" Z="-1.377608" />
        <CustomBehavior File="ForcedDismount" />
        <CustomBehavior File="InteractWith" MobId="25903" />
        <CustomBehavior File="RunMacro" Macro="/click GossipTitleButton1" />
        <CustomBehavior File="RunMacro" Macro="/click QuestFrameCompleteQuestButton" />

        <!-- Garadar / Nagrand Extinguish Horde Bonfire -->
        <CustomBehavior File="FlyTo" DestName="Nagrand Horde Bonfire" X="-1220.073" Y="7476.025" Z="22.08828" />
        <CustomBehavior File="ForcedDismount" />
        <CustomBehavior File="InteractWith" MobId="187966" Range="10" WaitTime="3000" />
        <CustomBehavior File="RunMacro" Macro="/click GossipTitleButton1" />
        <CustomBehavior File="RunMacro" Macro="/click QuestFrameCompleteQuestButton" />

        <!-- Zabra'jin / Zangarmarsh Extinguish Horde Bonfire -->
        <CustomBehavior File="FlyTo" DestName="Zangarmarsh Horde Bonfire" X="193.9369" Y="7685.295" Z="22.45855" />
        <CustomBehavior File="ForcedDismount" />
        <CustomBehavior File="InteractWith" MobId="187975" Range="10" WaitTime="3000" />
        <CustomBehavior File="RunMacro" Macro="/click GossipTitleButton1" />
        <CustomBehavior File="RunMacro" Macro="/click QuestFrameCompleteQuestButton" />

        <!-- Telredor / Zangarmarsh Flame Warden -->
        <CustomBehavior File="FlyTo" DestName="Zangarmarsh Flame Warden" X="193.4308" Y="6020.112" Z="22.08528" />
        <CustomBehavior File="ForcedDismount" />
        <CustomBehavior File="InteractWith" MobId="25912" />
        <CustomBehavior File="RunMacro" Macro="/click GossipTitleButton1" />
        <CustomBehavior File="RunMacro" Macro="/click QuestFrameCompleteQuestButton" />

        <!-- Sylvanaar / Blade's Edge Flame Warden -->
        <CustomBehavior File="FlyTo" DestName="Blade's Edge Flame Warden" X="2025.354" Y="6587.622" Z="134.9606" />
        <CustomBehavior File="ForcedDismount" />
        <CustomBehavior File="InteractWith" MobId="25889" />
        <CustomBehavior File="RunMacro" Macro="/click GossipTitleButton1" />
        <CustomBehavior File="RunMacro" Macro="/click QuestFrameCompleteQuestButton" />

        <!-- Thunderlord Stronghold / Blade's Edge Extinguish Horde Bonfire -->
        <CustomBehavior File="FlyTo" DestName="Blade's Edge Horde Bonfire" X="2273.543" Y="6137.475" Z="136.6412" />
        <CustomBehavior File="ForcedDismount" />
        <CustomBehavior File="InteractWith" MobId="187955" Range="10" WaitTime="3000" />
        <CustomBehavior File="RunMacro" Macro="/click GossipTitleButton1" />
        <CustomBehavior File="RunMacro" Macro="/click QuestFrameCompleteQuestButton" />

        <!-- Area 52 / Netherstorm Flame Warden -->
        <CustomBehavior File="FlyTo" DestName="Netherstorm Flame Warden" X="3130.437" Y="3745.1" Z="141.4746" />
        <CustomBehavior File="ForcedDismount" />
        <CustomBehavior File="InteractWith" MobId="25913" />
        <CustomBehavior File="RunMacro" Macro="/click GossipTitleButton1" />
        <CustomBehavior File="RunMacro" Macro="/click QuestFrameCompleteQuestButton" />

        <!-- Area 52 / Netherstorm Extinguish Horde Bonfire -->
        <CustomBehavior File="FlyTo" DestName="Netherstorm Horde Bonfire" X="2918.107" Y="3676.373" Z="144.1794" />
        <CustomBehavior File="ForcedDismount" />
        <CustomBehavior File="InteractWith" MobId="187949" Range="10" WaitTime="3000" />
        <CustomBehavior File="RunMacro" Macro="/click GossipTitleButton1" />
        <CustomBehavior File="RunMacro" Macro="/click QuestFrameCompleteQuestButton" />

        <EnableBehavior Name="Pull" />
        <CustomBehavior File="UserDialog" AllowBotStop="true" SoundCue="Exclamation" SoundCueInterval="1" Text="Grats on your ach!\n\nEnd of Line" />
    </QuestOrder>
</HBProfile>
