<HBProfile xsi:noNamespaceSchemaLocation="../../Schemas/QuestProfileSchema.xsd" xmlns:xsi="http://www.w3.org/2001/XMLSchema-instance">

    <MinDurability>0.1</MinDurability>

    <Blackspots>
    </Blackspots>

    <AvoidMobs>
    </AvoidMobs>

    <QuestOrder>


    <CustomBehavior File="UserDialog" AllowBotStop="false" SoundCue="Exclamation" SoundCueInterval="2" ExpiryTime="6" ExpiryAction="InputEnabled_Continue" Text="If you have a Hallowed Helm - it will be deleted on purpose" />
                <If Condition="HasItem(33292)" >
                    <CustomBehavior File="RunMacro" Macro="/run for bag = 0,4,1 do for slot = 1, 32, 1 do local name = GetContainerItemLink(bag,slot); if name and string.find(name,'Hallowed Helm') then PickupContainerItem(bag,slot); DeleteCursorItem(); end; end; end" />
                    <CustomBehavior File="WaitTimer" WaitTime="2000" GoalText="Waiting for bot {TimeRemaining}" />
                </If>
                <While Condition="HasItem(33292)" >
    <CustomBehavior File="UserDialog" AllowBotStop="true" SoundCue="Exclamation" SoundCueInterval="1" Text="Get the Hallowed Helm out of your bank and delete it please!" />
                    <CustomBehavior File="WaitTimer" WaitTime="2000" GoalText="Waiting for bot {TimeRemaining}" />
                </While>

                <If Condition="Me.HasAura(&quot;Wisp Costume&quot;)" >
                    <CustomBehavior File="RunMacro" Macro="/cancelaura Wisp Costume" />
                    <CustomBehavior File="WaitTimer" WaitTime="2000" GoalText="Waiting for bot {TimeRemaining}" />
                </If>
                <If Condition="Me.HasAura(&quot;Skeleton Costume&quot;)" >
                    <CustomBehavior File="RunMacro" Macro="/cancelaura Skeleton Costume" />
                    <CustomBehavior File="WaitTimer" WaitTime="2000" GoalText="Waiting for bot {TimeRemaining}" />
                </If>
                <If Condition="Me.HasAura(&quot;Bat Costume&quot;)" >
                    <CustomBehavior File="RunMacro" Macro="/cancelaura Bat Costume" />
                    <CustomBehavior File="WaitTimer" WaitTime="2000" GoalText="Waiting for bot {TimeRemaining}" />
                </If>
                <If Condition="Me.HasAura(&quot;Trick&quot;)" >
                    <CustomBehavior File="WaitTimer" WaitTime="60000" GoalText="Waiting for Trick to expire {TimeRemaining}" />
                </If>
                <If Condition="HasItem(33292)" >
                    <CustomBehavior File="RunMacro" Macro="/run for bag = 0,4,1 do for slot = 1, 32, 1 do local name = GetContainerItemLink(bag,slot); if name and string.find(name,'Hallowed Helm') then PickupContainerItem(bag,slot); DeleteCursorItem(); end; end; end" />
                    <CustomBehavior File="WaitTimer" WaitTime="2000" GoalText="Waiting for bot {TimeRemaining}" />
                </If>

        <CustomBehavior File="UserDialog" AllowBotStop="true" SoundCue="Exclamation" StopOnContinue="true" SoundCueInterval="1" Text="Stop being lazy - but if you know how to use GB2 - the hotspots are in the profile" />
            <!--
                <CustomBehavior File="FlyTo" DestName="Deepmist Grotto - Kelp'thar Forest" X="-5242.258" Y="3410.246" Z="-128.1589" />
                <CustomBehavior File="FlyTo" DestName="Silver Tide Hollow - Kelp'thar Forest" X="-5971.594" Y="4190.501" Z="-375.8183" />
                <CustomBehavior File="FlyTo" DestName="Trainquil Wash - Kelp'thar Forest" X="-6587.402" Y="4601.709" Z="-512.0486" />
                <CustomBehavior File="FlyTo" DestName="Darkbreak Cove - Kelp'thar Forest" X="-7083.466" Y="5609.503" Z="-762.6617" />
                -->


            <!--
                // None at Smuggler's Scar - Kelp'thar Forest  X="-4698.078" Y="3603.161" Z="-116.492" /> \\
                // None at Sandy Beach - Kelp'thar Forest  X="-5255.791" Y="3890.454" Z="-1.516449" /> \\

                // Deepmist Grotto - Kelp'thar Forest \\
                <CustomBehavior File="FlyTo" DestName="Deepmist Grotto - Kelp'thar Forest" X="-5242.258" Y="3410.246" Z="-128.1589" />
                <CustomBehavior File="ForcedDismount" />

                <CustomBehavior File="InteractWith" MobId="208141" X="-5143.793" Y="3294.063" Z="-119.5895" />
                <CustomBehavior File="RunMacro" Macro="/click QuestFrameCompleteQuestButton" />
                <CustomBehavior File="UseItem" ItemId="37586" />
                <CustomBehavior File="WaitTimer" WaitTime="2000" GoalText="Waiting for bot {TimeRemaining}" />
                <MoveTo X="-5242.258" Y="3410.246" Z="-128.1589" />
                <If Condition="(Me.HasAura(&quot;Wisp Costume&quot;))" >
                    <CustomBehavior File="RunMacro" Macro="/cancelaura Wisp Costume" />
                    <CustomBehavior File="WaitTimer" WaitTime="2000" GoalText="Waiting for bot {TimeRemaining}" />
                </If>
                <If Condition="(Me.HasAura(&quot;Skeleton Costume&quot;))" >
                    <CustomBehavior File="RunMacro" Macro="/cancelaura Skeleton Costume" />
                    <CustomBehavior File="WaitTimer" WaitTime="2000" GoalText="Waiting for bot {TimeRemaining}" />
                </If>
                <If Condition="(Me.HasAura(&quot;Bat Costume&quot;))" >
                    <CustomBehavior File="RunMacro" Macro="/cancelaura Bat Costume" />
                    <CustomBehavior File="WaitTimer" WaitTime="2000" GoalText="Waiting for bot {TimeRemaining}" />
                </If>
                <If Condition="(Me.HasAura(&quot;Trick&quot;))" >
                    <CustomBehavior File="WaitTimer" WaitTime="60000" GoalText="Waiting for Trick to expire {TimeRemaining}" />
                </If>
                <If Condition="(HasItem(33292))" >
                    <CustomBehavior File="RunMacro" Macro="/run for bag = 0,4,1 do for slot = 1, 32, 1 do local name = GetContainerItemLink(bag,slot); if name and string.find(name,'Hallowed Helm') then PickupContainerItem(bag,slot); DeleteCursorItem(); end; end; end" />
                    <CustomBehavior File="WaitTimer" WaitTime="2000" GoalText="Waiting for bot {TimeRemaining}" />
                </If>

                // Silver Tide Hollow - Kelp'thar Forest \\
                <CustomBehavior File="FlyTo" DestName="Silver Tide Hollow - Kelp'thar Forest" X="-5971.594" Y="4190.501" Z="-375.8183" />
                <CustomBehavior File="ForcedDismount" />

                <CustomBehavior File="InteractWith" MobId="208142" X="-6111.966" Y="4292.854" Z="-348.8394" />
                <CustomBehavior File="RunMacro" Macro="/click QuestFrameCompleteQuestButton" />
                <CustomBehavior File="UseItem" ItemId="37586" />
                <CustomBehavior File="WaitTimer" WaitTime="2000" GoalText="Waiting for bot {TimeRemaining}" />
                <MoveTo X="-5971.594" Y="4190.501" Z="-375.8183" />
                <If Condition="(Me.HasAura(&quot;Wisp Costume&quot;))" >
                    <CustomBehavior File="RunMacro" Macro="/cancelaura Wisp Costume" />
                    <CustomBehavior File="WaitTimer" WaitTime="2000" GoalText="Waiting for bot {TimeRemaining}" />
                </If>
                <If Condition="(Me.HasAura(&quot;Skeleton Costume&quot;))" >
                    <CustomBehavior File="RunMacro" Macro="/cancelaura Skeleton Costume" />
                    <CustomBehavior File="WaitTimer" WaitTime="2000" GoalText="Waiting for bot {TimeRemaining}" />
                </If>
                <If Condition="(Me.HasAura(&quot;Bat Costume&quot;))" >
                    <CustomBehavior File="RunMacro" Macro="/cancelaura Bat Costume" />
                    <CustomBehavior File="WaitTimer" WaitTime="2000" GoalText="Waiting for bot {TimeRemaining}" />
                </If>
                <If Condition="(Me.HasAura(&quot;Trick&quot;))" >
                    <CustomBehavior File="WaitTimer" WaitTime="60000" GoalText="Waiting for Trick to expire {TimeRemaining}" />
                </If>
                <If Condition="(HasItem(33292))" >
                    <CustomBehavior File="RunMacro" Macro="/run for bag = 0,4,1 do for slot = 1, 32, 1 do local name = GetContainerItemLink(bag,slot); if name and string.find(name,'Hallowed Helm') then PickupContainerItem(bag,slot); DeleteCursorItem(); end; end; end" />
                    <CustomBehavior File="WaitTimer" WaitTime="2000" GoalText="Waiting for bot {TimeRemaining}" />
                </If>

                // Trainquil Wash - Kelp'thar Forest \\
                <CustomBehavior File="FlyTo" DestName="Trainquil Wash - Kelp'thar Forest" X="-6587.402" Y="4601.709" Z="-512.0486" />
                <CustomBehavior File="ForcedDismount" />

                <CustomBehavior File="InteractWith" MobId="204850" X="-6610.535" Y="4272.024" Z="-562.712" />
                <CustomBehavior File="RunMacro" Macro="/click QuestFrameCompleteQuestButton" />
                <CustomBehavior File="UseItem" ItemId="37586" />
                <CustomBehavior File="WaitTimer" WaitTime="2000" GoalText="Waiting for bot {TimeRemaining}" />
                <MoveTo X="-6587.402" Y="4601.709" Z="-512.0486" />
                <If Condition="(Me.HasAura(&quot;Wisp Costume&quot;))" >
                    <CustomBehavior File="RunMacro" Macro="/cancelaura Wisp Costume" />
                    <CustomBehavior File="WaitTimer" WaitTime="2000" GoalText="Waiting for bot {TimeRemaining}" />
                </If>
                <If Condition="(Me.HasAura(&quot;Skeleton Costume&quot;))" >
                    <CustomBehavior File="RunMacro" Macro="/cancelaura Skeleton Costume" />
                    <CustomBehavior File="WaitTimer" WaitTime="2000" GoalText="Waiting for bot {TimeRemaining}" />
                </If>
                <If Condition="(Me.HasAura(&quot;Bat Costume&quot;))" >
                    <CustomBehavior File="RunMacro" Macro="/cancelaura Bat Costume" />
                    <CustomBehavior File="WaitTimer" WaitTime="2000" GoalText="Waiting for bot {TimeRemaining}" />
                </If>
                <If Condition="(Me.HasAura(&quot;Trick&quot;))" >
                    <CustomBehavior File="WaitTimer" WaitTime="60000" GoalText="Waiting for Trick to expire {TimeRemaining}" />
                </If>
                <If Condition="(HasItem(33292))" >
                    <CustomBehavior File="RunMacro" Macro="/run for bag = 0,4,1 do for slot = 1, 32, 1 do local name = GetContainerItemLink(bag,slot); if name and string.find(name,'Hallowed Helm') then PickupContainerItem(bag,slot); DeleteCursorItem(); end; end; end" />
                    <CustomBehavior File="WaitTimer" WaitTime="2000" GoalText="Waiting for bot {TimeRemaining}" />
                </If>

                // Darkbreak Cove - Kelp'thar Forest \\
                <CustomBehavior File="FlyTo" DestName="Darkbreak Cove - Kelp'thar Forest" X="-7083.466" Y="5609.503" Z="-762.6617" />
                <CustomBehavior File="ForcedDismount" />

                <CustomBehavior File="InteractWith" MobId="208132" X="-6867.743" Y="6004.285" Z="-763.9802" />
                <CustomBehavior File="RunMacro" Macro="/click QuestFrameCompleteQuestButton" />
                <CustomBehavior File="UseItem" ItemId="37586" />
                <CustomBehavior File="WaitTimer" WaitTime="2000" GoalText="Waiting for bot {TimeRemaining}" />
                <MoveTo X="-7083.466" Y="5609.503" Z="-762.6617" />
                <If Condition="(Me.HasAura(&quot;Wisp Costume&quot;))" >
                    <CustomBehavior File="RunMacro" Macro="/cancelaura Wisp Costume" />
                    <CustomBehavior File="WaitTimer" WaitTime="2000" GoalText="Waiting for bot {TimeRemaining}" />
                </If>
                <If Condition="(Me.HasAura(&quot;Skeleton Costume&quot;))" >
                    <CustomBehavior File="RunMacro" Macro="/cancelaura Skeleton Costume" />
                    <CustomBehavior File="WaitTimer" WaitTime="2000" GoalText="Waiting for bot {TimeRemaining}" />
                </If>
                <If Condition="(Me.HasAura(&quot;Bat Costume&quot;))" >
                    <CustomBehavior File="RunMacro" Macro="/cancelaura Bat Costume" />
                    <CustomBehavior File="WaitTimer" WaitTime="2000" GoalText="Waiting for bot {TimeRemaining}" />
                </If>
                <If Condition="(Me.HasAura(&quot;Trick&quot;))" >
                    <CustomBehavior File="WaitTimer" WaitTime="60000" GoalText="Waiting for Trick to expire {TimeRemaining}" />
                </If>
                <If Condition="(HasItem(33292))" >
                    <CustomBehavior File="RunMacro" Macro="/run for bag = 0,4,1 do for slot = 1, 32, 1 do local name = GetContainerItemLink(bag,slot); if name and string.find(name,'Hallowed Helm') then PickupContainerItem(bag,slot); DeleteCursorItem(); end; end; end" />
                    <CustomBehavior File="WaitTimer" WaitTime="2000" GoalText="Waiting for bot {TimeRemaining}" />
                </If>

            -->

    <CustomBehavior File="UserDialog" AllowBotStop="true" SoundCue="Exclamation" SoundCueInterval="1" Text="End of Line!\n\nYes, I fight for the users!" />


    </QuestOrder>
</HBProfile>
