<HBProfile xsi:noNamespaceSchemaLocation="../../Schemas/QuestProfileSchema.xsd" xmlns:xsi="http://www.w3.org/2001/XMLSchema-instance">

    <MinDurability>0.1</MinDurability>


    <Blackspots>
    </Blackspots>
    <AvoidMobs>
    </AvoidMobs>


    <QuestOrder>


    <CustomBehavior File="UserDialog" AllowBotStop="false" SoundCue="Exclamation" SoundCueInterval="2" ExpiryTime="6" ExpiryAction="InputEnabled_Continue" Text="If you have a Hallowed Helm - it will be deleted on purpose" />
                <If Condition="HasItem(33292)" >
                    <CustomBehavior File="RunMacro" Macro="/run for bag = 0,4,1 do for slot = 1, 32, 1 do local name = GetContainerItemLink(bag,slot); if name and string.find(name,'Hallowed Helm') then PickupContainerItem(bag,slot); DeleteCursorItem(); end; end; end" />
                    <CustomBehavior File="WaitTimer" WaitTime="2000" GoalText="Waiting for bot {TimeRemaining}" />
                </If>
                <While Condition="HasItem(33292)" >
    <CustomBehavior File="UserDialog" AllowBotStop="true" SoundCue="Exclamation" SoundCueInterval="1" Text="Get the Hallowed Helm out of your bank and delete it please!" />
                    <CustomBehavior File="WaitTimer" WaitTime="2000" GoalText="Waiting for bot {TimeRemaining}" />
                </While>

                <If Condition="Me.HasAura(&quot;Wisp Costume&quot;)" >
                    <CustomBehavior File="RunMacro" Macro="/cancelaura Wisp Costume" />
                    <CustomBehavior File="WaitTimer" WaitTime="2000" GoalText="Waiting for bot {TimeRemaining}" />
                </If>
                <If Condition="Me.HasAura(&quot;Skeleton Costume&quot;)" >
                    <CustomBehavior File="RunMacro" Macro="/cancelaura Skeleton Costume" />
                    <CustomBehavior File="WaitTimer" WaitTime="2000" GoalText="Waiting for bot {TimeRemaining}" />
                </If>
                <If Condition="Me.HasAura(&quot;Bat Costume&quot;)" >
                    <CustomBehavior File="RunMacro" Macro="/cancelaura Bat Costume" />
                    <CustomBehavior File="WaitTimer" WaitTime="2000" GoalText="Waiting for bot {TimeRemaining}" />
                </If>
                <If Condition="Me.HasAura(&quot;Trick&quot;)" >
                    <CustomBehavior File="WaitTimer" WaitTime="60000" GoalText="Waiting for Trick to expire {TimeRemaining}" />
                </If>
                <If Condition="HasItem(33292)" >
                    <CustomBehavior File="RunMacro" Macro="/run for bag = 0,4,1 do for slot = 1, 32, 1 do local name = GetContainerItemLink(bag,slot); if name and string.find(name,'Hallowed Helm') then PickupContainerItem(bag,slot); DeleteCursorItem(); end; end; end" />
                    <CustomBehavior File="WaitTimer" WaitTime="2000" GoalText="Waiting for bot {TimeRemaining}" />
                </If>

                <!-- Ramkahen - Uldum -->
                <CustomBehavior File="FlyTo" DestName="Ramkahen - Uldum" X="-9441.032" Y="-960.478" Z="111.0118" />
                <CustomBehavior File="ForcedDismount" />

                <CustomBehavior File="InteractWith" MobId="208179" />
                <CustomBehavior File="RunMacro" Macro="/click QuestFrameCompleteQuestButton" />
                <CustomBehavior File="UseItem" ItemId="37586" />
                <CustomBehavior File="WaitTimer" WaitTime="2000" GoalText="Waiting for bot {TimeRemaining}" />
                <MoveTo X="-9441.032" Y="-960.478" Z="111.0118" />
                <If Condition="Me.HasAura(&quot;Wisp Costume&quot;)" >
                    <CustomBehavior File="RunMacro" Macro="/cancelaura Wisp Costume" />
                    <CustomBehavior File="WaitTimer" WaitTime="2000" GoalText="Waiting for bot {TimeRemaining}" />
                </If>
                <If Condition="Me.HasAura(&quot;Skeleton Costume&quot;)" >
                    <CustomBehavior File="RunMacro" Macro="/cancelaura Skeleton Costume" />
                    <CustomBehavior File="WaitTimer" WaitTime="2000" GoalText="Waiting for bot {TimeRemaining}" />
                </If>
                <If Condition="Me.HasAura(&quot;Bat Costume&quot;)" >
                    <CustomBehavior File="RunMacro" Macro="/cancelaura Bat Costume" />
                    <CustomBehavior File="WaitTimer" WaitTime="2000" GoalText="Waiting for bot {TimeRemaining}" />
                </If>
                <If Condition="Me.HasAura(&quot;Trick&quot;)" >
                    <CustomBehavior File="WaitTimer" WaitTime="60000" GoalText="Waiting for Trick to expire {TimeRemaining}" />
                </If>
                <If Condition="HasItem(33292)" >
                    <CustomBehavior File="RunMacro" Macro="/run for bag = 0,4,1 do for slot = 1, 32, 1 do local name = GetContainerItemLink(bag,slot); if name and string.find(name,'Hallowed Helm') then PickupContainerItem(bag,slot); DeleteCursorItem(); end; end; end" />
                    <CustomBehavior File="WaitTimer" WaitTime="2000" GoalText="Waiting for bot {TimeRemaining}" />
                </If>

                <!-- None at Schnottz Landing - Uldum -->

                <!-- Oasis of Vir'sar - Uldum -->
                <CustomBehavior File="FlyTo" DestName="Oasis of Vir'sar - Uldum" X="-8333.381" Y="797.6318" Z="151.9914" />
                <CustomBehavior File="ForcedDismount" />

                <CustomBehavior File="InteractWith" MobId="208178" />
                <CustomBehavior File="RunMacro" Macro="/click QuestFrameCompleteQuestButton" />
                <CustomBehavior File="UseItem" ItemId="37586" />
                <CustomBehavior File="WaitTimer" WaitTime="2000" GoalText="Waiting for bot {TimeRemaining}" />
                <MoveTo X="-8333.381" Y="797.6318" Z="151.9914" />
                <If Condition="Me.HasAura(&quot;Wisp Costume&quot;)" >
                    <CustomBehavior File="RunMacro" Macro="/cancelaura Wisp Costume" />
                    <CustomBehavior File="WaitTimer" WaitTime="2000" GoalText="Waiting for bot {TimeRemaining}" />
                </If>
                <If Condition="Me.HasAura(&quot;Skeleton Costume&quot;)" >
                    <CustomBehavior File="RunMacro" Macro="/cancelaura Skeleton Costume" />
                    <CustomBehavior File="WaitTimer" WaitTime="2000" GoalText="Waiting for bot {TimeRemaining}" />
                </If>
                <If Condition="Me.HasAura(&quot;Bat Costume&quot;)" >
                    <CustomBehavior File="RunMacro" Macro="/cancelaura Bat Costume" />
                    <CustomBehavior File="WaitTimer" WaitTime="2000" GoalText="Waiting for bot {TimeRemaining}" />
                </If>
                <If Condition="Me.HasAura(&quot;Trick&quot;)" >
                    <CustomBehavior File="WaitTimer" WaitTime="60000" GoalText="Waiting for Trick to expire {TimeRemaining}" />
                </If>
                <If Condition="HasItem(33292)" >
                    <CustomBehavior File="RunMacro" Macro="/run for bag = 0,4,1 do for slot = 1, 32, 1 do local name = GetContainerItemLink(bag,slot); if name and string.find(name,'Hallowed Helm') then PickupContainerItem(bag,slot); DeleteCursorItem(); end; end; end" />
                    <CustomBehavior File="WaitTimer" WaitTime="2000" GoalText="Waiting for bot {TimeRemaining}" />
                </If>

                <!-- Cenarion Hold - Silithus -->
                <CustomBehavior File="FlyTo" DestName="Cenarion Hold - Silithus" X="-6827.088" Y="757.1324" Z="43.70614" />
                <CustomBehavior File="ForcedDismount" />

                <CustomBehavior File="InteractWith" MobId="190107" />
                <CustomBehavior File="RunMacro" Macro="/click QuestFrameCompleteQuestButton" />
                <CustomBehavior File="UseItem" ItemId="37586" />
                <CustomBehavior File="WaitTimer" WaitTime="2000" GoalText="Waiting for bot {TimeRemaining}" />
                <MoveTo X="-6827.088" Y="757.1324" Z="43.70614" />
                <If Condition="Me.HasAura(&quot;Wisp Costume&quot;)" >
                    <CustomBehavior File="RunMacro" Macro="/cancelaura Wisp Costume" />
                    <CustomBehavior File="WaitTimer" WaitTime="2000" GoalText="Waiting for bot {TimeRemaining}" />
                </If>
                <If Condition="Me.HasAura(&quot;Skeleton Costume&quot;)" >
                    <CustomBehavior File="RunMacro" Macro="/cancelaura Skeleton Costume" />
                    <CustomBehavior File="WaitTimer" WaitTime="2000" GoalText="Waiting for bot {TimeRemaining}" />
                </If>
                <If Condition="Me.HasAura(&quot;Bat Costume&quot;)" >
                    <CustomBehavior File="RunMacro" Macro="/cancelaura Bat Costume" />
                    <CustomBehavior File="WaitTimer" WaitTime="2000" GoalText="Waiting for bot {TimeRemaining}" />
                </If>
                <If Condition="Me.HasAura(&quot;Trick&quot;)" >
                    <CustomBehavior File="WaitTimer" WaitTime="60000" GoalText="Waiting for Trick to expire {TimeRemaining}" />
                </If>
                <If Condition="HasItem(33292)" >
                    <CustomBehavior File="RunMacro" Macro="/run for bag = 0,4,1 do for slot = 1, 32, 1 do local name = GetContainerItemLink(bag,slot); if name and string.find(name,'Hallowed Helm') then PickupContainerItem(bag,slot); DeleteCursorItem(); end; end; end" />
                    <CustomBehavior File="WaitTimer" WaitTime="2000" GoalText="Waiting for bot {TimeRemaining}" />
                </If>

                <!-- None at Mossy Pile - Un'Goro Crater -->

                <!-- Marshal's Stand - Un'Goro Crater -->
                <CustomBehavior File="FlyTo" DestName=" Marshal's Stand - Un'Goro Crater" X="-7498.341" Y="-1506.412" Z="-266.2036" />
                <CustomBehavior File="ForcedDismount" />

                <CustomBehavior File="InteractWith" MobId="208180" />
                <CustomBehavior File="RunMacro" Macro="/click QuestFrameCompleteQuestButton" />
                <CustomBehavior File="UseItem" ItemId="37586" />
                <CustomBehavior File="WaitTimer" WaitTime="2000" GoalText="Waiting for bot {TimeRemaining}" />
                <MoveTo X="-7498.341" Y="-1506.412" Z="-266.2036" />
                <If Condition="Me.HasAura(&quot;Wisp Costume&quot;)" >
                    <CustomBehavior File="RunMacro" Macro="/cancelaura Wisp Costume" />
                    <CustomBehavior File="WaitTimer" WaitTime="2000" GoalText="Waiting for bot {TimeRemaining}" />
                </If>
                <If Condition="Me.HasAura(&quot;Skeleton Costume&quot;)" >
                    <CustomBehavior File="RunMacro" Macro="/cancelaura Skeleton Costume" />
                    <CustomBehavior File="WaitTimer" WaitTime="2000" GoalText="Waiting for bot {TimeRemaining}" />
                </If>
                <If Condition="Me.HasAura(&quot;Bat Costume&quot;)" >
                    <CustomBehavior File="RunMacro" Macro="/cancelaura Bat Costume" />
                    <CustomBehavior File="WaitTimer" WaitTime="2000" GoalText="Waiting for bot {TimeRemaining}" />
                </If>
                <If Condition="Me.HasAura(&quot;Trick&quot;)" >
                    <CustomBehavior File="WaitTimer" WaitTime="60000" GoalText="Waiting for Trick to expire {TimeRemaining}" />
                </If>
                <If Condition="HasItem(33292)" >
                    <CustomBehavior File="RunMacro" Macro="/run for bag = 0,4,1 do for slot = 1, 32, 1 do local name = GetContainerItemLink(bag,slot); if name and string.find(name,'Hallowed Helm') then PickupContainerItem(bag,slot); DeleteCursorItem(); end; end; end" />
                    <CustomBehavior File="WaitTimer" WaitTime="2000" GoalText="Waiting for bot {TimeRemaining}" />
                </If>

                <!-- None at Valley of the Watchers - Tanaris -->

                <!-- Bootlegger Outpost - Tanaris -->
                <CustomBehavior File="FlyTo" DestName="Bootlegger Outpost - Tanaris" X="-8682.729" Y="-4075.996" Z="40.1101" />
                <CustomBehavior File="ForcedDismount" />

                <CustomBehavior File="InteractWith" MobId="208177" />
                <CustomBehavior File="RunMacro" Macro="/click QuestFrameCompleteQuestButton" />
                <CustomBehavior File="UseItem" ItemId="37586" />
                <CustomBehavior File="WaitTimer" WaitTime="2000" GoalText="Waiting for bot {TimeRemaining}" />
                <MoveTo X="-8682.729" Y="-4075.996" Z="40.1101" />
                <If Condition="Me.HasAura(&quot;Wisp Costume&quot;)" >
                    <CustomBehavior File="RunMacro" Macro="/cancelaura Wisp Costume" />
                    <CustomBehavior File="WaitTimer" WaitTime="2000" GoalText="Waiting for bot {TimeRemaining}" />
                </If>
                <If Condition="Me.HasAura(&quot;Skeleton Costume&quot;)" >
                    <CustomBehavior File="RunMacro" Macro="/cancelaura Skeleton Costume" />
                    <CustomBehavior File="WaitTimer" WaitTime="2000" GoalText="Waiting for bot {TimeRemaining}" />
                </If>
                <If Condition="Me.HasAura(&quot;Bat Costume&quot;)" >
                    <CustomBehavior File="RunMacro" Macro="/cancelaura Bat Costume" />
                    <CustomBehavior File="WaitTimer" WaitTime="2000" GoalText="Waiting for bot {TimeRemaining}" />
                </If>
                <If Condition="Me.HasAura(&quot;Trick&quot;)" >
                    <CustomBehavior File="WaitTimer" WaitTime="60000" GoalText="Waiting for Trick to expire {TimeRemaining}" />
                </If>
                <If Condition="HasItem(33292)" >
                    <CustomBehavior File="RunMacro" Macro="/run for bag = 0,4,1 do for slot = 1, 32, 1 do local name = GetContainerItemLink(bag,slot); if name and string.find(name,'Hallowed Helm') then PickupContainerItem(bag,slot); DeleteCursorItem(); end; end; end" />
                    <CustomBehavior File="WaitTimer" WaitTime="2000" GoalText="Waiting for bot {TimeRemaining}" />
                </If>

                <!-- Gadgetzan - Tanaris -->
                <CustomBehavior File="FlyTo" DestName="Gadgetzan - Tanaris" X="-7089.503" Y="-3854.033" Z="9.371008" />
                <CustomBehavior File="ForcedDismount" />

                <CustomBehavior File="InteractWith" MobId="190105" />
                <CustomBehavior File="RunMacro" Macro="/click QuestFrameCompleteQuestButton" />
                <CustomBehavior File="UseItem" ItemId="37586" />
                <CustomBehavior File="WaitTimer" WaitTime="2000" GoalText="Waiting for bot {TimeRemaining}" />
                <MoveTo X="-7089.503" Y="-3854.033" Z="9.371008" />
                <If Condition="Me.HasAura(&quot;Wisp Costume&quot;)" >
                    <CustomBehavior File="RunMacro" Macro="/cancelaura Wisp Costume" />
                    <CustomBehavior File="WaitTimer" WaitTime="2000" GoalText="Waiting for bot {TimeRemaining}" />
                </If>
                <If Condition="Me.HasAura(&quot;Skeleton Costume&quot;)" >
                    <CustomBehavior File="RunMacro" Macro="/cancelaura Skeleton Costume" />
                    <CustomBehavior File="WaitTimer" WaitTime="2000" GoalText="Waiting for bot {TimeRemaining}" />
                </If>
                <If Condition="Me.HasAura(&quot;Bat Costume&quot;)" >
                    <CustomBehavior File="RunMacro" Macro="/cancelaura Bat Costume" />
                    <CustomBehavior File="WaitTimer" WaitTime="2000" GoalText="Waiting for bot {TimeRemaining}" />
                </If>
                <If Condition="Me.HasAura(&quot;Trick&quot;)" >
                    <CustomBehavior File="WaitTimer" WaitTime="60000" GoalText="Waiting for Trick to expire {TimeRemaining}" />
                </If>
                <If Condition="HasItem(33292)" >
                    <CustomBehavior File="RunMacro" Macro="/run for bag = 0,4,1 do for slot = 1, 32, 1 do local name = GetContainerItemLink(bag,slot); if name and string.find(name,'Hallowed Helm') then PickupContainerItem(bag,slot); DeleteCursorItem(); end; end; end" />
                    <CustomBehavior File="WaitTimer" WaitTime="2000" GoalText="Waiting for bot {TimeRemaining}" />
                </If>

                <!-- None in Thousand Needles -->

                <!-- Mudsprocket - Dustwallow Marsh -->
                <CustomBehavior File="FlyTo" DestName="Mudsprocket - Dustwallow Marsh" X="-4586.082" Y="-3172.621" Z="34.10577" />
                <CustomBehavior File="ForcedDismount" />

                <CustomBehavior File="InteractWith" MobId="190104" X="-4628.782" Y="-3171.156" Z="41.23346" />
                <CustomBehavior File="RunMacro" Macro="/click QuestFrameCompleteQuestButton" />
                <CustomBehavior File="UseItem" ItemId="37586" />
                <CustomBehavior File="WaitTimer" WaitTime="2000" GoalText="Waiting for bot {TimeRemaining}" />
                <MoveTo X="-4586.082" Y="-3172.621" Z="34.10577" />
                <If Condition="Me.HasAura(&quot;Wisp Costume&quot;)" >
                    <CustomBehavior File="RunMacro" Macro="/cancelaura Wisp Costume" />
                    <CustomBehavior File="WaitTimer" WaitTime="2000" GoalText="Waiting for bot {TimeRemaining}" />
                </If>
                <If Condition="Me.HasAura(&quot;Skeleton Costume&quot;)" >
                    <CustomBehavior File="RunMacro" Macro="/cancelaura Skeleton Costume" />
                    <CustomBehavior File="WaitTimer" WaitTime="2000" GoalText="Waiting for bot {TimeRemaining}" />
                </If>
                <If Condition="Me.HasAura(&quot;Bat Costume&quot;)" >
                    <CustomBehavior File="RunMacro" Macro="/cancelaura Bat Costume" />
                    <CustomBehavior File="WaitTimer" WaitTime="2000" GoalText="Waiting for bot {TimeRemaining}" />
                </If>
                <If Condition="Me.HasAura(&quot;Trick&quot;)" >
                    <CustomBehavior File="WaitTimer" WaitTime="60000" GoalText="Waiting for Trick to expire {TimeRemaining}" />
                </If>
                <If Condition="HasItem(33292)" >
                    <CustomBehavior File="RunMacro" Macro="/run for bag = 0,4,1 do for slot = 1, 32, 1 do local name = GetContainerItemLink(bag,slot); if name and string.find(name,'Hallowed Helm') then PickupContainerItem(bag,slot); DeleteCursorItem(); end; end; end" />
                    <CustomBehavior File="WaitTimer" WaitTime="2000" GoalText="Waiting for bot {TimeRemaining}" />
                </If>

                <!-- Theramore - Dustwallow Marsh -->
                <CustomBehavior File="FlyTo" DestName="Theramore - Dustwallow Marsh" X="-3623.253" Y="-4429.05" Z="11.36729" />
                <CustomBehavior File="ForcedDismount" />

                <CustomBehavior File="InteractWith" MobId="190052" />
                <CustomBehavior File="RunMacro" Macro="/click QuestFrameCompleteQuestButton" />
                <CustomBehavior File="UseItem" ItemId="37586" />
                <CustomBehavior File="WaitTimer" WaitTime="2000" GoalText="Waiting for bot {TimeRemaining}" />
                <MoveTo X="-3623.253" Y="-4429.05" Z="11.36729" />
                <If Condition="Me.HasAura(&quot;Wisp Costume&quot;)" >
                    <CustomBehavior File="RunMacro" Macro="/cancelaura Wisp Costume" />
                    <CustomBehavior File="WaitTimer" WaitTime="2000" GoalText="Waiting for bot {TimeRemaining}" />
                </If>
                <If Condition="Me.HasAura(&quot;Skeleton Costume&quot;)" >
                    <CustomBehavior File="RunMacro" Macro="/cancelaura Skeleton Costume" />
                    <CustomBehavior File="WaitTimer" WaitTime="2000" GoalText="Waiting for bot {TimeRemaining}" />
                </If>
                <If Condition="Me.HasAura(&quot;Bat Costume&quot;)" >
                    <CustomBehavior File="RunMacro" Macro="/cancelaura Bat Costume" />
                    <CustomBehavior File="WaitTimer" WaitTime="2000" GoalText="Waiting for bot {TimeRemaining}" />
                </If>
                <If Condition="Me.HasAura(&quot;Trick&quot;)" >
                    <CustomBehavior File="WaitTimer" WaitTime="60000" GoalText="Waiting for Trick to expire {TimeRemaining}" />
                </If>
                <If Condition="HasItem(33292)" >
                    <CustomBehavior File="RunMacro" Macro="/run for bag = 0,4,1 do for slot = 1, 32, 1 do local name = GetContainerItemLink(bag,slot); if name and string.find(name,'Hallowed Helm') then PickupContainerItem(bag,slot); DeleteCursorItem(); end; end; end" />
                    <CustomBehavior File="WaitTimer" WaitTime="2000" GoalText="Waiting for bot {TimeRemaining}" />
                </If>

                <!-- Ratchet - N. Barrens -->
                <CustomBehavior File="FlyTo" DestName="Ratchet - N. Barrens" X="-1025.612" Y="-3672.033" Z="22.93237" />
                <CustomBehavior File="ForcedDismount" />

                <CustomBehavior File="InteractWith" MobId="190102" />
                <CustomBehavior File="RunMacro" Macro="/click QuestFrameCompleteQuestButton" />
                <CustomBehavior File="UseItem" ItemId="37586" />
                <CustomBehavior File="WaitTimer" WaitTime="2000" GoalText="Waiting for bot {TimeRemaining}" />
                <MoveTo X="-1025.612" Y="-3672.033" Z="22.93237" />
                <If Condition="Me.HasAura(&quot;Wisp Costume&quot;)" >
                    <CustomBehavior File="RunMacro" Macro="/cancelaura Wisp Costume" />
                    <CustomBehavior File="WaitTimer" WaitTime="2000" GoalText="Waiting for bot {TimeRemaining}" />
                </If>
                <If Condition="Me.HasAura(&quot;Skeleton Costume&quot;)" >
                    <CustomBehavior File="RunMacro" Macro="/cancelaura Skeleton Costume" />
                    <CustomBehavior File="WaitTimer" WaitTime="2000" GoalText="Waiting for bot {TimeRemaining}" />
                </If>
                <If Condition="Me.HasAura(&quot;Bat Costume&quot;)" >
                    <CustomBehavior File="RunMacro" Macro="/cancelaura Bat Costume" />
                    <CustomBehavior File="WaitTimer" WaitTime="2000" GoalText="Waiting for bot {TimeRemaining}" />
                </If>
                <If Condition="Me.HasAura(&quot;Trick&quot;)" >
                    <CustomBehavior File="WaitTimer" WaitTime="60000" GoalText="Waiting for Trick to expire {TimeRemaining}" />
                </If>
                <If Condition="HasItem(33292)" >
                    <CustomBehavior File="RunMacro" Macro="/run for bag = 0,4,1 do for slot = 1, 32, 1 do local name = GetContainerItemLink(bag,slot); if name and string.find(name,'Hallowed Helm') then PickupContainerItem(bag,slot); DeleteCursorItem(); end; end; end" />
                    <CustomBehavior File="WaitTimer" WaitTime="2000" GoalText="Waiting for bot {TimeRemaining}" />
                </If>

                <!-- Northwatch Hold - S. Barrens -->
                <CustomBehavior File="FlyTo" DestName="Northwatch Hold - S. Barrens" X="-2130.364" Y="-3527.553" Z="91.66546" />
                <CustomBehavior File="ForcedDismount" />

                <CustomBehavior File="InteractWith" MobId="208170" />
                <CustomBehavior File="RunMacro" Macro="/click QuestFrameCompleteQuestButton" />
                <CustomBehavior File="UseItem" ItemId="37586" />
                <CustomBehavior File="WaitTimer" WaitTime="2000" GoalText="Waiting for bot {TimeRemaining}" />
                <MoveTo X="-2130.364" Y="-3527.553" Z="91.66546" />
                <If Condition="Me.HasAura(&quot;Wisp Costume&quot;)" >
                    <CustomBehavior File="RunMacro" Macro="/cancelaura Wisp Costume" />
                    <CustomBehavior File="WaitTimer" WaitTime="2000" GoalText="Waiting for bot {TimeRemaining}" />
                </If>
                <If Condition="Me.HasAura(&quot;Skeleton Costume&quot;)" >
                    <CustomBehavior File="RunMacro" Macro="/cancelaura Skeleton Costume" />
                    <CustomBehavior File="WaitTimer" WaitTime="2000" GoalText="Waiting for bot {TimeRemaining}" />
                </If>
                <If Condition="Me.HasAura(&quot;Bat Costume&quot;)" >
                    <CustomBehavior File="RunMacro" Macro="/cancelaura Bat Costume" />
                    <CustomBehavior File="WaitTimer" WaitTime="2000" GoalText="Waiting for bot {TimeRemaining}" />
                </If>
                <If Condition="Me.HasAura(&quot;Trick&quot;)" >
                    <CustomBehavior File="WaitTimer" WaitTime="60000" GoalText="Waiting for Trick to expire {TimeRemaining}" />
                </If>
                <If Condition="HasItem(33292)" >
                    <CustomBehavior File="RunMacro" Macro="/run for bag = 0,4,1 do for slot = 1, 32, 1 do local name = GetContainerItemLink(bag,slot); if name and string.find(name,'Hallowed Helm') then PickupContainerItem(bag,slot); DeleteCursorItem(); end; end; end" />
                    <CustomBehavior File="WaitTimer" WaitTime="2000" GoalText="Waiting for bot {TimeRemaining}" />
                </If>

                <!-- Fort Triumph - S. Barrens -->
                <CustomBehavior File="FlyTo" DestName="Fort Triumph - S. Barrens" X="-3180.324" Y="-2281.96" Z="93.28027" />
                <CustomBehavior File="ForcedDismount" />

                <CustomBehavior File="InteractWith" MobId="208171" />
                <CustomBehavior File="RunMacro" Macro="/click QuestFrameCompleteQuestButton" />
                <CustomBehavior File="UseItem" ItemId="37586" />
                <CustomBehavior File="WaitTimer" WaitTime="2000" GoalText="Waiting for bot {TimeRemaining}" />
                <MoveTo X="-3180.324" Y="-2281.96" Z="93.28027" />
                <If Condition="Me.HasAura(&quot;Wisp Costume&quot;)" >
                    <CustomBehavior File="RunMacro" Macro="/cancelaura Wisp Costume" />
                    <CustomBehavior File="WaitTimer" WaitTime="2000" GoalText="Waiting for bot {TimeRemaining}" />
                </If>
                <If Condition="Me.HasAura(&quot;Skeleton Costume&quot;)" >
                    <CustomBehavior File="RunMacro" Macro="/cancelaura Skeleton Costume" />
                    <CustomBehavior File="WaitTimer" WaitTime="2000" GoalText="Waiting for bot {TimeRemaining}" />
                </If>
                <If Condition="Me.HasAura(&quot;Bat Costume&quot;)" >
                    <CustomBehavior File="RunMacro" Macro="/cancelaura Bat Costume" />
                    <CustomBehavior File="WaitTimer" WaitTime="2000" GoalText="Waiting for bot {TimeRemaining}" />
                </If>
                <If Condition="Me.HasAura(&quot;Trick&quot;)" >
                    <CustomBehavior File="WaitTimer" WaitTime="60000" GoalText="Waiting for Trick to expire {TimeRemaining}" />
                </If>
                <If Condition="HasItem(33292)" >
                    <CustomBehavior File="RunMacro" Macro="/run for bag = 0,4,1 do for slot = 1, 32, 1 do local name = GetContainerItemLink(bag,slot); if name and string.find(name,'Hallowed Helm') then PickupContainerItem(bag,slot); DeleteCursorItem(); end; end; end" />
                    <CustomBehavior File="WaitTimer" WaitTime="2000" GoalText="Waiting for bot {TimeRemaining}" />
                </If>

                <!-- Honor's Stand - S. Barrens -->
                <CustomBehavior File="FlyTo" DestName="Honor's Stand - S. Barrens" X="-341.1621" Y="-1534.014" Z="87.28959" />
                <CustomBehavior File="ForcedDismount" />

                <CustomBehavior File="InteractWith" MobId="208169" />
                <CustomBehavior File="RunMacro" Macro="/click QuestFrameCompleteQuestButton" />
                <CustomBehavior File="UseItem" ItemId="37586" />
                <CustomBehavior File="WaitTimer" WaitTime="2000" GoalText="Waiting for bot {TimeRemaining}" />
                <MoveTo X="-341.1621" Y="-1534.014" Z="87.28959" />
                <If Condition="Me.HasAura(&quot;Wisp Costume&quot;)" >
                    <CustomBehavior File="RunMacro" Macro="/cancelaura Wisp Costume" />
                    <CustomBehavior File="WaitTimer" WaitTime="2000" GoalText="Waiting for bot {TimeRemaining}" />
                </If>
                <If Condition="Me.HasAura(&quot;Skeleton Costume&quot;)" >
                    <CustomBehavior File="RunMacro" Macro="/cancelaura Skeleton Costume" />
                    <CustomBehavior File="WaitTimer" WaitTime="2000" GoalText="Waiting for bot {TimeRemaining}" />
                </If>
                <If Condition="Me.HasAura(&quot;Bat Costume&quot;)" >
                    <CustomBehavior File="RunMacro" Macro="/cancelaura Bat Costume" />
                    <CustomBehavior File="WaitTimer" WaitTime="2000" GoalText="Waiting for bot {TimeRemaining}" />
                </If>
                <If Condition="Me.HasAura(&quot;Trick&quot;)" >
                    <CustomBehavior File="WaitTimer" WaitTime="60000" GoalText="Waiting for Trick to expire {TimeRemaining}" />
                </If>
                <If Condition="HasItem(33292)" >
                    <CustomBehavior File="RunMacro" Macro="/run for bag = 0,4,1 do for slot = 1, 32, 1 do local name = GetContainerItemLink(bag,slot); if name and string.find(name,'Hallowed Helm') then PickupContainerItem(bag,slot); DeleteCursorItem(); end; end; end" />
                    <CustomBehavior File="WaitTimer" WaitTime="2000" GoalText="Waiting for bot {TimeRemaining}" />
                </If>

                <!-- None at Shadebough - Feralas -->
                <!-- None at Tower of Estulan - Feralas -->

                <!-- Feathermoon Stronghold - Feralas -->
                <CustomBehavior File="FlyTo" DestName="Feathermoon Stronghold - Feralas" X="-4447.681" Y="2170.284" Z="17.97457" />
                <CustomBehavior File="ForcedDismount" />

                <CustomBehavior File="InteractWith" MobId="190053" />
                <CustomBehavior File="RunMacro" Macro="/click QuestFrameCompleteQuestButton" />
                <CustomBehavior File="UseItem" ItemId="37586" />
                <CustomBehavior File="WaitTimer" WaitTime="2000" GoalText="Waiting for bot {TimeRemaining}" />
                <MoveTo X="-4447.681" Y="2170.284" Z="17.97457" />
                <If Condition="Me.HasAura(&quot;Wisp Costume&quot;)" >
                    <CustomBehavior File="RunMacro" Macro="/cancelaura Wisp Costume" />
                    <CustomBehavior File="WaitTimer" WaitTime="2000" GoalText="Waiting for bot {TimeRemaining}" />
                </If>
                <If Condition="Me.HasAura(&quot;Skeleton Costume&quot;)" >
                    <CustomBehavior File="RunMacro" Macro="/cancelaura Skeleton Costume" />
                    <CustomBehavior File="WaitTimer" WaitTime="2000" GoalText="Waiting for bot {TimeRemaining}" />
                </If>
                <If Condition="Me.HasAura(&quot;Bat Costume&quot;)" >
                    <CustomBehavior File="RunMacro" Macro="/cancelaura Bat Costume" />
                    <CustomBehavior File="WaitTimer" WaitTime="2000" GoalText="Waiting for bot {TimeRemaining}" />
                </If>
                <If Condition="Me.HasAura(&quot;Trick&quot;)" >
                    <CustomBehavior File="WaitTimer" WaitTime="60000" GoalText="Waiting for Trick to expire {TimeRemaining}" />
                </If>
                <If Condition="HasItem(33292)" >
                    <CustomBehavior File="RunMacro" Macro="/run for bag = 0,4,1 do for slot = 1, 32, 1 do local name = GetContainerItemLink(bag,slot); if name and string.find(name,'Hallowed Helm') then PickupContainerItem(bag,slot); DeleteCursorItem(); end; end; end" />
                    <CustomBehavior File="WaitTimer" WaitTime="2000" GoalText="Waiting for bot {TimeRemaining}" />
                </If>

                <!-- Dreamer's Rest - Feralas -->
                <CustomBehavior File="FlyTo" DestName="Dreamer's Rest - Feralas" X="-3190.666" Y="1897.096" Z="48.96974" />
                <CustomBehavior File="ForcedDismount" />

                <CustomBehavior File="InteractWith" MobId="208116" />
                <CustomBehavior File="RunMacro" Macro="/click QuestFrameCompleteQuestButton" />
                <CustomBehavior File="UseItem" ItemId="37586" />
                <CustomBehavior File="WaitTimer" WaitTime="2000" GoalText="Waiting for bot {TimeRemaining}" />
                <MoveTo X="-3190.666" Y="1897.096" Z="48.96974" />
                <If Condition="Me.HasAura(&quot;Wisp Costume&quot;)" >
                    <CustomBehavior File="RunMacro" Macro="/cancelaura Wisp Costume" />
                    <CustomBehavior File="WaitTimer" WaitTime="2000" GoalText="Waiting for bot {TimeRemaining}" />
                </If>
                <If Condition="Me.HasAura(&quot;Skeleton Costume&quot;)" >
                    <CustomBehavior File="RunMacro" Macro="/cancelaura Skeleton Costume" />
                    <CustomBehavior File="WaitTimer" WaitTime="2000" GoalText="Waiting for bot {TimeRemaining}" />
                </If>
                <If Condition="Me.HasAura(&quot;Bat Costume&quot;)" >
                    <CustomBehavior File="RunMacro" Macro="/cancelaura Bat Costume" />
                    <CustomBehavior File="WaitTimer" WaitTime="2000" GoalText="Waiting for bot {TimeRemaining}" />
                </If>
                <If Condition="Me.HasAura(&quot;Trick&quot;)" >
                    <CustomBehavior File="WaitTimer" WaitTime="60000" GoalText="Waiting for Trick to expire {TimeRemaining}" />
                </If>
                <If Condition="HasItem(33292)" >
                    <CustomBehavior File="RunMacro" Macro="/run for bag = 0,4,1 do for slot = 1, 32, 1 do local name = GetContainerItemLink(bag,slot); if name and string.find(name,'Hallowed Helm') then PickupContainerItem(bag,slot); DeleteCursorItem(); end; end; end" />
                    <CustomBehavior File="WaitTimer" WaitTime="2000" GoalText="Waiting for bot {TimeRemaining}" />
                </If>

                <!-- None at Thargad's Camp - Desolace -->
                <!-- None at Ethel Rethor - Desolace -->
                <!--  None at Thunk's Abode - Desolace -->

                <!-- Karnum's Glade - Desolace -->
                <CustomBehavior File="FlyTo" DestName="Karnum's Glade - Desolace" X="-1034.499" Y="1663.093" Z="60.04633" />
                <CustomBehavior File="ForcedDismount" />

                <CustomBehavior File="InteractWith" MobId="208157" />
                <CustomBehavior File="RunMacro" Macro="/click QuestFrameCompleteQuestButton" />
                <CustomBehavior File="UseItem" ItemId="37586" />
                <CustomBehavior File="WaitTimer" WaitTime="2000" GoalText="Waiting for bot {TimeRemaining}" />
                <MoveTo X="-1034.499" Y="1663.093" Z="60.04633" />
                <If Condition="Me.HasAura(&quot;Wisp Costume&quot;)" >
                    <CustomBehavior File="RunMacro" Macro="/cancelaura Wisp Costume" />
                    <CustomBehavior File="WaitTimer" WaitTime="2000" GoalText="Waiting for bot {TimeRemaining}" />
                </If>
                <If Condition="Me.HasAura(&quot;Skeleton Costume&quot;)" >
                    <CustomBehavior File="RunMacro" Macro="/cancelaura Skeleton Costume" />
                    <CustomBehavior File="WaitTimer" WaitTime="2000" GoalText="Waiting for bot {TimeRemaining}" />
                </If>
                <If Condition="Me.HasAura(&quot;Bat Costume&quot;)" >
                    <CustomBehavior File="RunMacro" Macro="/cancelaura Bat Costume" />
                    <CustomBehavior File="WaitTimer" WaitTime="2000" GoalText="Waiting for bot {TimeRemaining}" />
                </If>
                <If Condition="Me.HasAura(&quot;Trick&quot;)" >
                    <CustomBehavior File="WaitTimer" WaitTime="60000" GoalText="Waiting for Trick to expire {TimeRemaining}" />
                </If>
                <If Condition="HasItem(33292)" >
                    <CustomBehavior File="RunMacro" Macro="/run for bag = 0,4,1 do for slot = 1, 32, 1 do local name = GetContainerItemLink(bag,slot); if name and string.find(name,'Hallowed Helm') then PickupContainerItem(bag,slot); DeleteCursorItem(); end; end; end" />
                    <CustomBehavior File="WaitTimer" WaitTime="2000" GoalText="Waiting for bot {TimeRemaining}" />
                </If>

                <!-- Nijel's Point - Desolace -->
                <CustomBehavior File="FlyTo" DestName="Nijel's Point - Desolace" X="210.7976" Y="1299.672" Z="190.4758" />
                <CustomBehavior File="ForcedDismount" />

                <CustomBehavior File="InteractWith" MobId="190051" />
                <CustomBehavior File="RunMacro" Macro="/click QuestFrameCompleteQuestButton" />
                <CustomBehavior File="UseItem" ItemId="37586" />
                <CustomBehavior File="WaitTimer" WaitTime="2000" GoalText="Waiting for bot {TimeRemaining}" />
                <MoveTo X="210.7976" Y="1299.672" Z="190.4758" />
                <If Condition="Me.HasAura(&quot;Wisp Costume&quot;)" >
                    <CustomBehavior File="RunMacro" Macro="/cancelaura Wisp Costume" />
                    <CustomBehavior File="WaitTimer" WaitTime="2000" GoalText="Waiting for bot {TimeRemaining}" />
                </If>
                <If Condition="Me.HasAura(&quot;Skeleton Costume&quot;)" >
                    <CustomBehavior File="RunMacro" Macro="/cancelaura Skeleton Costume" />
                    <CustomBehavior File="WaitTimer" WaitTime="2000" GoalText="Waiting for bot {TimeRemaining}" />
                </If>
                <If Condition="Me.HasAura(&quot;Bat Costume&quot;)" >
                    <CustomBehavior File="RunMacro" Macro="/cancelaura Bat Costume" />
                    <CustomBehavior File="WaitTimer" WaitTime="2000" GoalText="Waiting for bot {TimeRemaining}" />
                </If>
                <If Condition="Me.HasAura(&quot;Trick&quot;)" >
                    <CustomBehavior File="WaitTimer" WaitTime="60000" GoalText="Waiting for Trick to expire {TimeRemaining}" />
                </If>
                <If Condition="HasItem(33292)" >
                    <CustomBehavior File="RunMacro" Macro="/run for bag = 0,4,1 do for slot = 1, 32, 1 do local name = GetContainerItemLink(bag,slot); if name and string.find(name,'Hallowed Helm') then PickupContainerItem(bag,slot); DeleteCursorItem(); end; end; end" />
                    <CustomBehavior File="WaitTimer" WaitTime="2000" GoalText="Waiting for bot {TimeRemaining}" />
                </If>

                <!-- Northwatch Expedition Base Camp - Stonetalon Mountains -->
                <CustomBehavior File="FlyTo" DestName="Northwatch Expedition Base Camp - Stonetalon Mountains" X="267.543" Y="-290.1751" Z="92.69437" />
                <CustomBehavior File="ForcedDismount" />

                <CustomBehavior File="InteractWith" MobId="208173" />
                <CustomBehavior File="RunMacro" Macro="/click QuestFrameCompleteQuestButton" />
                <CustomBehavior File="UseItem" ItemId="37586" />
                <CustomBehavior File="WaitTimer" WaitTime="2000" GoalText="Waiting for bot {TimeRemaining}" />
                <MoveTo X="267.543" Y="-290.1751" Z="92.69437" />
                <If Condition="Me.HasAura(&quot;Wisp Costume&quot;)" >
                    <CustomBehavior File="RunMacro" Macro="/cancelaura Wisp Costume" />
                    <CustomBehavior File="WaitTimer" WaitTime="2000" GoalText="Waiting for bot {TimeRemaining}" />
                </If>
                <If Condition="Me.HasAura(&quot;Skeleton Costume&quot;)" >
                    <CustomBehavior File="RunMacro" Macro="/cancelaura Skeleton Costume" />
                    <CustomBehavior File="WaitTimer" WaitTime="2000" GoalText="Waiting for bot {TimeRemaining}" />
                </If>
                <If Condition="Me.HasAura(&quot;Bat Costume&quot;)" >
                    <CustomBehavior File="RunMacro" Macro="/cancelaura Bat Costume" />
                    <CustomBehavior File="WaitTimer" WaitTime="2000" GoalText="Waiting for bot {TimeRemaining}" />
                </If>
                <If Condition="Me.HasAura(&quot;Trick&quot;)" >
                    <CustomBehavior File="WaitTimer" WaitTime="60000" GoalText="Waiting for Trick to expire {TimeRemaining}" />
                </If>
                <If Condition="HasItem(33292)" >
                    <CustomBehavior File="RunMacro" Macro="/run for bag = 0,4,1 do for slot = 1, 32, 1 do local name = GetContainerItemLink(bag,slot); if name and string.find(name,'Hallowed Helm') then PickupContainerItem(bag,slot); DeleteCursorItem(); end; end; end" />
                    <CustomBehavior File="WaitTimer" WaitTime="2000" GoalText="Waiting for bot {TimeRemaining}" />
                </If>

                <!-- Windshear Hold - Stonetalon Mountains -->
                <CustomBehavior File="FlyTo" DestName="Windshear Hold - Stonetalon Mountains" X="1225.065" Y="432.9108" Z="77.62712" />
                <CustomBehavior File="ForcedDismount" />

                <CustomBehavior File="InteractWith" MobId="208174" />
                <CustomBehavior File="RunMacro" Macro="/click QuestFrameCompleteQuestButton" />
                <CustomBehavior File="UseItem" ItemId="37586" />
                <CustomBehavior File="WaitTimer" WaitTime="2000" GoalText="Waiting for bot {TimeRemaining}" />
                <MoveTo X="1225.065" Y="432.9108" Z="77.62712" />
                <If Condition="Me.HasAura(&quot;Wisp Costume&quot;)" >
                    <CustomBehavior File="RunMacro" Macro="/cancelaura Wisp Costume" />
                    <CustomBehavior File="WaitTimer" WaitTime="2000" GoalText="Waiting for bot {TimeRemaining}" />
                </If>
                <If Condition="Me.HasAura(&quot;Skeleton Costume&quot;)" >
                    <CustomBehavior File="RunMacro" Macro="/cancelaura Skeleton Costume" />
                    <CustomBehavior File="WaitTimer" WaitTime="2000" GoalText="Waiting for bot {TimeRemaining}" />
                </If>
                <If Condition="Me.HasAura(&quot;Bat Costume&quot;)" >
                    <CustomBehavior File="RunMacro" Macro="/cancelaura Bat Costume" />
                    <CustomBehavior File="WaitTimer" WaitTime="2000" GoalText="Waiting for bot {TimeRemaining}" />
                </If>
                <If Condition="Me.HasAura(&quot;Trick&quot;)" >
                    <CustomBehavior File="WaitTimer" WaitTime="60000" GoalText="Waiting for Trick to expire {TimeRemaining}" />
                </If>
                <If Condition="HasItem(33292)" >
                    <CustomBehavior File="RunMacro" Macro="/run for bag = 0,4,1 do for slot = 1, 32, 1 do local name = GetContainerItemLink(bag,slot); if name and string.find(name,'Hallowed Helm') then PickupContainerItem(bag,slot); DeleteCursorItem(); end; end; end" />
                    <CustomBehavior File="WaitTimer" WaitTime="2000" GoalText="Waiting for bot {TimeRemaining}" />
                </If>

                <!-- None at Mirkfallon Post - Stonetalon Mountains -->

                <!-- Farwatcher's Glen - Stonetalon Mountains -->
                <CustomBehavior File="FlyTo" DestName="Farwatcher's Glen - Stonetalon Mountains" X="1001.955" Y="2011.443" Z="126.261" />
                <CustomBehavior File="ForcedDismount" />

                <CustomBehavior File="InteractWith" MobId="208176" />
                <CustomBehavior File="RunMacro" Macro="/click QuestFrameCompleteQuestButton" />
                <CustomBehavior File="UseItem" ItemId="37586" />
                <CustomBehavior File="WaitTimer" WaitTime="2000" GoalText="Waiting for bot {TimeRemaining}" />
                <MoveTo X="1001.955" Y="2011.443" Z="126.261" />
                <If Condition="Me.HasAura(&quot;Wisp Costume&quot;)" >
                    <CustomBehavior File="RunMacro" Macro="/cancelaura Wisp Costume" />
                    <CustomBehavior File="WaitTimer" WaitTime="2000" GoalText="Waiting for bot {TimeRemaining}" />
                </If>
                <If Condition="Me.HasAura(&quot;Skeleton Costume&quot;)" >
                    <CustomBehavior File="RunMacro" Macro="/cancelaura Skeleton Costume" />
                    <CustomBehavior File="WaitTimer" WaitTime="2000" GoalText="Waiting for bot {TimeRemaining}" />
                </If>
                <If Condition="Me.HasAura(&quot;Bat Costume&quot;)" >
                    <CustomBehavior File="RunMacro" Macro="/cancelaura Bat Costume" />
                    <CustomBehavior File="WaitTimer" WaitTime="2000" GoalText="Waiting for bot {TimeRemaining}" />
                </If>
                <If Condition="Me.HasAura(&quot;Trick&quot;)" >
                    <CustomBehavior File="WaitTimer" WaitTime="60000" GoalText="Waiting for Trick to expire {TimeRemaining}" />
                </If>
                <If Condition="HasItem(33292)" >
                    <CustomBehavior File="RunMacro" Macro="/run for bag = 0,4,1 do for slot = 1, 32, 1 do local name = GetContainerItemLink(bag,slot); if name and string.find(name,'Hallowed Helm') then PickupContainerItem(bag,slot); DeleteCursorItem(); end; end; end" />
                    <CustomBehavior File="WaitTimer" WaitTime="2000" GoalText="Waiting for bot {TimeRemaining}" />
                </If>

                <!-- Tharl'darah Overlook - Stonetalon Mountains -->
                <CustomBehavior File="FlyTo" DestName="Tharl'darah Overlook - Stonetalon Mountains" X="2159.809" Y="1560.099" Z="341.6538" />
                <CustomBehavior File="ForcedDismount" />

                <CustomBehavior File="InteractWith" MobId="208175" />
                <CustomBehavior File="RunMacro" Macro="/click QuestFrameCompleteQuestButton" />
                <CustomBehavior File="UseItem" ItemId="37586" />
                <CustomBehavior File="WaitTimer" WaitTime="2000" GoalText="Waiting for bot {TimeRemaining}" />
                <MoveTo X="2159.809" Y="1560.099" Z="341.6538" />
                <If Condition="Me.HasAura(&quot;Wisp Costume&quot;)" >
                    <CustomBehavior File="RunMacro" Macro="/cancelaura Wisp Costume" />
                    <CustomBehavior File="WaitTimer" WaitTime="2000" GoalText="Waiting for bot {TimeRemaining}" />
                </If>
                <If Condition="Me.HasAura(&quot;Skeleton Costume&quot;)" >
                    <CustomBehavior File="RunMacro" Macro="/cancelaura Skeleton Costume" />
                    <CustomBehavior File="WaitTimer" WaitTime="2000" GoalText="Waiting for bot {TimeRemaining}" />
                </If>
                <If Condition="Me.HasAura(&quot;Bat Costume&quot;)" >
                    <CustomBehavior File="RunMacro" Macro="/cancelaura Bat Costume" />
                    <CustomBehavior File="WaitTimer" WaitTime="2000" GoalText="Waiting for bot {TimeRemaining}" />
                </If>
                <If Condition="Me.HasAura(&quot;Trick&quot;)" >
                    <CustomBehavior File="WaitTimer" WaitTime="60000" GoalText="Waiting for Trick to expire {TimeRemaining}" />
                </If>
                <If Condition="HasItem(33292)" >
                    <CustomBehavior File="RunMacro" Macro="/run for bag = 0,4,1 do for slot = 1, 32, 1 do local name = GetContainerItemLink(bag,slot); if name and string.find(name,'Hallowed Helm') then PickupContainerItem(bag,slot); DeleteCursorItem(); end; end; end" />
                    <CustomBehavior File="WaitTimer" WaitTime="2000" GoalText="Waiting for bot {TimeRemaining}" />
                </If>

                <!-- None at Forest Song - Ashenvale -->
                <!-- None at Stardust Spire - Ashenvale -->
                <!-- None at Blackfathom Camp - Ashenvale -->

                <!-- Astranaar - Ashenvale -->
                <CustomBehavior File="FlyTo" DestName="Astranaar - Ashenvale" X="2724.969" Y="-392.0531" Z="107.0952" />
                <CustomBehavior File="ForcedDismount" />

                <CustomBehavior File="InteractWith" MobId="190035" />
                <CustomBehavior File="RunMacro" Macro="/click QuestFrameCompleteQuestButton" />
                <CustomBehavior File="UseItem" ItemId="37586" />
                <CustomBehavior File="WaitTimer" WaitTime="2000" GoalText="Waiting for bot {TimeRemaining}" />
                <MoveTo X="2724.969" Y="-392.0531" Z="107.0952" />
                <If Condition="Me.HasAura(&quot;Wisp Costume&quot;)" >
                    <CustomBehavior File="RunMacro" Macro="/cancelaura Wisp Costume" />
                    <CustomBehavior File="WaitTimer" WaitTime="2000" GoalText="Waiting for bot {TimeRemaining}" />
                </If>
                <If Condition="Me.HasAura(&quot;Skeleton Costume&quot;)" >
                    <CustomBehavior File="RunMacro" Macro="/cancelaura Skeleton Costume" />
                    <CustomBehavior File="WaitTimer" WaitTime="2000" GoalText="Waiting for bot {TimeRemaining}" />
                </If>
                <If Condition="Me.HasAura(&quot;Bat Costume&quot;)" >
                    <CustomBehavior File="RunMacro" Macro="/cancelaura Bat Costume" />
                    <CustomBehavior File="WaitTimer" WaitTime="2000" GoalText="Waiting for bot {TimeRemaining}" />
                </If>
                <If Condition="Me.HasAura(&quot;Trick&quot;)" >
                    <CustomBehavior File="WaitTimer" WaitTime="60000" GoalText="Waiting for Trick to expire {TimeRemaining}" />
                </If>
                <If Condition="HasItem(33292)" >
                    <CustomBehavior File="RunMacro" Macro="/run for bag = 0,4,1 do for slot = 1, 32, 1 do local name = GetContainerItemLink(bag,slot); if name and string.find(name,'Hallowed Helm') then PickupContainerItem(bag,slot); DeleteCursorItem(); end; end; end" />
                    <CustomBehavior File="WaitTimer" WaitTime="2000" GoalText="Waiting for bot {TimeRemaining}" />
                </If>

                <!-- None at Grove of the Ancients - Darkshore -->

                <!-- Lor'danel - Darkshore -->
                <CustomBehavior File="FlyTo" DestName="Lor'danel - Darkshore" X="7386.569" Y="-238.4317" Z="6.938485" />
                <CustomBehavior File="ForcedDismount" />

                <CustomBehavior File="InteractWith" MobId="208115" />
                <CustomBehavior File="RunMacro" Macro="/click QuestFrameCompleteQuestButton" />
                <CustomBehavior File="UseItem" ItemId="37586" />
                <CustomBehavior File="WaitTimer" WaitTime="2000" GoalText="Waiting for bot {TimeRemaining}" />
                <MoveTo X="7386.569" Y="-238.4317" Z="6.938485" />
                <If Condition="Me.HasAura(&quot;Wisp Costume&quot;)" >
                    <CustomBehavior File="RunMacro" Macro="/cancelaura Wisp Costume" />
                    <CustomBehavior File="WaitTimer" WaitTime="2000" GoalText="Waiting for bot {TimeRemaining}" />
                </If>
                <If Condition="Me.HasAura(&quot;Skeleton Costume&quot;)" >
                    <CustomBehavior File="RunMacro" Macro="/cancelaura Skeleton Costume" />
                    <CustomBehavior File="WaitTimer" WaitTime="2000" GoalText="Waiting for bot {TimeRemaining}" />
                </If>
                <If Condition="Me.HasAura(&quot;Bat Costume&quot;)" >
                    <CustomBehavior File="RunMacro" Macro="/cancelaura Bat Costume" />
                    <CustomBehavior File="WaitTimer" WaitTime="2000" GoalText="Waiting for bot {TimeRemaining}" />
                </If>
                <If Condition="Me.HasAura(&quot;Trick&quot;)" >
                    <CustomBehavior File="WaitTimer" WaitTime="60000" GoalText="Waiting for Trick to expire {TimeRemaining}" />
                </If>
                <If Condition="HasItem(33292)" >
                    <CustomBehavior File="RunMacro" Macro="/run for bag = 0,4,1 do for slot = 1, 32, 1 do local name = GetContainerItemLink(bag,slot); if name and string.find(name,'Hallowed Helm') then PickupContainerItem(bag,slot); DeleteCursorItem(); end; end; end" />
                    <CustomBehavior File="WaitTimer" WaitTime="2000" GoalText="Waiting for bot {TimeRemaining}" />
                </If>

                <!-- None at Emerald Sanctuary - Felwood -->
                <!-- None at Wildheart Point - Felwood -->

                <!-- Whisperwind Grove - Felwood -->
                <CustomBehavior File="FlyTo" DestName="Whisperwind Grove - Felwood" X="6082.909" Y="-886.6302" Z="411.8077" />
                <CustomBehavior File="ForcedDismount" />

                <CustomBehavior File="InteractWith" MobId="208158" />
                <CustomBehavior File="RunMacro" Macro="/click QuestFrameCompleteQuestButton" />
                <CustomBehavior File="UseItem" ItemId="37586" />
                <CustomBehavior File="WaitTimer" WaitTime="2000" GoalText="Waiting for bot {TimeRemaining}" />
                <MoveTo X="6082.909" Y="-886.6302" Z="411.8077" />
                <If Condition="Me.HasAura(&quot;Wisp Costume&quot;)" >
                    <CustomBehavior File="RunMacro" Macro="/cancelaura Wisp Costume" />
                    <CustomBehavior File="WaitTimer" WaitTime="2000" GoalText="Waiting for bot {TimeRemaining}" />
                </If>
                <If Condition="Me.HasAura(&quot;Skeleton Costume&quot;)" >
                    <CustomBehavior File="RunMacro" Macro="/cancelaura Skeleton Costume" />
                    <CustomBehavior File="WaitTimer" WaitTime="2000" GoalText="Waiting for bot {TimeRemaining}" />
                </If>
                <If Condition="Me.HasAura(&quot;Bat Costume&quot;)" >
                    <CustomBehavior File="RunMacro" Macro="/cancelaura Bat Costume" />
                    <CustomBehavior File="WaitTimer" WaitTime="2000" GoalText="Waiting for bot {TimeRemaining}" />
                </If>
                <If Condition="Me.HasAura(&quot;Trick&quot;)" >
                    <CustomBehavior File="WaitTimer" WaitTime="60000" GoalText="Waiting for Trick to expire {TimeRemaining}" />
                </If>
                <If Condition="HasItem(33292)" >
                    <CustomBehavior File="RunMacro" Macro="/run for bag = 0,4,1 do for slot = 1, 32, 1 do local name = GetContainerItemLink(bag,slot); if name and string.find(name,'Hallowed Helm') then PickupContainerItem(bag,slot); DeleteCursorItem(); end; end; end" />
                    <CustomBehavior File="WaitTimer" WaitTime="2000" GoalText="Waiting for bot {TimeRemaining}" />
                </If>

                <!-- Talonglade Brance - Felwood -->
                <CustomBehavior File="FlyTo" DestName="Talonbranch Glade - Felwood" X="6204.329" Y="-1884.555" Z="565.9095" />
                <CustomBehavior File="ForcedDismount" />

                <CustomBehavior File="InteractWith" MobId="208159" />
                <CustomBehavior File="RunMacro" Macro="/click QuestFrameCompleteQuestButton" />
                <CustomBehavior File="UseItem" ItemId="37586" />
                <CustomBehavior File="WaitTimer" WaitTime="2000" GoalText="Waiting for bot {TimeRemaining}" />
                <MoveTo X="6204.329" Y="-1884.555" Z="565.9095" />
                <If Condition="Me.HasAura(&quot;Wisp Costume&quot;)" >
                    <CustomBehavior File="RunMacro" Macro="/cancelaura Wisp Costume" />
                    <CustomBehavior File="WaitTimer" WaitTime="2000" GoalText="Waiting for bot {TimeRemaining}" />
                </If>
                <If Condition="Me.HasAura(&quot;Skeleton Costume&quot;)" >
                    <CustomBehavior File="RunMacro" Macro="/cancelaura Skeleton Costume" />
                    <CustomBehavior File="WaitTimer" WaitTime="2000" GoalText="Waiting for bot {TimeRemaining}" />
                </If>
                <If Condition="Me.HasAura(&quot;Bat Costume&quot;)" >
                    <CustomBehavior File="RunMacro" Macro="/cancelaura Bat Costume" />
                    <CustomBehavior File="WaitTimer" WaitTime="2000" GoalText="Waiting for bot {TimeRemaining}" />
                </If>
                <If Condition="Me.HasAura(&quot;Trick&quot;)" >
                    <CustomBehavior File="WaitTimer" WaitTime="60000" GoalText="Waiting for Trick to expire {TimeRemaining}" />
                </If>
                <If Condition="HasItem(33292)" >
                    <CustomBehavior File="RunMacro" Macro="/run for bag = 0,4,1 do for slot = 1, 32, 1 do local name = GetContainerItemLink(bag,slot); if name and string.find(name,'Hallowed Helm') then PickupContainerItem(bag,slot); DeleteCursorItem(); end; end; end" />
                    <CustomBehavior File="WaitTimer" WaitTime="2000" GoalText="Waiting for bot {TimeRemaining}" />
                </If>

                <!-- Everlook - Winterspring -->
                <CustomBehavior File="FlyTo" DestName="Everlook - Winterspring" X="6710.327" Y="-4670.572" Z="721.1443" />
                <CustomBehavior File="ForcedDismount" />

                <CustomBehavior File="InteractWith" MobId="190106" />
                <CustomBehavior File="RunMacro" Macro="/click QuestFrameCompleteQuestButton" />
                <CustomBehavior File="UseItem" ItemId="37586" />
                <CustomBehavior File="WaitTimer" WaitTime="2000" GoalText="Waiting for bot {TimeRemaining}" />
                <MoveTo X="6710.327" Y="-4670.572" Z="721.1443" />
                <If Condition="Me.HasAura(&quot;Wisp Costume&quot;)" >
                    <CustomBehavior File="RunMacro" Macro="/cancelaura Wisp Costume" />
                    <CustomBehavior File="WaitTimer" WaitTime="2000" GoalText="Waiting for bot {TimeRemaining}" />
                </If>
                <If Condition="Me.HasAura(&quot;Skeleton Costume&quot;)" >
                    <CustomBehavior File="RunMacro" Macro="/cancelaura Skeleton Costume" />
                    <CustomBehavior File="WaitTimer" WaitTime="2000" GoalText="Waiting for bot {TimeRemaining}" />
                </If>
                <If Condition="Me.HasAura(&quot;Bat Costume&quot;)" >
                    <CustomBehavior File="RunMacro" Macro="/cancelaura Bat Costume" />
                    <CustomBehavior File="WaitTimer" WaitTime="2000" GoalText="Waiting for bot {TimeRemaining}" />
                </If>
                <If Condition="Me.HasAura(&quot;Trick&quot;)" >
                    <CustomBehavior File="WaitTimer" WaitTime="60000" GoalText="Waiting for Trick to expire {TimeRemaining}" />
                </If>
                <If Condition="HasItem(33292)" >
                    <CustomBehavior File="RunMacro" Macro="/run for bag = 0,4,1 do for slot = 1, 32, 1 do local name = GetContainerItemLink(bag,slot); if name and string.find(name,'Hallowed Helm') then PickupContainerItem(bag,slot); DeleteCursorItem(); end; end; end" />
                    <CustomBehavior File="WaitTimer" WaitTime="2000" GoalText="Waiting for bot {TimeRemaining}" />
                </If>

                <!-- Nordrassil - Hyjal -->
                <CustomBehavior File="FlyTo" DestName="Above Nordrassil" X="5578.042" Y="-3797.707" Z="1767.456" />
                <CustomBehavior File="MyCTM" DestName="Nordrassil - Hyjal" X="5534.532" Y="-3627.303" Z="1566.804" />
                <CustomBehavior File="ForcedDismount" />

                <CustomBehavior File="InteractWith" MobId="208162" />
                <CustomBehavior File="RunMacro" Macro="/click QuestFrameCompleteQuestButton" />
                <CustomBehavior File="UseItem" ItemId="37586" />
                <CustomBehavior File="WaitTimer" WaitTime="2000" GoalText="Waiting for bot {TimeRemaining}" />
                <MoveTo X="5534.532" Y="-3627.303" Z="1566.804" />
                <If Condition="Me.HasAura(&quot;Wisp Costume&quot;)" >
                    <CustomBehavior File="RunMacro" Macro="/cancelaura Wisp Costume" />
                    <CustomBehavior File="WaitTimer" WaitTime="2000" GoalText="Waiting for bot {TimeRemaining}" />
                </If>
                <If Condition="Me.HasAura(&quot;Skeleton Costume&quot;)" >
                    <CustomBehavior File="RunMacro" Macro="/cancelaura Skeleton Costume" />
                    <CustomBehavior File="WaitTimer" WaitTime="2000" GoalText="Waiting for bot {TimeRemaining}" />
                </If>
                <If Condition="Me.HasAura(&quot;Bat Costume&quot;)" >
                    <CustomBehavior File="RunMacro" Macro="/cancelaura Bat Costume" />
                    <CustomBehavior File="WaitTimer" WaitTime="2000" GoalText="Waiting for bot {TimeRemaining}" />
                </If>
                <If Condition="Me.HasAura(&quot;Trick&quot;)" >
                    <CustomBehavior File="WaitTimer" WaitTime="60000" GoalText="Waiting for Trick to expire {TimeRemaining}" />
                </If>
                <If Condition="HasItem(33292)" >
                    <CustomBehavior File="RunMacro" Macro="/run for bag = 0,4,1 do for slot = 1, 32, 1 do local name = GetContainerItemLink(bag,slot); if name and string.find(name,'Hallowed Helm') then PickupContainerItem(bag,slot); DeleteCursorItem(); end; end; end" />
                    <CustomBehavior File="WaitTimer" WaitTime="2000" GoalText="Waiting for bot {TimeRemaining}" />
                </If>
                <CustomBehavior File="FlyTo" DestName="Above Nordrassil" X="5578.042" Y="-3797.707" Z="1767.456" />
                <CustomBehavior File="FlyTo" DestName="Getting away from tree" X="5719.941" Y="-3280.517" Z="1776.454" />
                <CustomBehavior File="FlyTo" DestName="Getting away from tree" X="4981.734" Y="-2707.517" Z="1638.609" />
                <CustomBehavior File="FlyTo" DestName="Getting away from tree" X="4951.414" Y="-2680.28" Z="1427.278" />

                <!-- Shrine of Aviana - Hyjal -->
                <CustomBehavior File="FlyTo" DestName="Shrine of Aviana - Hyjal" X="4951.414" Y="-2680.28" Z="1427.278" />
                <CustomBehavior File="ForcedDismount" />

                <CustomBehavior File="InteractWith" MobId="208164" />
                <CustomBehavior File="RunMacro" Macro="/click QuestFrameCompleteQuestButton" />
                <CustomBehavior File="UseItem" ItemId="37586" />
                <CustomBehavior File="WaitTimer" WaitTime="2000" GoalText="Waiting for bot {TimeRemaining}" />
                <MoveTo X="4951.414" Y="-2680.28" Z="1427.278" />
                <If Condition="Me.HasAura(&quot;Wisp Costume&quot;)" >
                    <CustomBehavior File="RunMacro" Macro="/cancelaura Wisp Costume" />
                    <CustomBehavior File="WaitTimer" WaitTime="2000" GoalText="Waiting for bot {TimeRemaining}" />
                </If>
                <If Condition="Me.HasAura(&quot;Skeleton Costume&quot;)" >
                    <CustomBehavior File="RunMacro" Macro="/cancelaura Skeleton Costume" />
                    <CustomBehavior File="WaitTimer" WaitTime="2000" GoalText="Waiting for bot {TimeRemaining}" />
                </If>
                <If Condition="Me.HasAura(&quot;Bat Costume&quot;)" >
                    <CustomBehavior File="RunMacro" Macro="/cancelaura Bat Costume" />
                    <CustomBehavior File="WaitTimer" WaitTime="2000" GoalText="Waiting for bot {TimeRemaining}" />
                </If>
                <If Condition="Me.HasAura(&quot;Trick&quot;)" >
                    <CustomBehavior File="WaitTimer" WaitTime="60000" GoalText="Waiting for Trick to expire {TimeRemaining}" />
                </If>
                <If Condition="HasItem(33292)" >
                    <CustomBehavior File="RunMacro" Macro="/run for bag = 0,4,1 do for slot = 1, 32, 1 do local name = GetContainerItemLink(bag,slot); if name and string.find(name,'Hallowed Helm') then PickupContainerItem(bag,slot); DeleteCursorItem(); end; end; end" />
                    <CustomBehavior File="WaitTimer" WaitTime="2000" GoalText="Waiting for bot {TimeRemaining}" />
                </If>

                <!-- Grove of Aessina - Hyjal -->
                <CustomBehavior File="FlyTo" DestName="Grove of Aessina - Hyjal" X="5137.826" Y="-1726.157" Z="1335.965" />
                <CustomBehavior File="ForcedDismount" />

                <CustomBehavior File="InteractWith" MobId="208163" />
                <CustomBehavior File="RunMacro" Macro="/click QuestFrameCompleteQuestButton" />
                <CustomBehavior File="UseItem" ItemId="37586" />
                <CustomBehavior File="WaitTimer" WaitTime="2000" GoalText="Waiting for bot {TimeRemaining}" />
                <MoveTo X="5137.826" Y="-1726.157" Z="1335.965" />
                <If Condition="Me.HasAura(&quot;Wisp Costume&quot;)" >
                    <CustomBehavior File="RunMacro" Macro="/cancelaura Wisp Costume" />
                    <CustomBehavior File="WaitTimer" WaitTime="2000" GoalText="Waiting for bot {TimeRemaining}" />
                </If>
                <If Condition="Me.HasAura(&quot;Skeleton Costume&quot;)" >
                    <CustomBehavior File="RunMacro" Macro="/cancelaura Skeleton Costume" />
                    <CustomBehavior File="WaitTimer" WaitTime="2000" GoalText="Waiting for bot {TimeRemaining}" />
                </If>
                <If Condition="Me.HasAura(&quot;Bat Costume&quot;)" >
                    <CustomBehavior File="RunMacro" Macro="/cancelaura Bat Costume" />
                    <CustomBehavior File="WaitTimer" WaitTime="2000" GoalText="Waiting for bot {TimeRemaining}" />
                </If>
                <If Condition="Me.HasAura(&quot;Trick&quot;)" >
                    <CustomBehavior File="WaitTimer" WaitTime="60000" GoalText="Waiting for Trick to expire {TimeRemaining}" />
                </If>
                <If Condition="HasItem(33292)" >
                    <CustomBehavior File="RunMacro" Macro="/run for bag = 0,4,1 do for slot = 1, 32, 1 do local name = GetContainerItemLink(bag,slot); if name and string.find(name,'Hallowed Helm') then PickupContainerItem(bag,slot); DeleteCursorItem(); end; end; end" />
                    <CustomBehavior File="WaitTimer" WaitTime="2000" GoalText="Waiting for bot {TimeRemaining}" />
                </If>

                <!-- None at Sanctuary of Malorne - Hyjal -->
                <!-- None at Gates of Sothane - Hyjal -->

                <!-- Ret'theran Village / Darnassus
                <CustomBehavior File="FlyTo" DestName="Ret'theran Village / Darnassus" X="8367.577" Y="993.2064" Z="25.30135" />
                <CustomBehavior File="ForcedDismount" />
                -->
                <CustomBehavior File="FlyTo" DestName="Lor'danel - Up" X="7432.516" Y="-91.3162" Z="63.72704" />
                <CustomBehavior File="MyCTM" X="8195.361" Y="842.0599" Z="106.3092" /> <!-- Fly to Reth Village -->
                <CustomBehavior File="MyCTM" X="8300.994" Y="974.1353" Z="14.41978" /> <!-- Land at Reth Village -->
                <CustomBehavior File="ForcedDismount" />

                <MoveTo X="8367.577" Y="993.2064" Z="25.30135" /> <!-- Reth Portal -->
                <CustomBehavior File="MyCTM" X="8385.074" Y="999.9052" Z="29.78846" />
                <CustomBehavior File="WaitTimer" WaitTime="4000" GoalText="Waiting for bot {TimeRemaining}" />
                <CustomBehavior File="FlyTo" DestName="Darnassus Inn" X="10124.15" Y="2245.833" Z="1327.572" />
                <CustomBehavior File="ForcedDismount" />

                <CustomBehavior File="InteractWith" MobId="190038" />
                <CustomBehavior File="RunMacro" Macro="/click QuestFrameCompleteQuestButton" />
                <CustomBehavior File="UseItem" ItemId="37586" />
                <CustomBehavior File="WaitTimer" WaitTime="2000" GoalText="Waiting for bot {TimeRemaining}" />
                <MoveTo X="10124.15" Y="2245.833" Z="1327.572" />
                <If Condition="Me.HasAura(&quot;Wisp Costume&quot;)" >
                    <CustomBehavior File="RunMacro" Macro="/cancelaura Wisp Costume" />
                    <CustomBehavior File="WaitTimer" WaitTime="2000" GoalText="Waiting for bot {TimeRemaining}" />
                </If>
                <If Condition="Me.HasAura(&quot;Skeleton Costume&quot;)" >
                    <CustomBehavior File="RunMacro" Macro="/cancelaura Skeleton Costume" />
                    <CustomBehavior File="WaitTimer" WaitTime="2000" GoalText="Waiting for bot {TimeRemaining}" />
                </If>
                <If Condition="Me.HasAura(&quot;Bat Costume&quot;)" >
                    <CustomBehavior File="RunMacro" Macro="/cancelaura Bat Costume" />
                    <CustomBehavior File="WaitTimer" WaitTime="2000" GoalText="Waiting for bot {TimeRemaining}" />
                </If>
                <If Condition="Me.HasAura(&quot;Trick&quot;)" >
                    <CustomBehavior File="WaitTimer" WaitTime="60000" GoalText="Waiting for Trick to expire {TimeRemaining}" />
                </If>
                <If Condition="HasItem(33292)" >
                    <CustomBehavior File="RunMacro" Macro="/run for bag = 0,4,1 do for slot = 1, 32, 1 do local name = GetContainerItemLink(bag,slot); if name and string.find(name,'Hallowed Helm') then PickupContainerItem(bag,slot); DeleteCursorItem(); end; end; end" />
                    <CustomBehavior File="WaitTimer" WaitTime="2000" GoalText="Waiting for bot {TimeRemaining}" />
                </If>

                <!-- Dolanaar - Teldrassil -->
                <!--
                <CustomBehavior File="FlyTo" DestName="Dolanaar - Teldrassil" X="9857.789" Y="938.8784" Z="1308.136" />
                <CustomBehavior File="ForcedDismount" />
                -->
                <MoveTo X="9857.789" Y="938.8784" Z="1308.136" />

                <CustomBehavior File="InteractWith" MobId="190034" />
                <CustomBehavior File="RunMacro" Macro="/click QuestFrameCompleteQuestButton" />
                <CustomBehavior File="UseItem" ItemId="37586" />
                <CustomBehavior File="WaitTimer" WaitTime="2000" GoalText="Waiting for bot {TimeRemaining}" />
                <MoveTo X="9857.789" Y="938.8784" Z="1308.136" />
                <If Condition="Me.HasAura(&quot;Wisp Costume&quot;)" >
                    <CustomBehavior File="RunMacro" Macro="/cancelaura Wisp Costume" />
                    <CustomBehavior File="WaitTimer" WaitTime="2000" GoalText="Waiting for bot {TimeRemaining}" />
                </If>
                <If Condition="Me.HasAura(&quot;Skeleton Costume&quot;)" >
                    <CustomBehavior File="RunMacro" Macro="/cancelaura Skeleton Costume" />
                    <CustomBehavior File="WaitTimer" WaitTime="2000" GoalText="Waiting for bot {TimeRemaining}" />
                </If>
                <If Condition="Me.HasAura(&quot;Bat Costume&quot;)" >
                    <CustomBehavior File="RunMacro" Macro="/cancelaura Bat Costume" />
                    <CustomBehavior File="WaitTimer" WaitTime="2000" GoalText="Waiting for bot {TimeRemaining}" />
                </If>
                <If Condition="Me.HasAura(&quot;Trick&quot;)" >
                    <CustomBehavior File="WaitTimer" WaitTime="60000" GoalText="Waiting for Trick to expire {TimeRemaining}" />
                </If>
                <If Condition="HasItem(33292)" >
                    <CustomBehavior File="RunMacro" Macro="/run for bag = 0,4,1 do for slot = 1, 32, 1 do local name = GetContainerItemLink(bag,slot); if name and string.find(name,'Hallowed Helm') then PickupContainerItem(bag,slot); DeleteCursorItem(); end; end; end" />
                    <CustomBehavior File="WaitTimer" WaitTime="2000" GoalText="Waiting for bot {TimeRemaining}" />
                </If>

                <!-- Darnassus portal to Exodar
                <CustomBehavior File="FlyTo" DestName="Darnassus Bank" X="9917.229" Y="2500.645" Z="1316.828" />
                <CustomBehavior File="ForcedDismount" />
                 -->
                <MoveTo X="9917.229" Y="2500.645" Z="1316.828" />

                <CustomBehavior File="InteractWith" MobId="207995" X="9655.714" Y="2508.12" Z="1331.6" />
                <CustomBehavior File="WaitTimer" WaitTime="5000" GoalText="Waiting for bot {TimeRemaining}" />

                <!-- Exodar -->
                <CustomBehavior File="InteractWith" MobId="190041" X="-3738.305" Y="-11692.41" Z="-105.783" />
                <CustomBehavior File="RunMacro" Macro="/click QuestFrameCompleteQuestButton" />
                <CustomBehavior File="UseItem" ItemId="37586" />
                <CustomBehavior File="WaitTimer" WaitTime="2000" GoalText="Waiting for bot {TimeRemaining}" />
                <If Condition="Me.HasAura(&quot;Wisp Costume&quot;)" >
                    <CustomBehavior File="RunMacro" Macro="/cancelaura Wisp Costume" />
                    <CustomBehavior File="WaitTimer" WaitTime="2000" GoalText="Waiting for bot {TimeRemaining}" />
                </If>
                <If Condition="Me.HasAura(&quot;Skeleton Costume&quot;)" >
                    <CustomBehavior File="RunMacro" Macro="/cancelaura Skeleton Costume" />
                    <CustomBehavior File="WaitTimer" WaitTime="2000" GoalText="Waiting for bot {TimeRemaining}" />
                </If>
                <If Condition="Me.HasAura(&quot;Bat Costume&quot;)" >
                    <CustomBehavior File="RunMacro" Macro="/cancelaura Bat Costume" />
                    <CustomBehavior File="WaitTimer" WaitTime="2000" GoalText="Waiting for bot {TimeRemaining}" />
                </If>
                <If Condition="Me.HasAura(&quot;Trick&quot;)" >
                    <CustomBehavior File="WaitTimer" WaitTime="60000" GoalText="Waiting for Trick to expire {TimeRemaining}" />
                </If>
                <If Condition="HasItem(33292)" >
                    <CustomBehavior File="RunMacro" Macro="/run for bag = 0,4,1 do for slot = 1, 32, 1 do local name = GetContainerItemLink(bag,slot); if name and string.find(name,'Hallowed Helm') then PickupContainerItem(bag,slot); DeleteCursorItem(); end; end; end" />
                    <CustomBehavior File="WaitTimer" WaitTime="2000" GoalText="Waiting for bot {TimeRemaining}" />
                </If>

                <!-- Azure Watch - Azuremyst Isle -->
                <MoveTo X="-4156.736" Y="-12491.14" Z="44.43262" />
                <CustomBehavior File="ForcedDismount" />

                <CustomBehavior File="InteractWith" MobId="190037" X="-4127.729" Y="-12473.89" Z="44.50081" />
                <CustomBehavior File="RunMacro" Macro="/click QuestFrameCompleteQuestButton" />
                <CustomBehavior File="UseItem" ItemId="37586" />
                <CustomBehavior File="WaitTimer" WaitTime="2000" GoalText="Waiting for bot {TimeRemaining}" />
                <MoveTo X="-4156.736" Y="-12491.14" Z="44.43262" />
                <If Condition="Me.HasAura(&quot;Wisp Costume&quot;)" >
                    <CustomBehavior File="RunMacro" Macro="/cancelaura Wisp Costume" />
                    <CustomBehavior File="WaitTimer" WaitTime="2000" GoalText="Waiting for bot {TimeRemaining}" />
                </If>
                <If Condition="Me.HasAura(&quot;Skeleton Costume&quot;)" >
                    <CustomBehavior File="RunMacro" Macro="/cancelaura Skeleton Costume" />
                    <CustomBehavior File="WaitTimer" WaitTime="2000" GoalText="Waiting for bot {TimeRemaining}" />
                </If>
                <If Condition="Me.HasAura(&quot;Bat Costume&quot;)" >
                    <CustomBehavior File="RunMacro" Macro="/cancelaura Bat Costume" />
                    <CustomBehavior File="WaitTimer" WaitTime="2000" GoalText="Waiting for bot {TimeRemaining}" />
                </If>
                <If Condition="Me.HasAura(&quot;Trick&quot;)" >
                    <CustomBehavior File="WaitTimer" WaitTime="60000" GoalText="Waiting for Trick to expire {TimeRemaining}" />
                </If>
                <If Condition="HasItem(33292)" >
                    <CustomBehavior File="RunMacro" Macro="/run for bag = 0,4,1 do for slot = 1, 32, 1 do local name = GetContainerItemLink(bag,slot); if name and string.find(name,'Hallowed Helm') then PickupContainerItem(bag,slot); DeleteCursorItem(); end; end; end" />
                    <CustomBehavior File="WaitTimer" WaitTime="2000" GoalText="Waiting for bot {TimeRemaining}" />
                </If>

                <!-- Blood Watch - Bloodmyst Isle -->
                <MoveTo  X="-2046.947" Y="-11861.33" Z="47.44216" />
                <CustomBehavior File="ForcedDismount" />

                <CustomBehavior File="InteractWith" MobId="190045" X="-2060.597" Y="-11892.29" Z="46.14388" />
                <CustomBehavior File="RunMacro" Macro="/click QuestFrameCompleteQuestButton" />
                <CustomBehavior File="UseItem" ItemId="37586" />
                <CustomBehavior File="WaitTimer" WaitTime="2000" GoalText="Waiting for bot {TimeRemaining}" />
                <MoveTo X="-2046.947" Y="-11861.33" Z="47.44216" />
                <If Condition="Me.HasAura(&quot;Wisp Costume&quot;)" >
                    <CustomBehavior File="RunMacro" Macro="/cancelaura Wisp Costume" />
                    <CustomBehavior File="WaitTimer" WaitTime="2000" GoalText="Waiting for bot {TimeRemaining}" />
                </If>
                <If Condition="Me.HasAura(&quot;Skeleton Costume&quot;)" >
                    <CustomBehavior File="RunMacro" Macro="/cancelaura Skeleton Costume" />
                    <CustomBehavior File="WaitTimer" WaitTime="2000" GoalText="Waiting for bot {TimeRemaining}" />
                </If>
                <If Condition="Me.HasAura(&quot;Bat Costume&quot;)" >
                    <CustomBehavior File="RunMacro" Macro="/cancelaura Bat Costume" />
                    <CustomBehavior File="WaitTimer" WaitTime="2000" GoalText="Waiting for bot {TimeRemaining}" />
                </If>
                <If Condition="Me.HasAura(&quot;Trick&quot;)" >
                    <CustomBehavior File="WaitTimer" WaitTime="60000" GoalText="Waiting for Trick to expire {TimeRemaining}" />
                </If>
                <If Condition="HasItem(33292)" >
                    <CustomBehavior File="RunMacro" Macro="/run for bag = 0,4,1 do for slot = 1, 32, 1 do local name = GetContainerItemLink(bag,slot); if name and string.find(name,'Hallowed Helm') then PickupContainerItem(bag,slot); DeleteCursorItem(); end; end; end" />
                    <CustomBehavior File="WaitTimer" WaitTime="2000" GoalText="Waiting for bot {TimeRemaining}" />
                </If>

                <CustomBehavior File="UseItem" ItemId="6948" />
                <CustomBehavior File="WaitTimer" WaitTime="20000" GoalText="Using item {TimeRemaining}" />


    <CustomBehavior File="UserDialog" AllowBotStop="true" SoundCue="Exclamation" SoundCueInterval="2" Text="Port to Deepholm and get that bucket - then swim around and do Vashj'ir" />


    </QuestOrder>
</HBProfile>
