<HBProfile xsi:noNamespaceSchemaLocation="../../Schemas/QuestProfileSchema.xsd" xmlns:xsi="http://www.w3.org/2001/XMLSchema-instance">

    <MinDurability>0.1</MinDurability>


    <Blackspots>
    </Blackspots>
    <AvoidMobs>
    </AvoidMobs>


    <QuestOrder>


    <CustomBehavior File="UserDialog" AllowBotStop="false" SoundCue="Exclamation" SoundCueInterval="2" ExpiryTime="6" ExpiryAction="InputEnabled_Continue" Text="If you have a Hallowed Helm - it will be deleted on purpose" />


    </QuestOrder>
</HBProfile>
