<HBProfile xsi:noNamespaceSchemaLocation="../Schemas/EchoSchema.xsd" xmlns:xsi="http://www.w3.org/2001/XMLSchema-instance">
	<!-- Original contribution by EchoTiger -->
	<Name>Blasted Lands ($ShortHash$)</Name>

	<MinDurability>0.3</MinDurability>
	<MinFreeBagSlots>3</MinFreeBagSlots>

	<SellGrey>true</SellGrey>
	<SellWhite>true</SellWhite>
	<SellGreen>true</SellGreen>
	<SellBlue>true</SellBlue>
	<SellPurple>false</SellPurple>

	<MailGrey>false</MailGrey>
	<MailWhite>true</MailWhite>
	<MailGreen>true</MailGreen>
	<MailBlue>true</MailBlue>
	<MailPurple>true</MailPurple>

	<TargetElites>true</TargetElites>

	<AvoidMobs>
	</AvoidMobs>

	<Mailboxes>
		<Mailbox Name="Nethergarde Keep" X="-10997.8" Y="-3386.555" Z="62.15465" />
	</Mailboxes>

	<Vendors>
		<!-- Nethergarde Keep Vendors -->
		<Vendor Name="Bernie Heisten" Id="3546" Type="Food" X="-10946.64" Y="-3369.315" Z="66.49859" />
		<Vendor Name="Strumner Flintheel" Id="5508" Type="Repair" X="-10951.8" Y="-3451.99" Z="66.76123" />

		<!-- Surwich Vendors -->
		<Vendor Name="Donna Berrymore" Id="44334" Type="Food" X="-12723.6" Y="-2817.64" Z="7.541882" />
		<Vendor Name="Maurice Essman" Id="44337" Type="Repair" X="-12749.4" Y="-2871.93" Z="1.811012" />
	</Vendors>

	<Blackspots>
		<Blackspot X="-11786.27" Y="-3156.42" Z="-27.2632" Radius="5" /> <!-- Tent that's too short for tall races to walk under. -->
		<Blackspot X="-11783.14" Y="-3158.424" Z="-27.63164" Radius="10" /> <!-- Tent that's too short for tall races to walk under. -->
	</Blackspots>

	<Blacklist>
	</Blacklist>

	<QuestOrder IgnoreCheckpoints="false" >
		<!-- Check function status -->
		<Code File="RunCode" Type="Definition">
			<![CDATA[
			private static bool? profileFunctionsEnabled => (bool?)AppDomain.CurrentDomain.GetData("QuestingProfiles_FunctionsEnabled");
			private static bool IsStoreProfile(string path) => path.StartsWith("store://");
			private static string Slashify(string path) => IsStoreProfile(path) ? path.Replace(@"\", "/") : path.Replace("/", @"\");

			public __CompiledBatchClass__()
			{
				ActivateFunctions();
			}

			private static void ActivateFunctions()
			{
				if (profileFunctionsEnabled == null || profileFunctionsEnabled == false)
				{
					Bots.Professionbuddy.PBLog.Log(Colors.MediumPurple, "[Profile Message!]: ", Colors.Yellow, "Please stand by as the functions are being activated!");
					LoadProfile(@"..\..\Functions\Activate Functions.xml");
				}
			}

			private static void LoadProfile(string path)
			{
				var profile = GetNewPath(path);
				if (!IsStoreProfile(profile) && !File.Exists(profile))
				{
					Bots.Professionbuddy.PBLog.Log(Colors.MediumPurple, "[Profile Message!]: ", Colors.Yellow, "Profile does not exist.\n" + profile);
					return;
				}

				Bots.Professionbuddy.PBLog.Log(Colors.MediumPurple, "[Profile Message!]: ", Colors.Yellow, "Loading: " + profile);
				ProfileManager.LoadNew(profile, false);
			}

			private static string GetNewPath(string path)
			{
				if (IsStoreProfile(path))
					return Slashify(path);

				var currentProfile = ProfileManager.XmlLocation;
				if (IsStoreProfile(currentProfile))
					return Slashify(currentProfile + "/../" + path);

				var absolutePath = Path.Combine(Path.GetDirectoryName(currentProfile), path);
				absolutePath = Path.GetFullPath(absolutePath);
				var canonicalPath = new Uri(absolutePath).LocalPath;
				return Slashify(canonicalPath);
			}]]>
		</Code>
		<Code File="RunCode" Code="ActivateFunctions();" />
		<!-- END Check function status -->

		<If Condition="Me.IsHorde" >
			<Code File="LoadProfile" ProfileName="..\..\Questing Autoloader.xml" />
		</If>
		<!-- RunCode Methods -->
			<Code File="RunCode">
			<![CDATA[
				Bots.Professionbuddy.PBLog.Log(System.Windows.Media.Colors.MediumPurple, "> [Profile Initialization Status] ", System.Windows.Media.Colors.CornflowerBlue, "\n     Auto-Looting	:: Enabled\n     Looting	:: Enabled\n     Game Addons	:: Disabled");
				Lua.DoString("SetCVar('AutoLootDefault', 1);");
				Lua.DoString("SetCVar('autoDismountFlying', 1);");
				CharacterSettings.Instance.LootMobs = true;
				CharacterSettings.Instance.Save();
				Logging.Write(System.Windows.Media.Colors.MediumPurple, "> [Ready to bot!]");
			]]>
			</Code>
			<Code File="RunCode" Type="Definition">
				<![CDATA[
						bool DoQuest(params uint[] questIds)
						{
							foreach (var questId in questIds)
							{
								if (HasQuest(questId) && !IsQuestCompleted(questId)) return true;
							}
							return false;
						}
						bool NeedsQuest(params uint[] questIds)
						{
							foreach (var questId in questIds)
							{
								if (!HasQuest(questId) && !IsQuestCompleted(questId)) return true;
							}
							return false;
						}
						bool NeedsBreadcrumbQuest(params uint[] questIds)
						{
							foreach (var questId in questIds)
							{
								if (IsQuestCompleted(questId)) return false;
							}
							return true;
						}
						bool QuestDone(params uint[] questIds)
						{
							foreach (var questId in questIds)
							{
								if (HasQuest(questId) && IsQuestCompleted(questId)) return true;
							}
							return false;
						}
						bool QuestFlaggedCompleted(params uint[] questIds)
						{
							foreach (var questId in questIds)
							{
								return Lua.GetReturnVal<bool>($"return IsQuestFlaggedCompleted({questId});", 0);
							}
							return false;
						}
						async Task SkipCutscene(int preWait = 3000, int postWait = 3000)
						{
					// Add detection of cutscene here.
							await Coroutine.Sleep(preWait);
					// Test and improve the working method.
							Lua.DoString("MovieFrame:StopMovie(); CinematicFrame_CancelCinematic(); StopCinematic();");
							await Coroutine.Sleep(postWait);
						}
					]]>
			</Code>
		<!-- END RunCode Methods -->



		<If Condition="QuestDone(27919)" >
			<TurnIn QuestName="Onward to the Blasted Lands" QuestId="27919" TurnInName="Enohar Thunderbrew" TurnInId="9540" X="-11034.14" Y="-3445.212" Z="65.69168" />
		</If>
		<PickUp QuestName="A Closer Look" QuestId="25715" GiverName="Enohar Thunderbrew" GiverId="9540" X="-11033.46" Y="-3445.549" Z="65.65214" />

		<Code File="SetHearthstone" MobId="44325" AreaId="1438" X="-10928.2" Y="-3417.761" Z="66.49884" />

		<PickUp QuestName="Minor Distractions" QuestId="25710" GiverName="Quartermaster Lungertz" GiverId="5393" X="-10916.29" Y="-3394.474" Z="81.71508" />
		<Code File="KillUntilComplete" MobId="42228" QuestId="25710" >
			<HuntingGrounds>
				<Hotspot X="-11180.76" Y="-3514.911" Z="65.6002" />
				<Hotspot X="-11147.11" Y="-3545.362" Z="65.50679" />
				<Hotspot X="-11157.12" Y="-3478.866" Z="65.19644" />
			</HuntingGrounds>
		</Code>
		<TurnIn QuestName="Minor Distractions" QuestId="25710" TurnInName="Quartermaster Lungertz" TurnInId="5393" X="-10916.35" Y="-3393.401" Z="81.71421" />

		<PickUp QuestName="Eliminate the Okril'lon" QuestId="25711" GiverName="Quartermaster Lungertz" GiverId="5393" X="-10916.35" Y="-3393.401" Z="81.71421" />
		<PickUp QuestName="Nethergarde Reigns" QuestId="25712" GiverName="Leyan Steelson" GiverId="42262" X="-10916.35" Y="-3393.401" Z="81.71421" />
		<PickUp QuestName="Remove Their Arms" QuestId="25713" GiverName="Buttonwillow McKittrick" GiverId="42264" X="-10916.35" Y="-3393.401" Z="81.71421" />

		<Code File="KillUntilComplete" MobId="42231" QuestId="25712" X="-10930.63" Y="-3079.08" Z="44.49695" />

		<While Condition="DoQuest(25713)" >
			<Code File="InteractWith" QuestId="25713" InteractByUsingItemId="57117" MobId="203707" CollectionDistance="200" MinRange="10" Range="22" X="-10977.31" Y="-3133.758" Z="42.49661" />
		</While>

		<Code File="KillUntilComplete" MobId="42359" QuestId="25711" >
			<HuntingGrounds>
				<Hotspot X="-11070.7" Y="-3155.63" Z="47.07592" />
				<Hotspot X="-10969.8" Y="-3096.08" Z="43.8672" />
				<Hotspot X="-10939.05" Y="-3165.396" Z="47.63739" />
			</HuntingGrounds>
		</Code>

		<TurnIn QuestName="Eliminate the Okril'lon" QuestId="25711" TurnInName="Quartermaster Lungertz" TurnInId="5393" X="-10916.08" Y="-3394.189" Z="81.71493" />
		<TurnIn QuestName="Nethergarde Reigns" QuestId="25712" TurnInName="Leyan Steelson" TurnInId="42262" X="-10911.79" Y="-3394.026" Z="81.71493" />
		<TurnIn QuestName="Remove Their Arms" QuestId="25713" TurnInName="Buttonwillow McKittrick" TurnInId="42264" X="-10919.52" Y="-3404.591" Z="81.71493" />
		<RecheckCheckpoints />

		<While Condition="DoQuest(25715)" >
			<MoveTo X="-11368.95" Y="-3677.897" Z="5.215727" />
		</While>

		<TurnIn QuestName="A Closer Look" QuestId="25715" TurnInName="Enohar Thunderbrew" TurnInId="9540" X="-11039.48" Y="-3448.28" Z="65.646" />
		<PickUp QuestName="Our Fallen Friends" QuestId="25708" GiverName="Enohar Thunderbrew" GiverId="9540" X="-11039.57" Y="-3448.999" Z="65.6138" />
		<PickUp QuestName="Curtail the Darktail" QuestId="25709" GiverName="Enohar Thunderbrew" GiverId="9540" X="-11039.57" Y="-3448.999" Z="65.6138" />

		<While Condition="DoQuest(25709)" >
			<Code File="InteractWith" MobId="42235" InteractByUsingItemId="57119" Range="150" MobState="Alive" NumOfTimes="40" QuestId="25709" >
				<HuntingGrounds>
					<Hotspot X="-11379.03" Y="-3594.439" Z="8.757445" />
					<Hotspot X="-11475.71" Y="-3679.098" Z="3.794575" />
				</HuntingGrounds>
			</Code>
		</While>

		<Code File="KillUntilComplete" MobIds="42249, 42244, 42248" QuestId="25708" >
			<HuntingGrounds>
				<Hotspot X="-11398.4" Y="-3709.57" Z="1.88935" />
				<Hotspot X="-11309.2" Y="-3661.827" Z="5.807631" />
			</HuntingGrounds>
		</Code>

		<TurnIn QuestName="Our Fallen Friends" QuestId="25708" TurnInName="Enohar Thunderbrew" TurnInId="9540" X="-11038.73" Y="-3447.691" Z="65.64056" />
		<TurnIn QuestName="Curtail the Darktail" QuestId="25709" TurnInName="Enohar Thunderbrew" TurnInId="9540" X="-11038.73" Y="-3447.691" Z="65.64056" />

		<PickUp QuestName="Watcher Mahar Ba" QuestId="25714" GiverName="Enohar Thunderbrew" GiverId="9540" X="-11038.73" Y="-3447.691" Z="65.64056" />
		<TurnIn QuestName="Watcher Mahar Ba" QuestId="25714" TurnInName="Watcher Mahar Ba" TurnInId="5385" X="-10995.72" Y="-3505.711" Z="103.1109" />
		<PickUp QuestName="Cultists at our Doorstep" QuestId="25716" GiverName="Watcher Mahar Ba" GiverId="5385" X="-10995.72" Y="-3505.711" Z="103.1109" />

		<Code File="KillUntilComplete" MobIds="42296, 42297" QuestId="25716" >
			<HuntingGrounds>
				<Hotspot X="-11411.24" Y="-3481.398" Z="9.090367" />
				<Hotspot X="-11503.96" Y="-3340.349" Z="9.11449" />
				<Hotspot X="-11392.57" Y="-3333.425" Z="7.839622" />
				<Hotspot X="-11333.22" Y="-3394.072" Z="7.468495" />
			</HuntingGrounds>
		</Code>

		<TurnIn QuestName="Cultists at our Doorstep" QuestId="25716" TurnInName="Watcher Mahar Ba" TurnInId="5385" X="-10995.45" Y="-3504.868" Z="103.0883" />
		<RecheckCheckpoints />
		<PickUp QuestName="Kasim Sharim" QuestId="26157" GiverName="Watcher Mahar Ba" GiverId="5385" X="-10995.45" Y="-3504.868" Z="103.0883" />
		<TurnIn QuestName="Kasim Sharim" QuestId="26157" TurnInName="Kasim Sharim" TurnInId="42298" X="-11221.1" Y="-3478.577" Z="8.937548" />

		<PickUp QuestName="Attune the Bloodstone" QuestId="26158" GiverName="Kasim Sharim" GiverId="42298" X="-11221.1" Y="-3478.577" Z="8.937548" />
		<While Condition="DoQuest(26158)" >
			<Code File="InteractWith" MobId="203753" NonCompeteDistance="0" InteractBlacklistTimeInSeconds="1" QuestId="26158" QuestObjectiveIndex="1" X="-11216.82" Y="-3507.775" Z="8.08637" />
			<Code File="InteractWith" MobId="203752" NonCompeteDistance="0" InteractBlacklistTimeInSeconds="1" QuestId="26158" QuestObjectiveIndex="2" X="-11312.59" Y="-3443.26" Z="7.575017" />
		</While>
		<TurnIn QuestName="Attune the Bloodstone" QuestId="26158" TurnInName="Kasim Sharim" TurnInId="42298" X="-11219.02" Y="-3481.556" Z="8.724935" />

		<PickUp QuestName="The First Step" QuestId="26159" GiverName="Kasim Sharim" GiverId="42298" X="-11219.02" Y="-3481.556" Z="8.724935" />
		<PickUp QuestName="A Bloodmage's Gotta Eat Too" QuestId="26172" GiverName="Kasim Sharim" GiverId="42298" X="-11219.02" Y="-3481.556" Z="8.724935" />

		<If Condition="DoQuest(26159, 26172) &amp;&amp; Object(203753, u =&gt; u.Distance &lt; 40) != null" > <!-- Use porter to get outside of cave. -->
			<Code File="InteractWith" MobId="203753" NonCompeteDistance="0" X="-11216.82" Y="-3507.775" Z="8.08637" />
		</If>

		<Code File="KillUntilComplete" TerminateWhen="!DoQuest(26159, 26172)" >
			<HuntingGrounds>
				<Hotspot X="-11381.46" Y="-3122.26" Z="5.715907" />
				<Hotspot X="-11285.18" Y="-3147.302" Z="4.809456" />
				<Hotspot X="-11176.85" Y="-3237.154" Z="7.02208" />
				<Hotspot X="-11252.2" Y="-3053.629" Z="-0.157057" />
				<Hotspot X="-11116.19" Y="-2942.546" Z="8.780975" />
				<Hotspot X="-11012.29" Y="-2905.618" Z="8.976727" />
				<Hotspot X="-11459.75" Y="-3105.806" Z="4.630188" />
				<Hotspot X="-11516.67" Y="-3007.257" Z="12.14178" />
			</HuntingGrounds>
			<PursuitList>
				<PursueUnit Id="5985" PursueWhen="!IsObjectiveComplete(1, 26159)" />
				<PursueUnit Id="5990" PursueWhen="!IsObjectiveComplete(2, 26159)" />
				<PursueUnit Id="5992" PursueWhen="!IsObjectiveComplete(1, 26172)" />
			</PursuitList>
		</Code>

		<If Condition="QuestDone(26159, 26172)" > <!-- Use porter to get inside cave -->
			<Code File="InteractWith" MobId="203752" NonCompeteDistance="0" X="-11312.59" Y="-3443.26" Z="7.575017" />
		</If>

		<TurnIn QuestName="The First Step" QuestId="26159" TurnInName="Kasim Sharim" TurnInId="42298" X="-11222.52" Y="-3484.813" Z="8.360118" />
		<PickUp QuestName="Blood Ritual" QuestId="26160" GiverName="Kasim Sharim" GiverId="42298" X="-11222.52" Y="-3484.813" Z="8.360118" />
		<TurnIn QuestName="A Bloodmage's Gotta Eat Too" QuestId="26172" TurnInName="Kasim Sharim" TurnInId="42298" X="-11222.52" Y="-3484.813" Z="8.360118" />
		<RecheckCheckpoints />

		<While Condition="DoQuest(26160)" >
			<Code File="InteractWith" MobId="42298" GossipOptions="1" NonCompeteDistance="0" QuestId="26160" X="-11221.21" Y="-3477.821" Z="9.053879" />
			<Code File="WaitTimer" WaitTime="15000" QuestId="26160" />
		</While>

		<TurnIn QuestName="Blood Ritual" QuestId="26160" TurnInName="Kasim Sharim" TurnInId="42298" X="-11222.05" Y="-3477.705" Z="9.018942" />

		<PickUp QuestName="The Amulet of Allistarj" QuestId="26167" GiverName="Kasim Sharim" GiverId="42298" X="-11222.05" Y="-3477.705" Z="9.018942" />
		<PickUp QuestName="The Amulet of Sevine" QuestId="26168" GiverName="Kasim Sharim" GiverId="42298" X="-11222.05" Y="-3477.705" Z="9.018942" />
		<PickUp QuestName="The Amulet of Grol" QuestId="26169" GiverName="Kasim Sharim" GiverId="42298" X="-11222.05" Y="-3477.705" Z="9.018942" />

		<Code File="InteractWith" MobId="203229" InteractByLooting="true" NonCompeteDistance="0" QuestId="26167" X="-11238.66" Y="-3451.11" Z="7.151475" />

		<While Condition="DoQuest(26169)" >
			<Code File="InteractWith" MobId="203230" InteractByLooting="true" QuestId="26169" X="-11449.27" Y="-3799.65" Z="0.396718" TerminateWhen="Unit(41267, u =&gt; u.Lootable) != null" />
			<Code File="KillUntilComplete" MobId="41267" WaitForNpcs="false" QuestId="26169" X="-11448.99" Y="-3795.018" Z="-5.610494" />
		</While>

		<Code File="KillUntilComplete" MobIds="5985, 5990, 5992" TerminateWhen="Me.Level &gt; 54" >
			<HuntingGrounds>
				<Hotspot X="-11381.46" Y="-3122.26" Z="5.715907" />
				<Hotspot X="-11285.18" Y="-3147.302" Z="4.809456" />
				<Hotspot X="-11176.85" Y="-3237.154" Z="7.02208" />
				<Hotspot X="-11252.2" Y="-3053.629" Z="-0.157057" />
				<Hotspot X="-11116.19" Y="-2942.546" Z="8.780975" />
				<Hotspot X="-11012.29" Y="-2905.618" Z="8.976727" />
				<Hotspot X="-11459.75" Y="-3105.806" Z="4.630188" />
				<Hotspot X="-11516.67" Y="-3007.257" Z="12.14178" />
			</HuntingGrounds>
		</Code>

		<PickUp QuestName="Home... Gone... Naga..." QuestId="25702" GiverName="Salt-Flop" GiverId="41265" X="-11743.87" Y="-3872.52" Z="57.23584" />

		<While Condition="DoQuest(26168)" >
			<Code File="InteractWith" MobId="41265" GossipOptions="1" NonCompeteDistance="0" QuestId="26168" X="-11744" Y="-3872.149" Z="57.27409" />
		</While>

		<TurnIn QuestName="Home... Gone... Naga..." QuestId="25702" TurnInName="Neptool" TurnInId="41354" X="-12046.69" Y="-3795.369" Z="24.20739" />
		<PickUp QuestName="Atrocities" QuestId="25703" GiverName="Neptool" GiverId="41354" X="-12046.69" Y="-3795.369" Z="24.20739" />

		<Code File="KillUntilComplete" QuestId="25703" >
			<HuntingGrounds>
				<Hotspot X="-12330.3" Y="-3655.91" Z="19.26998" />
				<Hotspot X="-12358.67" Y="-3591.897" Z="19.12223" />
				<Hotspot X="-12396.51" Y="-3430.85" Z="18.28418" />
				<Hotspot X="-12127.64" Y="-3750.781" Z="9.598459" />
			</HuntingGrounds>
			<PursuitList>
				<PursueUnit Id="41386" PursueWhen="!IsObjectiveComplete(1, 25703)" />
				<PursueUnit Id="41387" PursueWhen="!IsObjectiveComplete(2, 25703)" />
			</PursuitList>
		</Code>

		<TurnIn QuestName="Atrocities" QuestId="25703" TurnInName="Neptool" TurnInId="41354" X="-12048.13" Y="-3795.009" Z="24.11158" />
		<PickUp QuestName="False Idols" QuestId="25705" GiverName="Neptool" GiverId="41354" X="-12048.13" Y="-3795.009" Z="24.11158" />
		<PickUp QuestName="Neptool's Revenge" QuestId="25706" GiverName="Neptool" GiverId="41354" X="-12048.13" Y="-3795.009" Z="24.11158" />

		<Code File="KillUntilComplete" TerminateWhen="IsObjectiveComplete(3, 25706) &amp;&amp; IsObjectiveComplete(4, 25706)" >
			<HuntingGrounds>
				<Hotspot X="-12315.6" Y="-3396.833" Z="20.62354" />
				<Hotspot X="-12391.81" Y="-3638.177" Z="19.40569" />
				<Hotspot X="-12285.24" Y="-3578.273" Z="18.05265" />
			</HuntingGrounds>
			<PursuitList>
				<PursueUnit Id="41404" PursueWhen="!IsObjectiveComplete(3, 25706)" />
				<PursueUnit Id="41405" PursueWhen="!IsObjectiveComplete(4, 25706)" />
			</PursuitList>
		</Code>

		<While Condition="DoQuest(25705)" >
			<Code File="InteractWith" MobId="203289" NumOfTimes="16" CollectionDistance="200" QuestId="25705" >
				<HuntingGrounds>
					<Hotspot X="-12063.24" Y="-3441.285" Z="22.16823" />
					<Hotspot X="-11960.67" Y="-3454.912" Z="3.700366" />
					<Hotspot X="-12056.71" Y="-3502.195" Z="-10.55713" />
				</HuntingGrounds>
			</Code>
		</While>

		<Code File="KillUntilComplete" TerminateWhen="IsObjectiveComplete(1, 25706) &amp;&amp; IsObjectiveComplete(2, 25706)" >
			<HuntingGrounds>
				<Hotspot X="-12063.24" Y="-3441.285" Z="22.16823" />
				<Hotspot X="-11960.67" Y="-3454.912" Z="3.700366" />
				<Hotspot X="-12056.71" Y="-3502.195" Z="-10.55713" />
			</HuntingGrounds>
			<PursuitList>
				<PursueUnit Id="41422" PursueWhen="!IsObjectiveComplete(1, 25706)" />
				<PursueUnit Id="41423" PursueWhen="!IsObjectiveComplete(2, 25706)" />
			</PursuitList>
		</Code>

		<TurnIn QuestName="False Idols" QuestId="25705" TurnInName="Neptool" TurnInId="41354" X="-12048.68" Y="-3795.288" Z="24.01207" />
		<TurnIn QuestName="Neptool's Revenge" QuestId="25706" TurnInName="Neptool" TurnInId="41354" X="-12048.68" Y="-3795.288" Z="24.01207" />

		<If Condition="QuestDone(26167) &amp;&amp; Me.HearthstoneAreaId == 1438 &amp;&amp; Unit(41354) != null" >
			<Code File="UseHearthstone" WaitForCD="false" />
		</If>

		<If Condition="QuestDone(26167, 26169, 26168)" > <!-- Use porter to get inside cave -->
			<Code File="InteractWith" MobId="203752" NonCompeteDistance="0" X="-11312.59" Y="-3443.26" Z="7.575017" />
		</If>

		<TurnIn QuestName="The Amulet of Allistarj" QuestId="26167" TurnInName="Kasim Sharim" TurnInId="42298" X="-11222.05" Y="-3477.705" Z="9.018942" />
		<TurnIn QuestName="The Amulet of Grol" QuestId="26169" TurnInName="Kasim Sharim" TurnInId="42298" X="-11222.05" Y="-3477.705" Z="9.018942" />
		<TurnIn QuestName="The Amulet of Sevine" QuestId="26168" TurnInName="Kasim Sharim" TurnInId="42298" X="-11222.05" Y="-3477.705" Z="9.018942" />
		<RecheckCheckpoints />
		<PickUp QuestName="Time is Short" QuestId="26163" GiverName="Kasim Sharim" GiverId="42298" X="-11223.14" Y="-3485.948" Z="8.409019" />

		<If Condition="HasQuest(26163) &amp;&amp; Object(203753, u =&gt; u.Distance &lt; 40) != null" > <!-- Use porter to get outside of cave. -->
			<Code File="InteractWith" MobId="203753" NonCompeteDistance="0" X="-11216.82" Y="-3507.775" Z="8.08637" />
		</If>

		<TurnIn QuestName="Time is Short" QuestId="26163" TurnInName="Watcher Grimeo" TurnInId="42299" X="-11794.12" Y="-3214.77" Z="-30.50778" />
		<PickUp QuestName="The Charred Granite of the Dark Portal" QuestId="26164" GiverName="Watcher Grimeo" GiverId="42299" X="-11794.44" Y="-3214.983" Z="-30.52153" />
		<PickUp QuestName="The Vile Blood of Demons" QuestId="26165" GiverName="Watcher Grimeo" GiverId="42299" X="-11794.44" Y="-3214.983" Z="-30.52153" />
		<PickUp QuestName="Protecting Our Rear" QuestId="26173" GiverName="Watch Commander Relthorn Netherwane" GiverId="16841" X="-11812.64" Y="-3197.612" Z="-30.8589" />

		<Code File="KillUntilComplete" MobId="41165" QuestId="26173" QuestObjectiveIndex="2" X="-11647.63" Y="-3393.149" Z="15.0494" />
		<Code File="KillUntilComplete" MobId="41166" QuestId="26173" QuestObjectiveIndex="3" X="-11610.91" Y="-3094.394" Z="9.40578" />
		<Code File="KillUntilComplete" MobId="41164" QuestId="26173" QuestObjectiveIndex="1" X="-11751.46" Y="-2801.75" Z="19.20919" />

		<Code File="InteractWith" MobId="203224" CollectionDistance="200" PreInteractMountStrategy="Dismount" InteractByLooting="true" QuestId="26164" QuestObjectiveIndex="1" >
			<HuntingGrounds>
				<Hotspot X="-11762.29" Y="-3038.811" Z="19.67188" />
				<Hotspot X="-11699.39" Y="-3076.792" Z="21.76476" />
				<Hotspot X="-11608.32" Y="-3162.978" Z="4.594819" />
				<Hotspot X="-11676.82" Y="-3376.805" Z="8.520686" />
				<Hotspot X="-11791.12" Y="-3305.691" Z="5.663662" />
			</HuntingGrounds>
		</Code>

		<Code File="KillUntilComplete" MobIds="6010, 6011, 41253" QuestId="26165" >
			<HuntingGrounds>
				<Hotspot X="-11753.5" Y="-3326.55" Z="10.4488" />
				<Hotspot X="-11674.86" Y="-3199.329" Z="14.64489" />
				<Hotspot X="-11705.3" Y="-3024.642" Z="17.34847" />
			</HuntingGrounds>
		</Code>

		<TurnIn QuestName="The Charred Granite of the Dark Portal" QuestId="26164" TurnInName="Watcher Grimeo" TurnInId="42299" X="-11793.07" Y="-3214.952" Z="-30.43087" />
		<TurnIn QuestName="The Vile Blood of Demons" QuestId="26165" TurnInName="Watcher Grimeo" TurnInId="42299" X="-11793.07" Y="-3214.952" Z="-30.43087" />
		<PickUp QuestName="Enhancing the Stone" QuestId="26166" GiverName="Watcher Grimeo" GiverId="42299" X="-11794.21" Y="-3214.936" Z="-30.50853" />
		<TurnIn QuestName="Protecting Our Rear" QuestId="26173" TurnInName="Watch Commander Relthorn Netherwane" TurnInId="16841" X="-11814.25" Y="-3196.675" Z="-31.06141" />
		<RecheckCheckpoints />
		<PickUp QuestName="Watching Our Back" QuestId="26174" GiverName="Watch Commander Relthorn Netherwane" GiverId="16841" X="-11814.25" Y="-3196.675" Z="-31.06141" />

		<Code File="InteractWith" MobId="203225" NonCompeteDistance="0" InteractBlacklistTimeInSeconds="1" QuestId="26174" QuestObjectiveIndex="1" X="-11800.73" Y="-3168.513" Z="-29.95998" />

		<TurnIn QuestName="Watching Our Back" QuestId="26174" TurnInName="Watch Commander Relthorn Netherwane" TurnInId="16841" X="-11813.33" Y="-3193.286" Z="-30.86107" />
		<PickUp QuestName="Surwich" QuestId="26175" GiverName="Watch Commander Relthorn Netherwane" GiverId="16841" X="-11813.33" Y="-3193.286" Z="-30.86107" />

		<If Condition="QuestDone(26166) &amp;&amp; Unit(16841) != null &amp;&amp; Me.HearthstoneAreaId == 1438" >
			<Code File="UseHearthstone" WaitForCD="false" />
		</If>

		<If Condition="QuestDone(26166)" > <!-- Use porter to get inside cave -->
			<Code File="InteractWith" MobId="203752" NonCompeteDistance="0" X="-11312.59" Y="-3443.26" Z="7.575017" />
		</If>

		<TurnIn QuestName="Enhancing the Stone" QuestId="26166" TurnInName="Kasim Sharim" TurnInId="42298" X="-11220.35" Y="-3482.091" Z="8.440269" />
		<PickUp QuestName="Not Just Any Body" QuestId="26161" GiverName="Kasim Sharim" GiverId="42298" X="-11220.35" Y="-3482.091" Z="8.440269" />

		<If Condition="DoQuest(26161) &amp;&amp; Object(203753, u =&gt; u.Distance &lt; 40) != null" > <!-- Use porter to get outside of cave. -->
			<Code File="InteractWith" MobId="203753" NonCompeteDistance="0" X="-11216.82" Y="-3507.775" Z="8.08637" />
		</If>

		<While Condition="DoQuest(26161)" >
			<Code File="InteractWith" MobId="203205" InteractByLooting="true" QuestId="26161" QuestObjectiveIndex="2" X="-11488.21" Y="-2656.527" Z="-5.21538" />
			<Code File="InteractWith" MobId="203204" InteractByLooting="true" QuestId="26161" QuestObjectiveIndex="1" X="-11244.31" Y="-2903.096" Z="10.5139" />
			<Code File="InteractWith" MobId="203206" InteractByLooting="true" QuestId="26161" QuestObjectiveIndex="3" X="-11545.73" Y="-2912.558" Z="11.29045" />
		</While>

		<If Condition="QuestDone(26161)" > <!-- Use porter to get inside cave -->
			<Code File="InteractWith" MobId="203752" NonCompeteDistance="0" X="-11312.59" Y="-3443.26" Z="7.575017" />
		</If>

		<TurnIn QuestName="Not Just Any Body" QuestId="26161" TurnInName="Kasim Sharim" TurnInId="42298" X="-11217.85" Y="-3496.023" Z="8.180491" />
		<PickUp QuestName="The Altar of Storms" QuestId="26162" GiverName="Kasim Sharim" GiverId="42298" X="-11217.85" Y="-3496.023" Z="8.180491" />

		<If Condition="DoQuest(26162) &amp;&amp; Object(203753, u =&gt; u.Distance &lt; 40) != null" > <!-- Use porter to get outside of cave. -->
			<Code File="InteractWith" MobId="203753" NonCompeteDistance="0" X="-11216.82" Y="-3507.775" Z="8.08637" />
		</If>

		<While Condition="DoQuest(26162)" >
			<Code File="InteractWith" MobId="203196" NonCompeteDistance="0" QuestId="26162" X="-11292.37" Y="-2549.73" Z="97.03294" TerminateWhen="Unit(41193) != null &amp;&amp; Unit(41193, u =&gt; u.IsAlive) != null" />
			<Code File="KillUntilComplete" MobId="41191" QuestId="26162" X="-11292.27" Y="-2548.266" Z="97.03506" TerminateWhen="Unit(41193) == null &amp;&amp; Unit(41193, u =&gt; !u.IsAlive) != null || Unit(41193) == null" />
		</While>

		<If Condition="QuestDone(26162)" > <!-- Use porter to get inside cave -->
			<Code File="InteractWith" MobId="203752" NonCompeteDistance="0" X="-11312.59" Y="-3443.26" Z="7.575017" />
		</If>

		<TurnIn QuestName="The Altar of Storms" QuestId="26162" TurnInName="Loramus Thalipedes" TurnInId="7783" X="-11219.96" Y="-3479.743" Z="8.873284" />

		<PickUp QuestName="The Final Ritual" QuestId="26170" GiverName="Kasim Sharim" GiverId="42298" X="-11221.31" Y="-3490.012" Z="8.377658" />
		<While Condition="DoQuest(26170)" >
			<Code File="InteractWith" MobId="42298" GossipOptions="1" NonCompeteDistance="0" QuestId="26170" X="-11221.31" Y="-3490.012" Z="8.377658" />
		</While>
		<TurnIn QuestName="The Final Ritual" QuestId="26170" TurnInName="Loramus Thalipedes" TurnInId="7783" X="-11220.23" Y="-3478.382" Z="9.066247" />

		<PickUp QuestName="You Are Rakh'likh, Demon" QuestId="26171" GiverName="Loramus Thalipedes" GiverId="7783" X="-11220.23" Y="-3478.382" Z="9.066247" />

		<If Condition="DoQuest(26171) &amp;&amp; Object(203753, u =&gt; u.Distance &lt; 40) != null" > <!-- Use porter to get outside of cave. -->
			<Code File="InteractWith" MobId="203753" NonCompeteDistance="0" X="-11216.82" Y="-3507.775" Z="8.08637" />
		</If>

		<While Condition="DoQuest(26171)" >
			<If Condition="Me.Z &lt;= 100" >
				<Code File="InteractWith" MobId="8816" GossipOptions="1" NonCompeteDistance="0" X="-11114.45" Y="-2896.692" Z="10.68762" TerminateWhen="Me.Z &gt; 100" />
			</If>
			<Code File="Hooks\DoWhen" ActivityName="KnifeRazelikh" AllowUseDuringCombat="true" UseWhen="Me.CurrentTarget != null &amp;&amp; Me.CurrentTarget.Entry == 41279 &amp;&amp; Me.CurrentTarget.HealthPercent &lt; 10" >
				<Code File="UseItem" ItemId="56012" TerminateWhen="!DoQuest(26171) || Me.CurrentTarget == null || Me.CurrentTarget.Entry != 41279 || Me.CurrentTarget.HealthPercent &gt;= 10" />
				<Code File="WaitTimer" WaitTime="2000" />
			</Code>
			<Code File="KillUntilComplete" MobIds="41280, 41279" QuestId="26171" X="-11235.59" Y="-2837.588" Z="157.9235" TerminateWhen="Me.Z &lt;= 15 || (Unit(41280) == null &amp;&amp; Unit(41279) == null)" />

			<If Condition="QuestDone(26171) || (DoQuest(26171) &amp;&amp; Me.Z &gt;= 15 &amp;&amp; Unit(41280) == null &amp;&amp; Unit(41279) == null)" >
				<Code File="MyCTM" X="-11184.44" Y="-2834.53" Z="116.9781" TerminateWhen="Me.Z &lt;= 15" />
			</If>
		</While>
		<If Condition="QuestDone(26171) &amp;&amp; Me.Z &gt;= 15" >
			<Code File="MyCTM" X="-11184.44" Y="-2834.53" Z="116.9781" TerminateWhen="Me.Z &lt;= 15" />
		</If>

		<TurnIn QuestName="You Are Rakh'likh, Demon" QuestId="26171" TurnInName="Watcher Grimeo" TurnInId="42299" X="-11795.04" Y="-3214.555" Z="-30.57089" />
		<TurnIn QuestName="Surwich" QuestId="26175" TurnInName="Mayor Charlton Connisport" TurnInId="42349" X="-12707.78" Y="-2891.522" Z="1.392307" />
		<RecheckCheckpoints />
		<PickUp QuestName="Wormthorn's Dream" QuestId="26184" GiverName="Mayor Charlton Connisport" GiverId="42349" X="-12707.78" Y="-2891.522" Z="1.392307" />

		<Code File="KillUntilComplete" QuestId="26184" >
			<HuntingGrounds>
				<Hotspot X="-12356.76" Y="-2677.759" Z="3.271801" />
				<Hotspot X="-12367.69" Y="-2574.78" Z="3.041045" />
				<Hotspot X="-12477.16" Y="-2397.786" Z="1.958436" />
			</HuntingGrounds>
			<PursuitList>
				<PursueUnit Id="41470" PursueWhen="!IsObjectiveComplete(1, 26184)" />
				<PursueUnit Id="41471" PursueWhen="!IsObjectiveComplete(2, 26184)" />
				<PursueUnit Id="45119" PursueWhen="!IsObjectiveComplete(3, 26184)" />
				<PursueUnit Id="45125" PursueWhen="!IsObjectiveComplete(4, 26184)" />
			</PursuitList>
		</Code>

		<TurnIn QuestName="Wormthorn's Dream" QuestId="26184" TurnInName="Mayor Charlton Connisport" TurnInId="42349" X="-12709.52" Y="-2891.638" Z="1.39263" />
		<PickUp QuestName="Advice from the Cenarion Circle" QuestId="26185" GiverName="Mayor Charlton Connisport" GiverId="42349" X="-12709.52" Y="-2891.638" Z="1.39263" />
		<TurnIn QuestName="Advice from the Cenarion Circle" QuestId="26185" TurnInName="Cenarion Observer Shayana" TurnInId="42352" X="-12687.88" Y="-2840.774" Z="3.432313" />
		<PickUp QuestName="Demoniac Vessel" QuestId="26186" GiverName="Cenarion Observer Shayana" GiverId="42352" X="-12687.88" Y="-2840.774" Z="3.432313" />

		<While Condition="DoQuest(26186)" >
			<Code File="KillUntilComplete" MovementBy="NavigatorPreferred" QuestId="26186" TerminateWhen="HasItem(57180) || (GetItemCount(57177) &gt;=4 &amp;&amp; GetItemCount(57178) &gt;=20 &amp;&amp; GetItemCount(57179) &gt;=2)" >
				<HuntingGrounds>
					<Hotspot X="-11897.3" Y="-2551.494" Z="-23.27049" />
					<Hotspot X="-11875.39" Y="-2674.74" Z="0.1754021" />
					<Hotspot X="-12039.87" Y="-2649.746" Z="-23.14241" />
					<Hotspot X="-12084.9" Y="-2580.866" Z="-24.86729" />
					<Hotspot X="-11975.21" Y="-2479.839" Z="-25.08699" />
				</HuntingGrounds>
				<PursuitList>
					<PursueUnit Id="42336" PursueWhen="GetItemCount(57177) &lt; 4" />
					<PursueUnit Id="42337" PursueWhen="GetItemCount(57178) &lt; 20" />
					<PursueUnit Id="42338" PursueWhen="GetItemCount(57179) &lt; 2" />
				</PursuitList>
			</Code>

			<Code File="UseItem" ItemId="57177" NumOfTimes="500" TerminateWhen="!HasItem(57177) || HasItem(57180)" />
			<Code File="UseItem" ItemId="57178" NumOfTimes="500" TerminateWhen="!HasItem(57178) || GetItemCount(57181) &gt;= 20" />
			<Code File="UseItem" ItemId="57179" NumOfTimes="500" TerminateWhen="!HasItem(57179)" />
			<Code File="UseItem" ItemId="57182" NumOfTimes="500" TerminateWhen="!HasItem(57182)" />
			<Code File="UseItem" ItemId="57183" NumOfTimes="500" TerminateWhen="!HasItem(57183)" />
		</While>

		<TurnIn QuestName="Demoniac Vessel" QuestId="26186" TurnInName="Mayor Charlton Connisport" TurnInId="42349" X="-12709.54" Y="-2892.952" Z="1.392177" />
		<PickUp QuestName="The Downfall of Marl Wormthorn" QuestId="26187" GiverName="Mayor Charlton Connisport" GiverId="42349" X="-12708.03" Y="-2895.411" Z="1.392177" />

		<While Condition="DoQuest(26187)" >
			<Code File="UseItemTargetLocation" QuestId="26187" ItemId="57185" UseType="ToObject" WaitTime="4000" MobId="42334" MinRange="2" Range="6" X="-12238.83" Y="-2464.189" Z="38.91131" TerminateWhen="Unit(42334, u =&gt; !u.HasAura(78986)) != null" />
			<Code File="KillUntilComplete" MobId="42334" QuestId="26187" X="-12245.26" Y="-2493.646" Z="37.0256" TerminateWhen="Unit(42334, u =&gt; u.HasAura(78986)) != null" />
		</While>

		<TurnIn QuestName="The Downfall of Marl Wormthorn" QuestId="26187" TurnInName="Mayor Charlton Connisport" TurnInId="42349" X="-12709.57" Y="-2893.576" Z="1.392882" />

		<Code File="KillUntilComplete" MobIds="41470, 41471, 45119, 45125" TerminateWhen="Me.Level &gt;= 58" >
			<HuntingGrounds>
				<Hotspot X="-12356.76" Y="-2677.759" Z="3.271801" />
				<Hotspot X="-12367.69" Y="-2574.78" Z="3.041045" />
				<Hotspot X="-12477.16" Y="-2397.786" Z="1.958436" />
			</HuntingGrounds>
		</Code>

		<Checkpoint Level="58" />

		<Code File="DeleteItems" Ids="10593" />
		<If Condition="Me.Level &lt;= 60" >
			<Code File="RunCode" Code="foreach (PlayerQuest quest in Me.QuestLog.GetAllQuests()) QuestLog.Instance.AbandonQuestById(quest.Id)" />
		</If>
		<Code File="LoadProfile" ProfileName="../58-68 Autoloader.xml" />


	</QuestOrder>
</HBProfile>