<HBProfile xsi:noNamespaceSchemaLocation="../Schemas/EchoSchema.xsd" xmlns:xsi="http://www.w3.org/2001/XMLSchema-instance">
	<!-- Original contribution by EchoTiger -->
	<Name>Burning Steppes ($ShortHash$)</Name>

	<MinDurability>0.3</MinDurability>
	<MinFreeBagSlots>3</MinFreeBagSlots>

	<SellGrey>true</SellGrey>
	<SellWhite>true</SellWhite>
	<SellGreen>true</SellGreen>
	<SellBlue>true</SellBlue>
	<SellPurple>false</SellPurple>

	<MailGrey>false</MailGrey>
	<MailWhite>true</MailWhite>
	<MailGreen>true</MailGreen>
	<MailBlue>true</MailBlue>
	<MailPurple>true</MailPurple>

	<TargetElites>true</TargetElites>

	<AvoidMobs>
	</AvoidMobs>

	<Mailboxes>
		<!-- No mailboxes in this zone. -->
	</Mailboxes>

	<Vendors>
		<!-- Morgan's Vigil - Burning Steppes Vendors -->
		<Vendor Name="Felder Stover" Entry="1296" Type="Repair" X="-8366.36" Y="-2762.51" Z="187.5339" />
		<Vendor Name="Gabrielle Chase" Entry="3298" Type="Food" X="-8354.43" Y="-2734.1" Z="185.0969" />

		<!-- Chiselgrip -->
		<Vendor Name="Hoddruc Bladebender" Entry="115805" Type="Repair" X="-7922.245" Y="-1941.669" Z="133.3824" />
	</Vendors>

	<Blackspots>
		<Blackspot X="-8068.734" Y="-994.8127" Z="133.6672" Radius="5" /> <!-- Crates+Tents near Flamestar Post -->
	</Blackspots>

	<Blacklist>
	</Blacklist>

	<QuestOrder IgnoreCheckpoints="false" >
		<!-- Check function status -->
		<Code File="RunCode" Type="Definition">
			<![CDATA[
			private static bool? profileFunctionsEnabled => (bool?)AppDomain.CurrentDomain.GetData("QuestingProfiles_FunctionsEnabled");
			private static bool IsStoreProfile(string path) => path.StartsWith("store://");
			private static string Slashify(string path) => IsStoreProfile(path) ? path.Replace(@"\", "/") : path.Replace("/", @"\");

			public __CompiledBatchClass__()
			{
				ActivateFunctions();
			}

			private static void ActivateFunctions()
			{
				if (profileFunctionsEnabled == null || profileFunctionsEnabled == false)
				{
					Bots.Professionbuddy.PBLog.Log(Colors.MediumPurple, "[Profile Message!]: ", Colors.Yellow, "Please stand by as the functions are being activated!");
					LoadProfile(@"..\..\Functions\Activate Functions.xml");
				}
			}

			private static void LoadProfile(string path)
			{
				var profile = GetNewPath(path);
				if (!IsStoreProfile(profile) && !File.Exists(profile))
				{
					Bots.Professionbuddy.PBLog.Log(Colors.MediumPurple, "[Profile Message!]: ", Colors.Yellow, "Profile does not exist.\n" + profile);
					return;
				}

				Bots.Professionbuddy.PBLog.Log(Colors.MediumPurple, "[Profile Message!]: ", Colors.Yellow, "Loading: " + profile);
				ProfileManager.LoadNew(profile, false);
			}

			private static string GetNewPath(string path)
			{
				if (IsStoreProfile(path))
					return Slashify(path);

				var currentProfile = ProfileManager.XmlLocation;
				if (IsStoreProfile(currentProfile))
					return Slashify(currentProfile + "/../" + path);

				var absolutePath = Path.Combine(Path.GetDirectoryName(currentProfile), path);
				absolutePath = Path.GetFullPath(absolutePath);
				var canonicalPath = new Uri(absolutePath).LocalPath;
				return Slashify(canonicalPath);
			}]]>
		</Code>
		<Code File="RunCode" Code="ActivateFunctions();" />
		<!-- END Check function status -->

		<If Condition="Me.IsHorde" >
			<Code File="LoadProfile" ProfileName="..\..\Questing Autoloader.xml" />
		</If>
		<!-- RunCode Methods -->
			<Code File="RunCode">
			<![CDATA[
				Bots.Professionbuddy.PBLog.Log(System.Windows.Media.Colors.MediumPurple, "> [Profile Initialization Status] ", System.Windows.Media.Colors.CornflowerBlue, "\n     Auto-Looting	:: Enabled\n     Looting	:: Enabled\n     Game Addons	:: Disabled");
				Lua.DoString("SetCVar('AutoLootDefault', 1);");
				Lua.DoString("SetCVar('autoDismountFlying', 1);");
				CharacterSettings.Instance.LootMobs = true;
				CharacterSettings.Instance.Save();
				Logging.Write(System.Windows.Media.Colors.MediumPurple, "> [Ready to bot!]");
			]]>
			</Code>
			<Code File="RunCode" Type="Definition">
				<![CDATA[
						bool DoQuest(params uint[] questIds)
						{
							foreach (var questId in questIds)
							{
								if (HasQuest(questId) && !IsQuestCompleted(questId)) return true;
							}
							return false;
						}
						bool NeedsQuest(params uint[] questIds)
						{
							foreach (var questId in questIds)
							{
								if (!HasQuest(questId) && !IsQuestCompleted(questId)) return true;
							}
							return false;
						}
						bool NeedsBreadcrumbQuest(params uint[] questIds)
						{
							foreach (var questId in questIds)
							{
								if (IsQuestCompleted(questId)) return false;
							}
							return true;
						}
						bool QuestDone(params uint[] questIds)
						{
							foreach (var questId in questIds)
							{
								if (HasQuest(questId) && IsQuestCompleted(questId)) return true;
							}
							return false;
						}
						bool QuestFlaggedCompleted(params uint[] questIds)
						{
							foreach (var questId in questIds)
							{
								return Lua.GetReturnVal<bool>($"return IsQuestFlaggedCompleted({questId});", 0);
							}
							return false;
						}
						async Task SkipCutscene(int preWait = 3000, int postWait = 3000)
						{
					// Add detection of cutscene here.
							await Coroutine.Sleep(preWait);
					// Test and improve the working method.
							Lua.DoString("MovieFrame:StopMovie(); CinematicFrame_CancelCinematic(); StopCinematic();");
							await Coroutine.Sleep(postWait);
						}
					]]>
			</Code>
		<!-- END RunCode Methods -->


		<If Condition="HasQuest(28514)" >
			<TurnIn QuestName="Mouton Flamestar" QuestId="28514" TurnInName="Mouton Flamestar" TurnInId="47779" X="-8061.979" Y="-1002.715" Z="131.4592" />
		</If>

		<PickUp QuestName="Done Nothing Wrong" QuestId="28172" GiverName="Mouton Flamestar" GiverId="47779" X="-8061.979" Y="-1002.715" Z="131.4592" />
		<PickUp QuestName="Burning Vengeance" QuestId="28174" GiverName="John J. Keeshan" GiverId="47811" X="-8076.439" Y="-1010.51" Z="132.8621" />

		<While Condition="DoQuest(28172)" >
			<Code File="InteractWith" MobId="47820" NonCompeteDistance="0" QuestId="28172" QuestObjectiveIndex="2" X="-8254.638" Y="-1015.375" Z="146.653" />
			<Code File="InteractWith" MobId="47821" NonCompeteDistance="0" QuestId="28172" QuestObjectiveIndex="3" X="-8279.835" Y="-1070.958" Z="144.0278" />
			<Code File="InteractWith" MobId="47822" NonCompeteDistance="0" QuestId="28172" QuestObjectiveIndex="4" X="-8276.58" Y="-1134.596" Z="148.2497" />
			<Code File="InteractWith" MobId="47814" NonCompeteDistance="0" QuestId="28172" QuestObjectiveIndex="1" X="-8250.683" Y="-1195.292" Z="142.5614" />
		</While>

		<Code File="KillUntilComplete" QuestId="28174" >
			<HuntingGrounds>
				<Hotspot X="-8253.103" Y="-1147.96" Z="146.3238" />
				<Hotspot X="-8270.371" Y="-1032.483" Z="149.8009" />
				<Hotspot X="-8247.507" Y="-1272.075" Z="148.1694" />
				<Hotspot X="-8382.62" Y="-1252.651" Z="201.1699" />
			</HuntingGrounds>
			<PursuitList>
				<PursueUnit Id="47782" PursueWhen="!IsObjectiveComplete(1, 28174)" />
				<PursueUnit Id="7049" PursueWhen="!IsObjectiveComplete(2, 28174)" />
			</PursuitList>
		</Code>

		<TurnIn QuestName="Burning Vengeance" QuestId="28174" TurnInName="John J. Keeshan" TurnInId="47811" X="-8081.035" Y="-1010.283" Z="132.8969" />
		<PickUp QuestName="Stocking Up" QuestId="28177" GiverName="John J. Keeshan" GiverId="47811" X="-8081.035" Y="-1010.283" Z="132.8969" />
		<PickUp QuestName="A Future Project" QuestId="28178" GiverName="John J. Keeshan" GiverId="47811" X="-8081.035" Y="-1010.283" Z="132.8969" />
		<PickUp QuestName="Mud Hunter" QuestId="28179" GiverName="John J. Keeshan" GiverId="47811" X="-8081.035" Y="-1010.283" Z="132.8969" />
		<TurnIn QuestName="Done Nothing Wrong" QuestId="28172" TurnInName="Mouton Flamestar" TurnInId="47779" X="-8061.979" Y="-1002.715" Z="131.4592" />

		<While Condition="DoQuest(28179)" >
			<UseMount Value="false" />
			<Code File="InteractWith" QuestId="28179" MobId="206853" NumOfTimes="100" InteractByLooting="true" PreInteractMountStrategy="Dismount" CollectionDistance="7" >
				<HuntingGrounds WaypointVisitStrategy="InOrder">
					<Hotspot X="-7880.906" Y="-853.9014" Z="146.4746" />
					<Hotspot X="-7872.736" Y="-889.2541" Z="139.3105" />
					<Hotspot X="-7899.621" Y="-913.7264" Z="135.1874" />
					<Hotspot X="-7898.896" Y="-932.1718" Z="130.4277" />
					<Hotspot X="-7888.779" Y="-922.7195" Z="129.9268" />
					<Hotspot X="-7898.187" Y="-932.2107" Z="130.1701" />
					<Hotspot X="-7955.272" Y="-932.7703" Z="132.3312" />
					<Hotspot X="-7939.063" Y="-985.5897" Z="131.593" />
					<Hotspot X="-7903.264" Y="-1112.215" Z="135.9192" />
					<Hotspot X="-7906.67" Y="-1118.192" Z="135.8935" />
					<Hotspot X="-7872.738" Y="-1088.842" Z="132.6392" />
					<Hotspot X="-7881.601" Y="-1086.437" Z="132.1612" />
					<Hotspot X="-7915.353" Y="-1039.534" Z="136.1078" />
					<Hotspot X="-7940.154" Y="-956.2824" Z="133.3804" />
					<Hotspot X="-7915.871" Y="-940.2756" Z="131.8955" />
					<Hotspot X="-7885.791" Y="-867.819" Z="142.745" />
				</HuntingGrounds>
			</Code>
			<UseMount Value="true" />
		</While>

		<Code File="KillUntilComplete" TerminateWhen="!DoQuest(28178, 28177)" >
			<HuntingGrounds>
				<Hotspot X="-7974.522" Y="-818.9394" Z="131.7541" />
				<Hotspot X="-8050.979" Y="-781.3644" Z="131.3833" />
				<Hotspot X="-8147.197" Y="-753.9359" Z="133.6976" />
				<Hotspot X="-8192.308" Y="-892.7881" Z="132.9627" />
			</HuntingGrounds>
			<PursuitList>
				<PursueUnit Id="9690" PursueWhen="DoQuest(28178)" />
				<PursueUnit Id="9691" PursueWhen="DoQuest(28177)" />
			</PursuitList>
		</Code>

		<TurnIn QuestName="Stocking Up" QuestId="28177" TurnInName="John J. Keeshan" TurnInId="47811" X="-8081.555" Y="-1011.442" Z="132.8152" />
		<TurnIn QuestName="A Future Project" QuestId="28178" TurnInName="John J. Keeshan" TurnInId="47811" X="-8081.555" Y="-1011.442" Z="132.8152" />
		<TurnIn QuestName="Mud Hunter" QuestId="28179" TurnInName="John J. Keeshan" TurnInId="47811" X="-8081.555" Y="-1011.442" Z="132.8152" />
		<RecheckCheckpoints />
		<PickUp QuestName="The Sand, the Cider, and the Orb" QuestId="28180" GiverName="John J. Keeshan" GiverId="47811" X="-8078.586" Y="-1010.587" Z="132.8507" />
		<TurnIn QuestName="The Sand, the Cider, and the Orb" QuestId="28180" TurnInName="Gorzeeki Wildeyes" TurnInId="14437" X="-7739.855" Y="-727.2047" Z="181.9104" />
		<PickUp QuestName="Warlocks Have the Neatest Stuff" QuestId="28181" GiverName="Gorzeeki Wildeyes" GiverId="14437" X="-7739.855" Y="-727.2047" Z="181.9104" />
		<PickUp QuestName="Shadow Boxing" QuestId="28182" GiverName="Gorzeeki Wildeyes" GiverId="14437" X="-7739.855" Y="-727.2047" Z="181.9104" />

		<Code File="KillUntilComplete" MobId="47805" QuestId="28182" X="-7608.63" Y="-777.278" Z="193.0445" />

		<Code File="InteractWith" MobId="206881" InteractByLooting="true" QuestId="28181" QuestObjectiveIndex="2" X="-7656.221" Y="-637.8828" Z="200.4518" />
		<Code File="InteractWith" MobId="206882" InteractByLooting="true" QuestId="28181" QuestObjectiveIndex="3" X="-7637.602" Y="-628.6653" Z="200.4521" />

		<Code File="KillUntilComplete" MobId="7028" QuestId="28181" QuestObjectiveIndex="1" >
			<HuntingGrounds>
				<Hotspot X="-7648.967" Y="-688.5328" Z="181.207" />
				<Hotspot X="-7643.145" Y="-652.3477" Z="199.8275" />
				<Hotspot X="-7615.906" Y="-750.678" Z="190.7912" />
			</HuntingGrounds>
		</Code>

		<TurnIn QuestName="Warlocks Have the Neatest Stuff" QuestId="28181" TurnInName="Gorzeeki Wildeyes" TurnInId="14437" X="-7734.104" Y="-727.6389" Z="181.912" />
		<TurnIn QuestName="Shadow Boxing" QuestId="28182" TurnInName="Gorzeeki Wildeyes" TurnInId="14437" X="-7734.104" Y="-727.6389" Z="181.912" />
		<RecheckCheckpoints />
		<PickUp QuestName="Return to Keeshan" QuestId="28183" GiverName="Gorzeeki Wildeyes" GiverId="14437" X="-7734.104" Y="-727.6389" Z="181.912" />
		<TurnIn QuestName="Return to Keeshan" QuestId="28183" TurnInName="John J. Keeshan" TurnInId="47811" X="-8075.777" Y="-1007.79" Z="133.0454" />

		<PickUp QuestName="Chiselgrip, the Heart of the Steppes" QuestId="28184" GiverName="John J. Keeshan" GiverId="47811" X="-8075.777" Y="-1007.79" Z="133.0454" />
		<Code File="KillUntilComplete" MobIds="48120, 7027, 7026, 48118" QuestId="28184" >
			<HuntingGrounds>
				<Hotspot X="-8105.095" Y="-1446.974" Z="131.3036" />
				<Hotspot X="-8112.757" Y="-1508.106" Z="133.1125" />
				<Hotspot X="-8132.16" Y="-1666.627" Z="132.5567" />
				<Hotspot X="-8149.661" Y="-1848.834" Z="133.5274" />
			</HuntingGrounds>
		</Code>
		<TurnIn QuestName="Chiselgrip, the Heart of the Steppes" QuestId="28184" TurnInName="Stebben Oreknuckle" TurnInId="48033" X="-7913.616" Y="-1937.029" Z="133.0557" />

		<PickUp QuestName="Prove Yer Allegiance" QuestId="28225" GiverName="Stebben Oreknuckle" GiverId="48033" X="-7913.616" Y="-1937.029" Z="133.0557" />
		<PickUp QuestName="Scrapped Golems" QuestId="28226" GiverName="Stebben Oreknuckle" GiverId="48033" X="-7913.616" Y="-1937.029" Z="133.0557" />
		<PickUp QuestName="A Needle in a Hellhole" QuestId="28254" GiverName="John J. Keeshan" GiverId="48109" X="-7948.786" Y="-1927.385" Z="132.2373" />
		<TurnIn QuestName="A Needle in a Hellhole" QuestId="28254" TurnInName="Thelaron Direneedle" TurnInId="48001" X="-7955.337" Y="-1897.518" Z="131.9751" />

		<If Condition="Me.Race == WoWRace.Human">
			<PickUp QuestName="A Perfect Costume" QuestId="28202" GiverName="Thelaron Direneedle" GiverId="48001" X="-7956.236" Y="-1895.523" Z="132.0254" />
			<While Condition="DoQuest(28202)">
				<Code File="InteractWith" QuestId="28202" MobId="206947" InteractByGossipOptions="1,2,4,2" CollectionDistance="50" X="-7954.528" Y="-1898.745" Z="131.9331" />
				<Code File="InteractWith" MobId="48001" InteractByGossipOptions="1" X="-7954.528" Y="-1898.745" Z="131.9331" />
			</While>
			<TurnIn QuestName="A Perfect Costume" QuestId="28202" TurnInName="John J. Keeshan" TurnInId="48109" X="-7949.423" Y="-1925.315" Z="132.2743" />
		</If>
		<If Condition="Me.Race == WoWRace.Dwarf">
			<PickUp QuestName="A Perfect Costume" QuestId="28202" GiverName="Thelaron Direneedle" GiverId="48001" X="-7956.236" Y="-1895.523" Z="132.0254" />
			<While Condition="DoQuest(28202)">
				<Code File="InteractWith" QuestId="28202" MobId="206947" InteractByGossipOptions="1,2,4,2" CollectionDistance="50" X="-7954.528" Y="-1898.745" Z="131.9331" />
				<Code File="InteractWith" MobId="48001" InteractByGossipOptions="1" X="-7954.528" Y="-1898.745" Z="131.9331" />
			</While>
			<TurnIn QuestName="A Perfect Costume" QuestId="28202" TurnInName="John J. Keeshan" TurnInId="48109" X="-7949.423" Y="-1925.315" Z="132.2743" />
		</If>
		<If Condition="Me.Race == WoWRace.Gnome">
			<PickUp QuestName="A Perfect Costume" QuestId="28204" GiverName="Thelaron Direneedle" GiverId="48001" X="-7956.236" Y="-1895.523" Z="132.0254" />
			<While Condition="DoQuest(28204)">
				<Code File="InteractWith" QuestId="28204" MobId="206947" InteractByGossipOptions="1,1,3,4" CollectionDistance="50" X="-7954.528" Y="-1898.745" Z="131.9331" />
				<Code File="InteractWith" MobId="48001" InteractByGossipOptions="1" X="-7954.528" Y="-1898.745" Z="131.9331" />
			</While>
			<TurnIn QuestName="A Perfect Costume" QuestId="28204" TurnInName="John J. Keeshan" TurnInId="48109" X="-7949.423" Y="-1925.315" Z="132.2743" />
		</If>
		<If Condition="Me.Race == WoWRace.NightElf">
			<PickUp QuestName="A Perfect Costume" QuestId="28205" GiverName="Thelaron Direneedle" GiverId="48001" X="-7956.236" Y="-1895.523" Z="132.0254" />
			<While Condition="DoQuest(28205)">
				<Code File="InteractWith" QuestId="28205" MobId="206947" InteractByGossipOptions="1,3,2,1" CollectionDistance="50" X="-7954.528" Y="-1898.745" Z="131.9331" />
				<Code File="InteractWith" MobId="48001" InteractByGossipOptions="1" X="-7954.528" Y="-1898.745" Z="131.9331" />
			</While>
			<TurnIn QuestName="A Perfect Costume" QuestId="28205" TurnInName="John J. Keeshan" TurnInId="48109" X="-7949.423" Y="-1925.315" Z="132.2743" />
		</If>
		<If Condition="Me.Race == WoWRace.Worgen">
			<PickUp QuestName="A Perfect Costume" QuestId="28203" GiverName="Thelaron Direneedle" GiverId="48001" X="-7956.236" Y="-1895.523" Z="132.0254" />
			<While Condition="DoQuest(28203)">
				<Code File="InteractWith" QuestId="28203" MobId="206947" InteractByGossipOptions="1,4,1,3" CollectionDistance="50" X="-7954.528" Y="-1898.745" Z="131.9331" />
				<Code File="InteractWith" MobId="48001" InteractByGossipOptions="1" X="-7954.528" Y="-1898.745" Z="131.9331" />
			</While>
			<TurnIn QuestName="A Perfect Costume" QuestId="28203" TurnInName="John J. Keeshan" TurnInId="48109" X="-7949.423" Y="-1925.315" Z="132.2743" />
		</If>
		<If Condition="Me.Race == WoWRace.Pandaren">
			<PickUp QuestName="A Perfect Costume" QuestId="28203" GiverName="Thelaron Direneedle" GiverId="48001" X="-7956.236" Y="-1895.523" Z="132.0254" />
			<While Condition="DoQuest(28203)">
				<Code File="InteractWith" QuestId="28203" MobId="206947" InteractByGossipOptions="1,4,1,3" CollectionDistance="50" X="-7954.528" Y="-1898.745" Z="131.9331" />
				<Code File="InteractWith" MobId="48001" InteractByGossipOptions="1" X="-7954.528" Y="-1898.745" Z="131.9331" />
			</While>
			<TurnIn QuestName="A Perfect Costume" QuestId="28203" TurnInName="John J. Keeshan" TurnInId="48109" X="-7949.423" Y="-1925.315" Z="132.2743" />
		</If>
		<If Condition="Me.Race == WoWRace.Draenei">
			<PickUp QuestName="A Perfect Costume" QuestId="28203" GiverName="Thelaron Direneedle" GiverId="48001" X="-7956.236" Y="-1895.523" Z="132.0254" />
			<While Condition="DoQuest(28203)">
				<Code File="InteractWith" QuestId="28203" MobId="206947" InteractByGossipOptions="1,4,1,3" CollectionDistance="50" X="-7954.528" Y="-1898.745" Z="131.9331" />
				<Code File="InteractWith" MobId="48001" InteractByGossipOptions="1" X="-7954.528" Y="-1898.745" Z="131.9331" />
			</While>
			<TurnIn QuestName="A Perfect Costume" QuestId="28203" TurnInName="John J. Keeshan" TurnInId="48109" X="-7949.423" Y="-1925.315" Z="132.2743" />
		</If>

		<PickUp QuestName="Into the Black Tooth Hovel" QuestId="28239" GiverName="John J. Keeshan" GiverId="48109" X="-7948.687" Y="-1923.632" Z="132.3585" />

		<Code File="Hooks\DoWhen" ActivityName="KeepOrcDisguise" AllowUseWhileMounted="true" UseWhen="!Me.HasAura(89261) &amp;&amp; HasItem(63357) &amp;&amp; Me.ZoneId == 46" >
			<Code File="UseItem" ItemId="63357" />
			<Code File="WaitTimer" WaitTime="1000" TerminateWhen="Me.HasAura(89261)" />
		</Code>

		<TurnIn QuestName="Into the Black Tooth Hovel" QuestId="28239" TurnInName="Quartermaster Kaoshin" TurnInId="48085" X="-8068.705" Y="-1892.767" Z="132.514" />
		<RecheckCheckpoints />
		<PickUp QuestName="Grunt Work" QuestId="28245" GiverName="Quartermaster Kaoshin" GiverId="48085" X="-8068.705" Y="-1892.767" Z="132.514" />
		<PickUp QuestName="Strategic Cuts" QuestId="28246" GiverName="EchoTiger" GiverId="0" />

		<Code File="InteractWith" MobId="48100" InteractByUsingItemId="63350" NonCompeteDistance="0" QuestId="28246" QuestObjectiveIndex="3" X="-8089.445" Y="-1886.819" Z="182.4935" />

		<While Condition="DoQuest(28245)" >
			<Code File="InteractWith" MobId="206977" NumOfTimes="14" CollectionDistance="200" QuestId="28245" >
				<HuntingGrounds>
					<Hotspot X="-8065.166" Y="-1894.299" Z="132.3721" />
					<Hotspot X="-8089.481" Y="-1778.732" Z="133.1957" />
				</HuntingGrounds>
			</Code>
		</While>

		<Code File="InteractWith" MobId="48099" InteractByUsingItemId="63350" NonCompeteDistance="0" InteractBlacklistTimeInSeconds="1" QuestId="28246" QuestObjectiveIndex="2" X="-8161.11" Y="-1700.899" Z="137.968" />
		<Code File="InteractWith" MobId="9176" InteractByUsingItemId="63350" NonCompeteDistance="0" InteractBlacklistTimeInSeconds="1" QuestId="28246" QuestObjectiveIndex="1" X="-8240.977" Y="-1769.563" Z="146.3803" />

		<TurnIn QuestName="Strategic Cuts" QuestId="28246" />
		<TurnIn QuestName="Grunt Work" QuestId="28245" TurnInName="Quartermaster Kaoshin" TurnInId="48085" X="-8071.73" Y="-1889.981" Z="132.7665" />
		<PickUp QuestName="The Kodocaller's Horn" QuestId="28252" GiverName="Quartermaster Kaoshin" GiverId="48085" X="-8071.73" Y="-1889.981" Z="132.7665" />

		<While Condition="DoQuest(28252)" >
			<Code File="InteractWith" MobId="48111" InteractByUsingItemId="63356" NumOfTimes="14" CollectionDistance="200" QuestId="28252" X="-8260" Y="-1887.453" Z="144.0968" />
		</While>

		<TurnIn QuestName="The Kodocaller's Horn" QuestId="28252" />
		<PickUp QuestName="Taking the Horn For Ourselves" QuestId="28253" GiverName="EchoTiger" GiverId="0" />
		<TurnIn QuestName="Taking the Horn For Ourselves" QuestId="28253" TurnInName="Colonel Troteman" TurnInId="48110" X="-7947.853" Y="-1923.547" Z="132.3557" />

		<While Condition="DoQuest(28226)" >
			<Code File="RunCode" Type="Definition" ><![CDATA[
					private Styx.TreeSharp.Composite _lootPartsHook;
					private WoWGameObject _currentPart;

					private async Task<bool> LootGolemParts()
					{
						if (QuestDone(28226)) return false;
						if (_currentPart == null || !_currentPart.IsValid)
						{
							_currentPart = ObjectManager.GetObjectsOfType<WoWGameObject>()
								.Where(u => new[]{206971, 206972, 206973, 206974}.Contains((int)u.Entry))
								.OrderBy(u => u.DistanceSqr).FirstOrDefault();
							if (_currentPart == null)
								return false;
						}
						if (_currentPart.Location.DistanceSquared((WoWMovement.ActiveMover ?? StyxWoW.Me).Location) > 3 * 3)
						{
							TreeRoot.StatusText = "Moving to golem part";
							return (await CommonCoroutines.MoveTo(_currentPart.Location)).IsSuccessful();
						}

						TreeRoot.StatusText = "Looting golem part";
						await CommonCoroutines.StopMoving();
						_currentPart.Interact();
						await Coroutine.Sleep(1500);

						if (_currentPart.Entry == 206974)
						{
							if (!IsObjectiveComplete(1, 28226))
								Lua.DoString("GossipTitleButton1:Click();");
							else if (!IsObjectiveComplete(3, 28226))
								Lua.DoString("GossipTitleButton2:Click();");
							else
								Lua.DoString("GossipTitleButton1:Click();");
						}
						else if (_currentPart.Entry == 206973)
						{
							if (!IsObjectiveComplete(4, 28226))
								Lua.DoString("GossipTitleButton2:Click();");
							else if (!IsObjectiveComplete(2, 28226))
								Lua.DoString("GossipTitleButton2:Click();");
							else
								Lua.DoString("GossipTitleButton1:Click();");
						}
						else if (_currentPart.Entry == 206972)
						{
							if (!IsObjectiveComplete(2, 28226))
								Lua.DoString("GossipTitleButton1:Click();");
							else if (!IsObjectiveComplete(3, 28226))
								Lua.DoString("GossipTitleButton2:Click();");
							else
								Lua.DoString("GossipTitleButton1:Click();");
						}
						else if (_currentPart.Entry == 206971)
						{
							if (!IsObjectiveComplete(2, 28226))
								Lua.DoString("GossipTitleButton1:Click();");
							else if (!IsObjectiveComplete(1, 28226))
								Lua.DoString("GossipTitleButton1:Click();");
							else
								Lua.DoString("GossipTitleButton1:Click();");
						}

						return true;
					}
				]]>
			</Code>
			<Code File="RunCode"><![CDATA[ TreeHooks.Instance.InsertHook("Questbot_Profile", 0, _lootPartsHook ?? (_lootPartsHook = new  CommonBehaviors.Actions.ActionRunCoroutine(ctx => LootGolemParts()))); ]]></Code>
			<Code File="KillUntilComplete" MobId="7039" QuestId="28226" >
				<HuntingGrounds>
					<Hotspot X="-7778.345" Y="-1945.105" Z="134.3411" />
					<Hotspot X="-7852.823" Y="-2032.314" Z="136.3033" />
					<Hotspot X="-7751.833" Y="-2094.517" Z="133.1681" />
					<Hotspot X="-7812.992" Y="-1908.113" Z="134.5811" />
				</HuntingGrounds>
			</Code>
			<Code File="RunCode"><![CDATA[ TreeHooks.Instance.RemoveHook("Questbot_Profile", _lootPartsHook); ]]></Code>
		</While>

		<Code File="KillUntilComplete" MobIds="7036, 7038, 7037" QuestId="28225" >
			<HuntingGrounds>
				<Hotspot X="-7778.345" Y="-1945.105" Z="134.3411" />
				<Hotspot X="-7852.823" Y="-2032.314" Z="136.3033" />
				<Hotspot X="-7751.833" Y="-2094.517" Z="133.1681" />
				<Hotspot X="-7812.992" Y="-1908.113" Z="134.5811" />
			</HuntingGrounds>
		</Code>

		<TurnIn QuestName="Prove Yer Allegiance" QuestId="28225" TurnInName="Stebben Oreknuckle" TurnInId="48033" X="-7913.504" Y="-1937.762" Z="133.1867" />
		<TurnIn QuestName="Scrapped Golems" QuestId="28226" TurnInName="Stebben Oreknuckle" TurnInId="48033" X="-7913.504" Y="-1937.762" Z="133.1867" />
		<RecheckCheckpoints />

		<PickUp QuestName="Golem Training" QuestId="28227" GiverName="Stebben Oreknuckle" GiverId="48033" X="-7913.504" Y="-1937.762" Z="133.1867" />
		<While Condition="DoQuest(28227)" >
			<Code File="InteractWith" MobId="48037" GossipOptions="1" NumOfTimes="8" CollectionDistance="200" QuestId="28227" X="-7933.979" Y="-1902.794" Z="132.4554" TerminateWhen="Me.Combat" />
		</While>
		<TurnIn QuestName="Golem Training" QuestId="28227" TurnInName="Stebben Oreknuckle" TurnInId="48033" X="-7912.072" Y="-1936.451" Z="132.9023" />

		<PickUp QuestName="General Thorg'izog" QuestId="28265" GiverName="John J. Keeshan" GiverId="48109" X="-7947.147" Y="-1927.015" Z="132.2389" />
		<TurnIn QuestName="General Thorg'izog" QuestId="28265" TurnInName="General Thorg'izog" TurnInId="48133" X="-7693.1" Y="-1434.513" Z="140.9365" />

		<PickUp QuestName="Trial by Magma" QuestId="28266" GiverName="General Thorg'izog" GiverId="48133" X="-7693.1" Y="-1434.513" Z="140.9365" />
		<While Condition="DoQuest(28266)" >
			<Code File="InteractWith" MobId="48159" GossipOptions="1" NonCompeteDistance="0" QuestId="28266" X="-7689.321" Y="-1435.371" Z="140.9358" />
			<Code File="KillUntilComplete" MobId="28266" QuestId="48133" X="-7694.005" Y="-1436.475" Z="140.9358" TerminateAfterMaxRuntimeSecs="15" />
		</While>
		<TurnIn QuestName="Trial by Magma" QuestId="28266" TurnInName="General Thorg'izog" TurnInId="48133" X="-7693.1" Y="-1434.513" Z="140.9365" />

		<PickUp QuestName="I Am the Law and I Am the Lash" QuestId="28278" GiverName="General Thorg'izog" GiverId="48133" X="-7693.1" Y="-1434.513" Z="140.9365" />
		<PickUp QuestName="Abuse of Power" QuestId="28279" GiverName="EchoTiger" GiverId="0" />

		<While Condition="DoQuest(28278, 28279)" >
			<Code File="RunCode" Type="Definition" ><![CDATA[
					private Styx.TreeSharp.Composite _cudgelMobsHook;
					private WoWUnit _currentMob;
					private WoWItem _crudgelItem => StyxWoW.Me.BagItems.FirstOrDefault(x => x.Entry == 63390);

					private async Task<bool> CrudgelMobsTask()
					{
						if (!DoQuest(28278, 28279)) return false;
						if (!StyxWoW.Me.HasAura(89261)) return false;
						if (_crudgelItem == null) return false;

						if (_currentMob == null || !_currentMob.IsValid || _currentMob.IsDead || (_currentMob.HasAura(89568) && !StyxWoW.Me.HasAura(89596)))
						{
							if (DoQuest(28278) && DoQuest(28278))
							{
								_currentMob = ObjectManager.GetObjectsOfType<WoWUnit>()
									.Where(u => new[]{48119, 7025, 48201}.Contains((int)u.Entry) && !u.HasAura(89568) && u.IsAlive)
									.OrderBy(u => u.DistanceSqr).FirstOrDefault();
							}
							else if (DoQuest(28278))
							{
								_currentMob = ObjectManager.GetObjectsOfType<WoWUnit>()
									.Where(u => new[]{48119, 7025}.Contains((int)u.Entry) && !u.HasAura(89568) && u.IsAlive)
									.OrderBy(u => u.DistanceSqr).FirstOrDefault();
							}
							else if (DoQuest(28279))
							{
								_currentMob = ObjectManager.GetObjectsOfType<WoWUnit>()
									.Where(u => new[]{48201}.Contains((int)u.Entry) && !u.HasAura(89568) && u.IsAlive)
									.OrderBy(u => u.DistanceSqr).FirstOrDefault();
							}
							if (_currentMob == null)
								return false;
						}
						if (_currentMob.Location.DistanceSquared((WoWMovement.ActiveMover ?? StyxWoW.Me).Location) > 3 * 3)
						{
							TreeRoot.StatusText = "Moving to orc to whack!";
							return (await CommonCoroutines.MoveTo(_currentMob.Location)).IsSuccessful();
						}

						TreeRoot.StatusText = "Whacking orc!";
						_currentMob.Target();
						await CommonCoroutines.StopMoving();
						_crudgelItem.Interact();
						await Coroutine.Sleep(650);
						
						return true;
					}
				]]>
			</Code>

			<Code File="RunCode"><![CDATA[ TreeHooks.Instance.InsertHook("Questbot_Profile", 0, _cudgelMobsHook ?? (_cudgelMobsHook = new  CommonBehaviors.Actions.ActionRunCoroutine(ctx => CrudgelMobsTask()))); ]]></Code>
			<While Condition="DoQuest(28278, 28279)" >
				<If Condition="Me.HasAura(89261)" >
					<MoveTo X="-7728.89" Y="-1542.32" Z="134.1321" />
					<DisableBehavior Name="Combat" /> <!-- Shut off combat once in crudgel area. -->
				</If>
				<If Condition="!Me.HasAura(89261)" >
					<MoveTo X="-7629.78" Y="-1439.217" Z="141.7135" /> <!-- Flee if we lose disguise -->
				</If>
			</While>
			<EnableBehavior Name="Combat" />
			<Code File="RunCode"><![CDATA[ TreeHooks.Instance.RemoveHook("Questbot_Profile", _cudgelMobsHook); ]]></Code>
		</While>
		<TurnIn QuestName="I Am the Law and I Am the Lash" QuestId="28278" TurnInName="General Thorg'izog" TurnInId="48133" X="-7693.1" Y="-1434.513" Z="140.9365" />

		<Code File="Hooks\DoWhen" ActivityName="KeepOrcDisguise" Command="Disable" />

		<TurnIn QuestName="Abuse of Power" QuestId="28279" TurnInName="Colonel Troteman" TurnInId="48110" X="-7947.904" Y="-1924.418" Z="132.286" />
		<PickUp QuestName="Enough Damage For One Day" QuestId="28286" GiverName="Colonel Troteman" GiverId="48110" X="-7947.904" Y="-1924.418" Z="132.286" />
		<TurnIn QuestName="Enough Damage For One Day" QuestId="28286" TurnInName="Colonel Troteman" TurnInId="48110" X="-7947.904" Y="-1924.418" Z="132.286" />
		<PickUp QuestName="Morgan's Vigil" QuestId="28310" GiverName="Colonel Troteman" GiverId="48110" X="-7947.904" Y="-1924.418" Z="132.286" />
		<TurnIn QuestName="Morgan's Vigil" QuestId="28310" TurnInName="Oralius" TurnInId="9177" X="-8413.327" Y="-2732.135" Z="189.165" />
		<RecheckCheckpoints />
		<PickUp QuestName="SEVEN! YUP!" QuestId="28415" GiverName="Oralius" GiverId="9177" X="-8413.327" Y="-2732.135" Z="189.165" />
		<PickUp QuestName="Blackened Ashes" QuestId="28311" GiverName="Colonel Troteman" GiverId="48307" X="-8394.939" Y="-2782.252" Z="194.7989" />
		<PickUp QuestName="Latent Demons of the Land" QuestId="28312" GiverName="Colonel Troteman" GiverId="48307" X="-8394.939" Y="-2782.252" Z="194.7989" />
		<PickUp QuestName="A Heap of Delicious Worg" QuestId="28313" GiverName="Colonel Troteman" GiverId="48307" X="-8394.939" Y="-2782.252" Z="194.7989" />

		<While Condition="DoQuest(28313)" >
			<Code File="InteractWith" MobId="9697" InteractByUsingItemId="63427" CollectionDistance="200" MobState="Dead" NumOfTimes="80" QuestId="28313" >
				<HuntingGrounds>
					<Hotspot X="-8176.706" Y="-2717.864" Z="136.4057" />
					<Hotspot X="-8113.833" Y="-2620.906" Z="133.5158" />
					<Hotspot X="-8149.388" Y="-2847.299" Z="134.2914" />
				</HuntingGrounds>
			</Code>
		</While>

		<While Condition="DoQuest(28312)" >
			<Code File="InteractWith" MobIds="9776, 9778, 9779, 48649" KeepTargetSelected="true" CollectionDistance="200" NumOfTimes="36" QuestId="28312" >
				<HuntingGrounds>
					<Hotspot X="-8376.891" Y="-2534.363" Z="134.7696" />
					<Hotspot X="-8456.459" Y="-2547.022" Z="133.2492" />
					<Hotspot X="-8494.5" Y="-2563.433" Z="130.9622" />
				</HuntingGrounds>
			</Code>
		</While>

		<While Condition="DoQuest(28415)" >
			<Code File="InteractWith" MobId="48671" Range="4" NumOfTimes="14" QuestId="28415" >
				<HuntingGrounds>
					<Hotspot X="-8376.891" Y="-2534.363" Z="134.7696" />
					<Hotspot X="-8456.459" Y="-2547.022" Z="133.2492" />
				</HuntingGrounds>
			</Code>
		</While>

		<Code File="KillUntilComplete" MobId="7032" QuestId="28311" >
			<HuntingGrounds>
				<Hotspot X="-8149.605" Y="-2417.905" Z="129.7929" />
				<Hotspot X="-7948.46" Y="-2435.721" Z="128.5163" />
				<Hotspot X="-7917.036" Y="-2334.753" Z="128.8821" />
			</HuntingGrounds>
		</Code>

		<TurnIn QuestName="Blackened Ashes" QuestId="28311" TurnInName="Colonel Troteman" TurnInId="48307" X="-8392.612" Y="-2783.357" Z="194.9056" />
		<TurnIn QuestName="Latent Demons of the Land" QuestId="28312" TurnInName="Colonel Troteman" TurnInId="48307" X="-8392.612" Y="-2783.357" Z="194.9056" />
		<TurnIn QuestName="A Heap of Delicious Worg" QuestId="28313" TurnInName="Colonel Troteman" TurnInId="48307" X="-8392.612" Y="-2783.357" Z="194.9056" />
		<RecheckCheckpoints />
		<PickUp QuestName="Blood Tour" QuestId="28314" GiverName="John J. Keeshan" GiverId="48306" X="-8394.351" Y="-2782.323" Z="194.8143" />
		<PickUp QuestName="Draconic Vanguard" QuestId="28315" GiverName="John J. Keeshan" GiverId="48346" X="-8394.351" Y="-2782.323" Z="194.8143" />
		<PickUp QuestName="A Deal With a Dragon" QuestId="28316" GiverName="John J. Keeshan" GiverId="48346" X="-8394.351" Y="-2782.323" Z="194.8143" />
		<TurnIn QuestName="SEVEN! YUP!" QuestId="28415" TurnInName="Oralius" TurnInId="9177" X="-8412.829" Y="-2731.335" Z="189.1629" />

		<While Condition="DoQuest(28315)" >
			<Code File="KillUntilComplete" MobId="48287" QuestId="28315" QuestObjectiveIndex="1" X="-8250.579" Y="-2517.477" Z="139.6854" />
			<Code File="KillUntilComplete" MobId="48289" QuestId="28315" QuestObjectiveIndex="3" X="-8051.263" Y="-2968.672" Z="134.3401" />
			<Code File="KillUntilComplete" MobId="48291" QuestId="28315" QuestObjectiveIndex="4" X="-7753.289" Y="-2859.895" Z="133.4389" />
			<Code File="KillUntilComplete" MobId="48288" QuestId="28315" QuestObjectiveIndex="2" X="-7575.833" Y="-2739.93" Z="134.0037" />
		</While>

		<Code File="KillUntilComplete" MobIds="7040, 7041" QuestId="28314" >
			<HuntingGrounds>
				<Hotspot X="-7638.074" Y="-2753.729" Z="133.0776" />
				<Hotspot X="-7651.68" Y="-2861.568" Z="134.9965" />
				<Hotspot X="-7776.728" Y="-2937.062" Z="131.7502" />
				<Hotspot X="-7909.073" Y="-2878.426" Z="134.9655" />
				<Hotspot X="-8021.539" Y="-2814.808" Z="133.8248" />
			</HuntingGrounds>
		</Code>

		<TurnIn QuestName="Blood Tour" QuestId="28314" TurnInName="John J. Keeshan" TurnInId="48346" X="-8035.027" Y="-2935.777" Z="132.7321" />
		<TurnIn QuestName="Draconic Vanguard" QuestId="28315" TurnInName="John J. Keeshan" TurnInId="48346" X="-8035.027" Y="-2935.777" Z="132.7321" />
		<TurnIn QuestName="A Deal With a Dragon" QuestId="28316" TurnInName="Acride" TurnInId="48292" X="-7647.895" Y="-3050.429" Z="131.0518" />
		<RecheckCheckpoints />
		<PickUp QuestName="Placing the Pawns" QuestId="28326" GiverName="EchoTiger" GiverId="0" />
		<TurnIn QuestName="Placing the Pawns" QuestId="28326" TurnInName="Colonel Troteman" TurnInId="48307" X="-8394.357" Y="-2783.109" Z="194.8404" />
		<PickUp QuestName="A Delivery for Thorg'izog" QuestId="28317" GiverName="Colonel Troteman" GiverId="48307" X="-8394.357" Y="-2783.109" Z="194.8404" />
		<PickUp QuestName="A Delivery for Neeralak" QuestId="28318" GiverName="Colonel Troteman" GiverId="48307" X="-8394.357" Y="-2783.109" Z="194.8404" />
		<PickUp QuestName="A Delivery for Xi'lun" QuestId="28319" GiverName="Colonel Troteman" GiverId="48307" X="-8394.357" Y="-2783.109" Z="194.8404" />

		<Code File="Hooks\DoWhen" ActivityName="KeepOrcDisguise" Command="Enable" />

		<TurnIn QuestName="A Delivery for Neeralak" QuestId="28318" TurnInName="Dragon-Lord Neeralak" TurnInId="48314" X="-7977.029" Y="-2678.762" Z="156.81" />
		<TurnIn QuestName="A Delivery for Xi'lun" QuestId="28319" TurnInName="High Warlock Xi'lun" TurnInId="48312" X="-7888.42" Y="-2657.63" Z="220.1115" />
		<TurnIn QuestName="A Delivery for Thorg'izog" QuestId="28317" TurnInName="General Thorg'izog" TurnInId="48316" X="-7839.404" Y="-2559.305" Z="126.243" />
		<PickUp QuestName="Locked and Loaded" QuestId="28327" GiverName="EchoTiger" GiverId="0" />
		<TurnIn QuestName="Locked and Loaded" QuestId="28327" TurnInName="Colonel Troteman" TurnInId="48307" X="-8393.482" Y="-2783.386" Z="194.8744" />

		<Code File="Hooks\DoWhen" ActivityName="KeepOrcDisguise" Command="Remove" />

		<Checkpoint Level="53" /> <!-- Checkpoint is normally 52, but we're adding a level due to the lack of quests to get from 57 to 58 -->
		<If Condition="Me.Level &lt;= 53" >
			<Code File="RunCode" Code="foreach (PlayerQuest quest in Me.QuestLog.GetAllQuests()) QuestLog.Instance.AbandonQuestById(quest.Id)" />
		</If>
		<Code File="LoadProfile" ProfileName="Swamp of Sorrows.xml" />


	</QuestOrder>
</HBProfile>