<HBProfile xsi:noNamespaceSchemaLocation="../../Schemas/QuestProfileSchema.xsd" xmlns:xsi="http://www.w3.org/2001/XMLSchema-instance">
	<!-- Original contribution by EchoTiger -->
	<Name>Warrior - Fury - Warswords of Valajar ($ShortHash$)</Name>

	<MinDurability>0.3</MinDurability>
	<MinFreeBagSlots>3</MinFreeBagSlots>

	<SellGrey>true</SellGrey>
	<SellWhite>true</SellWhite>
	<SellGreen>true</SellGreen>
	<SellBlue>true</SellBlue>
	<SellPurple>false</SellPurple>

	<MailGrey>false</MailGrey>
	<MailWhite>true</MailWhite>
	<MailGreen>true</MailGreen>
	<MailBlue>true</MailBlue>
	<MailPurple>true</MailPurple>

	<TargetElites>true</TargetElites>

	<AvoidMobs>
	</AvoidMobs>

	<Blackspots>
	</Blackspots>

	<Blacklist>
	</Blacklist>

	<Mailboxes> 
	</Mailboxes>

	<Vendors>
	</Vendors>

<!-- INITORDER COMMENT 
	<InitOrder>
		Perhaps add detection for loading the class hall if player hasn't unlocked this zone yet.
		<Code File="Misc\RunLua" Lua="SetCVar('AutoLootDefault', 1)" />

		<Code File="EnablePlugin" Names="Anti Drown" />
		<Code File="EnablePlugin" Names="Refreshment Detection" />

		<Code File="Misc\ProfileCompatibilityInfo" AllowBrokenAddOns="true" AllowBrokenPlugIns="true" />

		<LootMobs Value="true" />
		<TargetingDistance Value="45" /> Use LevelBot default
	</InitOrder>
END INITORDER COMMENT -->

	<QuestOrder>
		<!-- Check function status -->
		<Code File="RunCode" Type="Definition">
			<![CDATA[
			private static bool? profileFunctionsEnabled => (bool?)AppDomain.CurrentDomain.GetData("QuestingProfiles_FunctionsEnabled");
			private static bool IsStoreProfile(string path) => path.StartsWith("store://");
			private static string Slashify(string path) => IsStoreProfile(path) ? path.Replace(@"\", "/") : path.Replace("/", @"\");

			public __CompiledBatchClass__()
			{
				ActivateFunctions();
			}

			private static void ActivateFunctions()
			{
				if (profileFunctionsEnabled == null || profileFunctionsEnabled == false)
				{
					Bots.Professionbuddy.PBLog.Log(Colors.MediumPurple, "[Profile Message!]: ", Colors.Yellow, "Please stand by as the functions are being activated!");
					LoadProfile(@"..\..\..\Functions\Activate Functions.xml");
				}
			}

			private static void LoadProfile(string path)
			{
				var profile = GetNewPath(path);
				if (!IsStoreProfile(profile) && !File.Exists(profile))
				{
					Bots.Professionbuddy.PBLog.Log(Colors.MediumPurple, "[Profile Message!]: ", Colors.Yellow, "Profile does not exist.\n" + profile);
					return;
				}

				Bots.Professionbuddy.PBLog.Log(Colors.MediumPurple, "[Profile Message!]: ", Colors.Yellow, "Loading: " + profile);
				ProfileManager.LoadNew(profile, false);
			}

			private static string GetNewPath(string path)
			{
				if (IsStoreProfile(path))
					return Slashify(path);

				var currentProfile = ProfileManager.XmlLocation;
				if (IsStoreProfile(currentProfile))
					return Slashify(currentProfile + "/../" + path);

				var absolutePath = Path.Combine(Path.GetDirectoryName(currentProfile), path);
				absolutePath = Path.GetFullPath(absolutePath);
				var canonicalPath = new Uri(absolutePath).LocalPath;
				return Slashify(canonicalPath);
			}]]>
		</Code>
		<Code File="RunCode" Code="ActivateFunctions();" />
		<!-- END Check function status -->

		<If Condition="Me.IsAlliance" >
			<Code File="LoadProfile" ProfileName="..\..\..\Questing Autoloader.xml" />
		</If>
		<!-- RunCode Methods -->
			<Code File="RunCode">
			<![CDATA[
				Bots.Professionbuddy.PBLog.Log(System.Windows.Media.Colors.MediumPurple, "> [Profile Initialization Status] ", System.Windows.Media.Colors.CornflowerBlue, "\n     Auto-Looting	:: Enabled\n     Looting	:: Enabled\n     Game Addons	:: Disabled");
				Lua.DoString("SetCVar('AutoLootDefault', 1);");
				Lua.DoString("SetCVar('autoDismountFlying', 1);");
				CharacterSettings.Instance.LootMobs = true;
				CharacterSettings.Instance.Save();
				Logging.Write(System.Windows.Media.Colors.MediumPurple, "> [Ready to bot!]");
			]]>
			</Code>
			<Code File="RunCode" Type="Definition">
				<![CDATA[
						bool DoQuest(params uint[] questIds)
						{
							foreach (var questId in questIds)
							{
								if (HasQuest(questId) && !IsQuestCompleted(questId)) return true;
							}
							return false;
						}
						bool NeedsQuest(params uint[] questIds)
						{
							foreach (var questId in questIds)
							{
								if (!HasQuest(questId) && !IsQuestCompleted(questId)) return true;
							}
							return false;
						}
						bool NeedsBreadcrumbQuest(params uint[] questIds)
						{
							foreach (var questId in questIds)
							{
								if (IsQuestCompleted(questId)) return false;
							}
							return true;
						}
						bool QuestDone(params uint[] questIds)
						{
							foreach (var questId in questIds)
							{
								if (HasQuest(questId) && IsQuestCompleted(questId)) return true;
							}
							return false;
						}
						bool QuestFlaggedCompleted(params uint[] questIds)
						{
							foreach (var questId in questIds)
							{
								return Lua.GetReturnVal<bool>($"return IsQuestFlaggedCompleted({questId});", 0);
							}
							return false;
						}
						async Task SkipCutscene(int preWait = 3000, int postWait = 3000)
						{
					// Add detection of cutscene here.
							await Coroutine.Sleep(preWait);
					// Test and improve the working method.
							Lua.DoString("MovieFrame:StopMovie(); CinematicFrame_CancelCinematic(); StopCinematic();");
							await Coroutine.Sleep(postWait);
						}
					]]>
			</Code>
		<!-- END RunCode Methods -->

		<!-- Get Continuation Quest -->
				<If Condition="IsQuestCompleted(39530) &amp;&amp; !HasQuest(123456) &amp;&amp; !HasQuest(123456)" > <!-- Using The Forgening (39530) to determine if we've already got the first artifact. -->
					<Code File="InteractWith" MobId="96469" WaitTime="1250" X="796.1858" Y="7228.977" Z="106.7501" />
					<Code File="Misc\RunLua" WaitTime="1250" Lua="QuestFrameAcceptButton:Click();" />
				</If>
		<!-- END Get Continuation Quest -->

		<!-- Second Artifact -->
		<!-- END Second Artifact -->

		<!-- Third Artifact -->
		<!-- END Third Artifact -->

		<!-- Story: Artifact Weapon - Warswords of Valajar -->
				<PickUp QuestName="The Hunter of Heroes" QuestId="40043" GiverName="Odyn" GiverId="96469" X="796.1858" Y="7228.977" Z="106.7501" />
				<While Condition="DoQuest(40043)" >
					<!-- NOTE: <CheckMe> : As a warrior learns more locations throughout Draenor, the gossip options for the Stormflgiht master will change.
											We need a way to actually click by name instead of index.
											To: Tideskorn Harbor - in this situation is's showing up as option 1 for me.
					-->
					<Code File="InteractWith" MobId="96679" GossipOptions="1" QuestId="40043" QuestObjectiveIndex="1" X="1082.998" Y="7229.331" Z="98.11864" />

					<If Condition="Bots.DungeonBuddy.Helpers.ScenarioInfo.Current.CurrentStageNumber == 1" >
						<Code File="InteractWith" MobId="245188" X="3402.011" Y="1477.399" Z="58.51424" TerminateWhen="Bots.DungeonBuddy.Helpers.ScenarioInfo.Current.CurrentStageNumber != 1" />
					</If>

					<If Condition="Bots.DungeonBuddy.Helpers.ScenarioInfo.Current.CurrentStageNumber == 2" >
						<Code File="WaitTimer" WaitTime="80000" TerminateWhen="Bots.DungeonBuddy.Helpers.ScenarioInfo.Current.CurrentStageNumber != 2" />
					</If>

					<If Condition="Bots.DungeonBuddy.Helpers.ScenarioInfo.Current.CurrentStageNumber == 3" >
						<Code File="KillUntilComplete" MobId="98892" TerminateWhen="Bots.DungeonBuddy.Helpers.ScenarioInfo.Current.CurrentStageNumber != 3" >
							<HuntingGrounds>
								<Hotspot X="3300.628" Y="1474.094" Z="50.55968" />
								<Hotspot X="3341.364" Y="1550.2" Z="17.80395" />
							</HuntingGrounds>
						</Code>
					</If>

					<If Condition="Bots.DungeonBuddy.Helpers.ScenarioInfo.Current.CurrentStageNumber == 4" >
						<Code File="InteractWith" MobId="244940" TerminateWhen="Bots.DungeonBuddy.Helpers.ScenarioInfo.Current.CurrentStageNumber != 4" >
							<HuntingGrounds>
								<Hotspot X="3369.134" Y="1621.062" Z="9.502369" />
								<Hotspot X="3409.651" Y="1634.637" Z="9.934793" />
								<Hotspot X="3495.966" Y="1630.387" Z="5.443361" /> 
								<Hotspot X="3545.416" Y="1544.926" Z="5.286731" />
							</HuntingGrounds>
						</Code>
					</If>

					<If Condition="Bots.DungeonBuddy.Helpers.ScenarioInfo.Current.CurrentStageNumber == 5" >
						<MoveTo X="3491.798" Y="1555.663" Z="5.21099" />
						<Code File="RunCode" Code="await SkipCutscene();" />
						<Code File="KillUntilComplete" MobId="98007" X="3481.98" Y="1579.68" Z="4.77056" TerminateWhen="Bots.DungeonBuddy.Helpers.ScenarioInfo.Current.CurrentStageNumber != 5" />
					</If>

					<If Condition="Bots.DungeonBuddy.Helpers.ScenarioInfo.Current.CurrentStageNumber == 6" >
						<If Condition="Me.Z &gt; 4.5" >
							<MoveTo X="3461.671" Y="1611.542" Z="5.484463" />
							<Code File="MyCTM" X="3462.065" Y="1629.966" Z="-0.2860668" />
							<MoveTo X="3446.531" Y="1702.183" Z="0.4296578" />
						</If>
						<Code File="KillUntilComplete" MobId="98007" TerminateWhen="Bots.DungeonBuddy.Helpers.ScenarioInfo.Current.CurrentStageNumber != 6" >
							<HuntingGrounds>
								<Hotspot X="3446.531" Y="1702.183" Z="0.4296578" />
								<Hotspot X="3515.146" Y="1800.611" Z="0.5473118" />
							</HuntingGrounds>
						</Code>
					</If>

					<If Condition="Bots.DungeonBuddy.Helpers.ScenarioInfo.Current.CurrentStageNumber == 7" >
						<Code File="InteractWith" MobId="248832" InteractByLooting="true" WaitTime="1500" X="3515.244" Y="1800.514" Z="0.5386963" />
						<Code File="Misc\RunLua" Lua="LootButton1:Click();" /> <!-- Extra code in case the IW doesn't loot. -->
						<Code File="WaitTimer" WaitTime="10000" /> <!-- Wait for little cinematic. -->
						<Code File="Misc\RunLua" Lua="ExtraActionButton1:Click();" />
					</If>

					<If Condition="HasItem(128908)" >
						<MoveTo X="3515.938" Y="1818.708" Z="1.747835" />
						<Code File="MyCTM" X="3515.938" Y="1818.708" Z="1.747835" /> <!-- Because MoveTo likes to do weird things.. -->
						<Code File="WaitTimer" WaitTime="1000" />
						<Code File="Misc\RunLua" Lua="ExtraActionButton1:Click();" />
						<Code File="WaitTimer" WaitTime="8500" />
					</If>
				</While>
				<TurnIn QuestName="The Hunter of Heroes" QuestId="40043" TurnInName="Odyn" TurnInId="96469" X="796.1858" Y="7228.977" Z="106.7501" />
		<!-- END Story: Artifact Weapon - Warswords of Valajar -->


		<If Condition="!IsQuestCompleted(39530)" >
			<PickUp QuestName="The Forgening" QuestId="39530" GiverName="Odyn" GiverId="96469" X="796.1858" Y="7228.977" Z="106.7501" />
			<!-- We're picking this quest up even though it's not artifact specific as a method of preventing the Class Hall loader from loading another artifact profile. -->
			<Code File="LoadProfile" ProfileName="../Class Hall Loaders/Warrior.xml" />
		</If>

	</QuestOrder>
</HBProfile>

<!-- Notes:

	The Forgening is used to determine if we've got the first artifact or not because NPC positions change after this quest.
	Checking if this quest is completed can be used to determine where the NPCs are at for the bot and where we should look for them.
	The Forgening is completed directly after completing obtaining your first artifact weapon, so it should be reliable enough to check with.

	Contiuing the Legend is the quest to unlock your second artifact choice.

	One Last Adventure is the quest to unlock your third artifact choice.
-->