<HBProfile xsi:noNamespaceSchemaLocation="../../Schemas/QuestProfileSchema.xsd" xmlns:xsi="http://www.w3.org/2001/XMLSchema-instance">
    <Name>testing qo ($ShortHash$)</Name>
    <MinLevel>1</MinLevel>
    <MaxLevel>1001</MaxLevel>

    <MinDurability>0.1</MinDurability>
    <MinFreeBagSlots>1</MinFreeBagSlots>

    <Blackspots>
    </Blackspots>


    <QuestOrder>

        <CustomBehavior File="UserSettings" UseFlightPaths="false" />
        <LootMobs Value="false" />
        <UseMount Value="true" />

        <!-- Begin Mount Procedure -->
        <If Condition="Me.GetSkill(Styx.SkillLine.Riding).CurrentValue == 0 &amp;&amp; Me.Silver &gt;= 450">
            <CustomBehavior File="ForceSetVendor" DoSell="true" DoRepair="true" DoMail="true" DoTrain="true" />

            <CustomBehavior File="Message" Text="Compiling Mount Procedures" LogColor="Orange" />

            <If Condition="Me.Race == WoWRace.Orc">
                <CustomBehavior File="ForceTrainRiding" MobId="4752" />
                <If Condition="!HasItem(5665)">
                    <CustomBehavior File="InteractWith" MobId="3362" InteractByBuyingItemId="5665"
                                    X="2076.602" Y="-4568.632" Z="49.25319" />
                </If>
                <If Condition="HasItem(5665)">
                    <CustomBehavior File="UseItem" ItemId="5665" />
                </If>
            </If>
            <If Condition="Me.Race == WoWRace.Goblin">
                <CustomBehavior File="ForceTrainRiding" MobId="48513" />
                <If Condition="!HasItem(62461)">
                    <CustomBehavior File="InteractWith" MobId="48510" InteractByBuyingItemId="62461"
                                    X="1475.32" Y="-4140.98" Z="52.51" />
                </If>
                <If Condition="HasItem(62461)">
                    <CustomBehavior File="UseItem" ItemId="62461" />
                </If>
            </If>
            <If Condition="Me.Race == WoWRace.Troll">
                <CustomBehavior File="ForceTrainRiding" MobId="7953" />
                <If Condition="!HasItem(8588)">
                    <CustomBehavior File="InteractWith" MobId="7952" InteractByBuyingItemId="8588"
                                    X="-852.78" Y="-4885.40" Z="22.03" />
                </If>
                <If Condition="HasItem(8588)">
                    <CustomBehavior File="UseItem" ItemId="8588" />
                </If>
            </If>
            <If Condition="Me.Race == WoWRace.Tauren">
                <CustomBehavior File="ForceTrainRiding" MobId="3690" />
                <If Condition="!HasItem(15277)">
                    <CustomBehavior File="InteractWith" MobId="3685" InteractByBuyingItemId="15277"
                                    X="-2279.796" Y="-392.0697" Z="-9.396863" />
                </If>
                <If Condition="HasItem(15277)">
                    <CustomBehavior File="UseItem" ItemId="15277" />
                </If>
            </If>
            <If Condition="Me.Race == WoWRace.Undead">
                <If Condition="Me.MapId == 1">
                    <CustomBehavior File="UseTransport"
                                    TransportId="164871"
                                    WaitAtX="1838.676" WaitAtY="-4387.965" WaitAtZ="135.2332"
                                    TransportStartX="1833.509" TransportStartY="-4391.543" TransportStartZ="152.7679"
                                    TransportEndX="2062.376" TransportEndY="292.998" TransportEndZ="114.973"
                                    StandOnX="1834.961" StandOnY="-4385.694" StandOnZ="135.0334"
                                    GetOffX="2066.773" GetOffY="288.873" GetOffZ="97.03159" />
                </If>
                <If Condition="Me.MapId == 0">
                    <CustomBehavior File="ForceTrainRiding" MobId="4773" />
                    <If Condition="!HasItem(46308)">
                        <CustomBehavior File="InteractWith" MobId="4731" InteractByBuyingItemId="46308"
                                        X="2275.08" Y="237.00" Z="33.69" />
                    </If>
                    <If Condition="HasItem(46308)">
                        <CustomBehavior File="UseItem" ItemId="46308" />
                    </If>
                    <CustomBehavior File="UseTransport"
                                    TransportId="164871"
                                    WaitAtX="2070.155" WaitAtY="289.2588" WaitAtZ="97.0315"
                                    TransportStartX="2062.376" TransportStartY="292.998" TransportStartZ="114.973"
                                    TransportEndX="1833.509" TransportEndY="-4391.543" TransportEndZ="152.7679"
                                    StandOnX="2067.979" StandOnY="295.2747" StandOnZ="97.23677"
                                    GetOffX="1840.225" GetOffY="-4390.912" GetOffZ="135.2337" />
                </If>
            </If>
            <If Condition="Me.Race == WoWRace.BloodElf">
                <If Condition="Me.MapId == 1">
                    <CustomBehavior File="UseTransport"
                                    TransportId="164871"
                                    WaitAtX="1838.676" WaitAtY="-4387.965" WaitAtZ="135.2332"
                                    TransportStartX="1833.509" TransportStartY="-4391.543" TransportStartZ="152.7679"
                                    TransportEndX="2062.376" TransportEndY="292.998" TransportEndZ="114.973"
                                    StandOnX="1834.961" StandOnY="-4385.694" StandOnZ="135.0334"
                                    GetOffX="2066.773" GetOffY="288.873" GetOffZ="97.03159" />
                </If>
                <If Condition="Me.MapId == 0">

                    <MoveTo X="1805.877" Y="345.0006" Z="70.79002" />
                    <CustomBehavior File="WaitTimer" WaitTime="2000" GoalText="Waiting for  {TimeRemaining}" />
                    <CustomBehavior File="InteractWith" MobId="184503" Range="8" X="1805.877"
                                    Y="345.0006" Z="70.79002" />
                    <CustomBehavior File="ForceTrainRiding" MobId="16280" />
                    <If Condition="!HasItem(29221)">
                        <CustomBehavior File="InteractWith" MobId="16264" InteractByBuyingItemId="29221"
                                        X="9244.59" Y="-7491.566" Z="36.91401" />
                    </If>
                    <If Condition="HasItem(29221)">
                        <CustomBehavior File="UseItem" ItemId="29221" />
                    </If>
                    <MoveTo X="10021" Y="-7014" Z="49.71769" />
                    <CustomBehavior File="WaitTimer" WaitTime="2000" GoalText="Waiting for  {TimeRemaining}" />
                    <CustomBehavior File="InteractWith" MobId="184502" Range="8" X="10021"
                                    Y="-7014" Z="49.71769" />
                    <CustomBehavior File="UseTransport"
                                    TransportId="164871"
                                    WaitAtX="2070.155" WaitAtY="289.2588" WaitAtZ="97.0315"
                                    TransportStartX="2062.376" TransportStartY="292.998" TransportStartZ="114.973"
                                    TransportEndX="1833.509" TransportEndY="-4391.543" TransportEndZ="152.7679"
                                    StandOnX="2067.979" StandOnY="295.2747" StandOnZ="97.23677"
                                    GetOffX="1840.225" GetOffY="-4390.912" GetOffZ="135.2337" />
                </If>
            </If>

        </If>


        <CustomBehavior File="UserDialog" AllowBotStop="true" SoundCue="Exclamation" SoundCueInterval="1"
                        Text="Load your other profile again!" />


    </QuestOrder>
</HBProfile>
