<HBProfile xsi:noNamespaceSchemaLocation="../../Schemas/EchoQuestingSchema.xsd" xmlns:xsi="http://www.w3.org/2001/XMLSchema-instance">
	<!-- Original contribution by EchoTiger -->
	<Name>Talador ($ShortHash$)</Name>

	<DefaultNavType>Fly</DefaultNavType>

	<MinDurability>0.3</MinDurability>
	<MinFreeBagSlots>3</MinFreeBagSlots>

	<SellGrey>true</SellGrey>
	<SellWhite>true</SellWhite>
	<SellGreen>true</SellGreen>
	<SellBlue>true</SellBlue>
	<SellPurple>false</SellPurple>

	<MailGrey>false</MailGrey>
	<MailWhite>true</MailWhite>
	<MailGreen>true</MailGreen>
	<MailBlue>true</MailBlue>
	<MailPurple>true</MailPurple>

	<TargetElites>true</TargetElites>

	<AvoidMobs>
	</AvoidMobs>

	<Mailboxes>
	</Mailboxes>

	<Vendors>
	</Vendors>

	<Blackspots>
		<Blackspot X="2253.19" Y="2176.558" Z="116.7599" Radius="5.653403" /> <!-- Nadur's turned over caravan -->
	</Blackspots>

	<Blacklist>
		<Mob Name="Crater Lord Igneous" Id="81528" Flags="Pull" />
		<Mob Name="Burning Hunter" Id="78457" Flags="Pull" />
	</Blacklist>

	<QuestOrder IgnoreCheckpoints="false" >
		<!-- Check function status -->
		<Code File="RunCode" Type="Definition">
			<![CDATA[
			private static bool? profileFunctionsEnabled => (bool?)AppDomain.CurrentDomain.GetData("QuestingProfiles_FunctionsEnabled");
			private static bool IsStoreProfile(string path) => path.StartsWith("store://");
			private static string Slashify(string path) => IsStoreProfile(path) ? path.Replace(@"\", "/") : path.Replace("/", @"\");

			public __CompiledBatchClass__()
			{
				ActivateFunctions();
			}

			private static void ActivateFunctions()
			{
				if (profileFunctionsEnabled == null || profileFunctionsEnabled == false)
				{
					Bots.Professionbuddy.PBLog.Log(Colors.MediumPurple, "[Profile Message!]: ", Colors.Yellow, "Please stand by as the functions are being activated!");
					LoadProfile(@"..\..\Functions\Activate Functions.xml");
				}
			}

			private static void LoadProfile(string path)
			{
				var profile = GetNewPath(path);
				if (!IsStoreProfile(profile) && !File.Exists(profile))
				{
					Bots.Professionbuddy.PBLog.Log(Colors.MediumPurple, "[Profile Message!]: ", Colors.Yellow, "Profile does not exist.\n" + profile);
					return;
				}

				Bots.Professionbuddy.PBLog.Log(Colors.MediumPurple, "[Profile Message!]: ", Colors.Yellow, "Loading: " + profile);
				ProfileManager.LoadNew(profile, false);
			}

			private static string GetNewPath(string path)
			{
				if (IsStoreProfile(path))
					return Slashify(path);

				var currentProfile = ProfileManager.XmlLocation;
				if (IsStoreProfile(currentProfile))
					return Slashify(currentProfile + "/../" + path);

				var absolutePath = Path.Combine(Path.GetDirectoryName(currentProfile), path);
				absolutePath = Path.GetFullPath(absolutePath);
				var canonicalPath = new Uri(absolutePath).LocalPath;
				return Slashify(canonicalPath);
			}]]>
		</Code>
		<Code File="RunCode" Code="ActivateFunctions();" />
		<!-- END Check function status -->

		<If Condition="Me.IsHorde" >
			<Code File="LoadProfile" ProfileName="..\..\Questing Autoloader.xml" />
		</If>
		<!-- RunCode Methods -->
			<!-- <Code File="RunCode">
			<![CDATA[
				Bots.Professionbuddy.PBLog.Log(System.Windows.Media.Colors.MediumPurple, "> [Profile Initialization Status] ", System.Windows.Media.Colors.CornflowerBlue, "\n     Auto-Looting	:: Enabled\n     Looting	:: Enabled\n     Game Addons	:: Disabled");
				Lua.DoString("SetCVar('AutoLootDefault', 1);");
				CharacterSettings.Instance.LootMobs = true;
				CharacterSettings.Instance.Save();
				Lua.DoString("for i=1,GetNumAddOns() do local relo=false if IsAddOnLoaded(i) then relo=true DisableAddOn(i) end if relo then relo=nil ReloadUI() end end");
				await Coroutine.Sleep(1500);
				Logging.Write(System.Windows.Media.Colors.MediumPurple, "> [Ready to bot!]");
			]]>
			</Code> -->
			<Code File="RunCode" Type="Definition">
				<![CDATA[
						bool DoQuest(params uint[] questIds)
						{
							foreach (var questId in questIds)
							{
								if (HasQuest(questId) && !IsQuestCompleted(questId)) return true;
							}
							return false;
						}
						bool NeedsQuest(params uint[] questIds)
						{
							foreach (var questId in questIds)
							{
								if (!HasQuest(questId) && !IsQuestCompleted(questId)) return true;
							}
							return false;
						}
						bool NeedsBreadcrumbQuest(params uint[] questIds)
						{
							foreach (var questId in questIds)
							{
								if (IsQuestCompleted(questId)) return false;
							}
							return true;
						}
						bool QuestDone(params uint[] questIds)
						{
							foreach (var questId in questIds)
							{
								if (HasQuest(questId) && IsQuestCompleted(questId)) return true;
							}
							return false;
						}
						bool QuestFlaggedCompleted(params uint[] questIds)
						{
							foreach (var questId in questIds)
							{
								return Lua.GetReturnVal<bool>($"return IsQuestFlaggedCompleted({questId});", 0);
							}
							return false;
						}
						async Task SkipCutscene(int preWait = 3000, int postWait = 3000)
						{
					// Add detection of cutscene here.
							await Coroutine.Sleep(preWait);
					// Test and improve the working method.
							Lua.DoString("MovieFrame:StopMovie(); CinematicFrame_CancelCinematic(); StopCinematic();");
							await Coroutine.Sleep(postWait);
						}
					]]>
			</Code>
		<!-- END RunCode Methods -->


		<If Condition="NeedsQuest(34558) &amp;&amp; !IsQuestCompleted(37183)" >
			<PickUp QuestName="News from Talador" QuestId="36495" GiverName="Vindicator Maraad" GiverId="75127" X="6333.875" Y="742.8488" Z="115.8386" />
			<If Condition="QuestDone(36495) &amp;&amp; HasItem(110560)" >
				<Code File="RunCode" Code="
					await CommonCoroutines.LandAndDismount();
					Me.BagItems.FirstOrDefault(x =&gt; x.Entry == 110560).Use();
					await Coroutine.Sleep(500);
					await Coroutine.Wait(7000, () =&gt; !Me.IsCasting);
				" />
			</If>
			<TurnIn QuestName="News from Talador" QuestId="36495" TurnInName="Bodrick Grey" TurnInId="81492" X="1923.487" Y="287.116" Z="88.96603" />
			<PickUp QuestName="The Critical Path" QuestId="37183" GiverName="Bodrick Grey" GiverId="81492" X="1923.487" Y="287.116" Z="88.96603" />
			<While Condition="QuestDone(37183) &amp;&amp; Unit(81103) != null" >
				<Code File="InteractWith" MobId="81103" GossipOptions="2" PreInteractMountStrategy="Dismount" X="1867.513" Y="221.9638" Z="76.69334" TerminateWhen="Unit(81103) == null" />
			</While>
			<TurnIn QuestName="The Critical Path" QuestId="37183" TurnInName="Foreman Eksos" TurnInId="79133" X="3602.868" Y="1670.951" Z="174.4259" />
		</If>

		<PickUp QuestName="At Your Command" QuestId="34558" GiverName="Foreman Eksos" GiverId="79133" X="3602.868" Y="1670.951" Z="174.4259" />
		<While Condition="DoQuest(34558)" >
			<Code File="Misc\RunLua" Lua="LoadAddOn(&quot;Blizzard_QuestChoice&quot;);" />
			<If Condition="!Lua.GetReturnVal&lt;bool&gt;(&quot;return QuestChoiceFrame:IsVisible()&quot;, 0)" >
				<Code File="InteractWith" MobId="230665" NonCompeteDistance="0" InteractBlacklistTimeInSeconds="1" QuestId="34558" X="3604.387" Y="1673.722" Z="174.5183" />
			</If>
			<Code File="Misc\RunLua" QuestId="34558" Lua="QuestChoiceFrameOption2.OptionButton:Click()" WaitTime="1000" />
			<Code File="RunCode" Code="await SkipCutscene(1000);" />
		</While>
		<TurnIn QuestName="At Your Command" QuestId="34558" TurnInName="Foreman Eksos" TurnInId="79133" X="3602.868" Y="1670.951" Z="174.4259" />

		<PickUp QuestName="An Audience With The Archmage" QuestId="34631" GiverName="Foreman Eksos" GiverId="79133" X="3602.062" Y="1669.475" Z="175.0496" />

		<While Condition="!QuestFlaggedCompleted(35236)" >
			<Code File="InteractWith" MobId="231962" NumOfTimes="40" CollectionDistance="200" NonCompeteDistance="0" InteractByLooting="true" PreInteractMountStrategy="Dismount" TerminateWhen="IsObjectiveComplete(2, 35236) ? true : QuestFlaggedCompleted(35236)" >
				<HuntingGrounds>
					<Hotspot X="3790.825" Y="2299.017" Z="22.27626" />
					<Hotspot X="3854.258" Y="2434.292" Z="9.914267" />
					<Hotspot X="3965.372" Y="2450.995" Z="8.534468" />
				</HuntingGrounds>
			</Code>

			<Code File="KillUntilComplete" MobId="75815" TerminateWhen="IsObjectiveComplete(1, 35236) ? true : QuestFlaggedCompleted(35236)" >
				<HuntingGrounds>
					<Hotspot X="3790.825" Y="2299.017" Z="22.27626" />
					<Hotspot X="3854.258" Y="2434.292" Z="9.914267" />
					<Hotspot X="3965.372" Y="2450.995" Z="8.534468" />
				</HuntingGrounds>
			</Code>
		</While>

		<TurnIn QuestName="An Audience With The Archmage" QuestId="34631" TurnInName="Archmage Khadgar" TurnInId="80142" X="3192.327" Y="1362.953" Z="174.0173" />

		<PickUp QuestName="Making Acquaintances" QuestId="34815" GiverName="Archmage Khadgar" GiverId="80142" X="3192.327" Y="1362.953" Z="174.0173" />
		<Code File="InteractWith" MobId="230872" NonCompeteDistance="0" PreInteractMountStrategy="Dismount" InteractBlacklistTimeInSeconds="1" QuestId="34815" QuestObjectiveIndex="1" X="3391.612" Y="1030.525" Z="178.7731" />
		<TurnIn QuestName="Making Acquaintances" QuestId="34815" TurnInName="Magister Serena" TurnInId="79392" X="3198.95" Y="771.1351" Z="78.3364" />

		<PickUp QuestName="Creating the Ink" QuestId="34609" GiverName="Magister Serena" GiverId="79392" X="3198.95" Y="771.1351" Z="78.3364" />
		<PickUp QuestName="Forming the Scroll" QuestId="34612" GiverName="Magister Serena" GiverId="79392" X="3198.95" Y="771.1351" Z="78.3364" />
		<PickUp QuestName="Gathering the Spark" QuestId="34619" GiverName="Magister Serena" GiverId="79392" X="3198.95" Y="771.1351" Z="78.3364" />

		<While Condition="DoQuest(34612, 34619)" >
			<Code File="InteractWith" CollectionDistance="200" NonCompeteDistance="0" PreInteractMountStrategy="Dismount" NumOfTimes="12" TerminateWhen="!DoQuest(34612, 34619)" >
				<HuntingGrounds>
					<Hotspot X="3350.354" Y="903.3253" Z="0.9880413" />
					<Hotspot X="3285.587" Y="863.2126" Z="57.2686" />
					<Hotspot X="3268.26" Y="963.4196" Z="41.64456" />
				</HuntingGrounds>
				<PursuitList>
					<PursueUnit Id="79390" PursueWhen="DoQuest(34619)" />
					<PursueUnit Id="79330" PursueWhen="DoQuest(34612)" />
				</PursuitList>
			</Code>
		</While>

		<Code File="KillUntilComplete" MobIds="79333, 79335" QuestId="34609" >
			<HuntingGrounds>
				<Hotspot X="3350.354" Y="903.3253" Z="0.9880413" />
				<Hotspot X="3285.587" Y="863.2126" Z="57.2686" />
				<Hotspot X="3268.26" Y="963.4196" Z="41.64456" />
			</HuntingGrounds>
		</Code>

		<TurnIn QuestName="Creating the Ink" QuestId="34609" TurnInName="Magister Serena" TurnInId="79392" X="3347.853" Y="906.2322" Z="0.8040742" />
		<TurnIn QuestName="Forming the Scroll" QuestId="34612" TurnInName="Magister Serena" TurnInId="79392" X="3347.853" Y="906.2322" Z="0.8040742" />
		<TurnIn QuestName="Gathering the Spark" QuestId="34619" TurnInName="Magister Serena" TurnInId="79392" X="3347.853" Y="906.2322" Z="0.8040742" />
		<PickUp QuestName="Next Steps" QuestId="34875" GiverName="Magister Serena" GiverId="79392" X="3286.503" Y="869.3343" Z="57.83586" />
		<TurnIn QuestName="Next Steps" QuestId="34875" TurnInName="Magister Serena" TurnInId="80966" X="3591.815" Y="1679.873" Z="172.8984" />
		<RecheckCheckpoints />
		<PickUp QuestName="The Foot of the Fortress" QuestId="34908" GiverName="Magister Serena" GiverId="80966" X="3591.815" Y="1679.873" Z="172.8984" />
		<PickUp QuestName="One Step Ahead" QuestId="36801" GiverName="Sloan McCoy" GiverId="86442" X="3599.905" Y="1682.449" Z="172.9747" />

		<PickUp QuestName="Why Is The Brew Gone?" QuestId="34773" GiverName="Quartermaster O&apos;Riley" GiverId="79963" X="3573.541" Y="1684.138" Z="172.925" />
		<While Condition="DoQuest(34773)" >
			<Code File="InteractWith" CollectionDistance="200" NonCompeteDistance="0" InteractByLooting="true" PreInteractMountStrategy="Dismount" NumOfTimes="20" QuestId="34773" >
				<HuntingGrounds>
					<Hotspot X="3570.944" Y="1557.17" Z="140.5639" />
					<Hotspot X="3636.706" Y="1454.034" Z="135.724" />
					<Hotspot X="3705.331" Y="1524.542" Z="134.896" />
				</HuntingGrounds>
				<PursuitList>
					<PursueGameObject Id="230751" PursueWhen="!IsObjectiveComplete(1, 34773)" />
					<PursueGameObject Id="230752" PursueWhen="!IsObjectiveComplete(1, 34773)" />
					<PursueGameObject Id="230753" PursueWhen="!IsObjectiveComplete(2, 34773)" />
				</PursuitList>
			</Code>
		</While>
		<TurnIn QuestName="Why Is The Brew Gone?" QuestId="34773" TurnInName="Quartermaster O&apos;Riley" TurnInId="79963" X="3573.836" Y="1680.946" Z="172.9242" />

		<PickUp QuestName="Not In Your House" QuestId="34804" GiverName="Quartermaster O&apos;Riley" GiverId="79963" X="3573.836" Y="1680.946" Z="172.9242" />
		<Code File="KillUntilComplete" MobId="80058" QuestId="34804" X="3606.109" Y="1818.415" Z="214.2437" />
		<TurnIn QuestName="Not In Your House" QuestId="34804" TurnInName="Quartermaster O&apos;Riley" TurnInId="79963" X="3574.06" Y="1683.81" Z="172.9245" />

		<TurnIn QuestName="One Step Ahead" QuestId="36801" TurnInName="Vindicator Maraad" TurnInId="75803" X="3398.77" Y="2069.659" Z="160.3984" />

		<PickUp QuestName="Through the Looking Glass" QuestId="34087" GiverName="Vindicator Maraad" GiverId="75803" X="3398.77" Y="2069.659" Z="160.3984" />
		<While Condition="DoQuest(34087)" >
			<Code File="InteractWith" MobId="77335" NonCompeteDistance="0" PreInteractMountStrategy="Dismount" QuestId="34087" X="3387.499" Y="2070.666" Z="159.7278" />
			<Code File="RunCode" Code="await SkipCutscene();" />
		</While>
		<TurnIn QuestName="Through the Looking Glass" QuestId="34087" TurnInName="Vindicator Maraad" TurnInId="75803" X="3397.77" Y="2070.799" Z="160.3989" />

		<PickUp QuestName="Too Many Irons in the Fire" QuestId="34088" GiverName="Vindicator Maraad" GiverId="75803" X="3397.77" Y="2070.799" Z="160.3989" />
		<PickUp QuestName="In Short Supply" QuestId="34089" GiverName="Yrel" GiverId="75804" X="3400.512" Y="2071.123" Z="160.3996" />
		<PickUp QuestName="Thaelin&apos;s Quick Fix" QuestId="34090" GiverName="Thaelin Darkanvil" GiverId="75874" X="3391.082" Y="2070.221" Z="160.3197" />

		<Code File="KillUntilComplete" MobId="81704" QuestId="35226" QuestObjectiveIndex="3" X="4150.308" Y="2681.478" Z="23.60999" />

		<While Condition="DoQuest(34090)" >
			<While Condition="!IsObjectiveComplete(1, 34090)" >
				<MoveTo Precision="3.01" X="3365.661" Y="1867.81" Z="167.3703" />
				<Code File="ForcedDismount" />
				<Code File="UseItem" ItemId="109161" QuestId="34090" QuestObjectiveIndex="1" X="3365.661" Y="1867.81" Z="167.3703" />
			</While>
			<While Condition="!IsObjectiveComplete(2, 34090)" >
				<MoveTo Precision="3.01" X="3121.398" Y="1964.625" Z="117.0849" />
				<Code File="ForcedDismount" />
				<Code File="UseItem" ItemId="109161" QuestId="34090" QuestObjectiveIndex="2" X="3121.398" Y="1964.625" Z="117.0849" />
			</While>
			<While Condition="!IsObjectiveComplete(3, 34090)" >
				<MoveTo Precision="3.01" X="3369.766" Y="2202.75" Z="123.9832" />
				<Code File="ForcedDismount" />
				<Code File="UseItem" ItemId="109161" QuestId="34090" QuestObjectiveIndex="3" X="3369.766" Y="2202.75" Z="123.9832" />
			</While>
		</While>

		<Code File="InteractWith" MobId="225731" CollectionDistance="200" NonCompeteDistance="0" InteractByLooting="true" PreInteractMountStrategy="Dismount" QuestId="34089" QuestObjectiveIndex="1" >
			<HuntingGrounds>
				<Hotspot X="3254.085" Y="1980.219" Z="129.2642" />
				<Hotspot X="3139.591" Y="1996.539" Z="112.7896" />
				<Hotspot X="3182.466" Y="1907.268" Z="129.1862" />
			</HuntingGrounds>
		</Code>

		<Code File="KillUntilComplete" MobIds="75745, 75749, 75752, 80303" QuestId="34088" >
			<HuntingGrounds>
				<Hotspot X="3254.085" Y="1980.219" Z="129.2642" />
				<Hotspot X="3139.591" Y="1996.539" Z="112.7896" />
				<Hotspot X="3182.466" Y="1907.268" Z="129.1862" />
			</HuntingGrounds>
		</Code>

		<TurnIn QuestName="In Short Supply" QuestId="34089" TurnInName="Yrel" TurnInId="75804" X="3399.103" Y="2069.607" Z="160.3983" />
		<PickUp QuestName="Iron Them Out" QuestId="34095" GiverName="Yrel" GiverId="75804" X="3399.103" Y="2069.607" Z="160.3983" />
		<TurnIn QuestName="Too Many Irons in the Fire" QuestId="34088" TurnInName="Vindicator Maraad" TurnInId="75803" X="3399.103" Y="2069.607" Z="160.3983" />
		<PickUp QuestName="Dreadpiston" QuestId="34959" GiverName="Vindicator Maraad" GiverId="75803" X="3399.103" Y="2069.607" Z="160.3983" />
		<TurnIn QuestName="Thaelin&apos;s Quick Fix" QuestId="34090" TurnInName="Thaelin Darkanvil" TurnInId="75874" X="3393.942" Y="2069.568" Z="160.4014" />
		<RecheckCheckpoints />

		<Code File="InteractWith" MobIds="225757, 225760" Range="16" IgnoreLoSToTarget="true" CollectionDistance="200" NonCompeteDistance="0" PreInteractMountStrategy="Dismount" MovementBy="NavigatorOnly" QuestId="34095" QuestObjectiveIndex="1" >
			<HuntingGrounds>
				<Hotspot X="3268.085" Y="2282.124" Z="117.3244" />
				<Hotspot X="3267.01" Y="2310.245" Z="116.4776" />
				<Hotspot X="3323.339" Y="2490.347" Z="113.4533" />
			</HuntingGrounds>
			<!-- Perhaps try GAMEOBJECT.State != Ready with 1second blacklist since some objects aren't getting interacted with on the first pass. -->
		</Code>

		<While Condition="DoQuest(34959)" >
			<Code File="Hooks\Avoid" AvoidName="ClusterpultShot" Command="Add" ObjectType="Missile" ObjectId="162711" Radius="9" />

			<!--<Code File="Hooks\Avoid" AvoidName="RightPiston" Command="Add" ObjectType="Npc" ObjectId="162711" Radius="10"
				AvoidLocationProducer="WoWMathHelper.CalculatePointAtSide(UNIT.Location, UNIT.Rotation, 10, false)"
				AvoidWhen="UNIT.CastingSpellId == 155255 &amp;&amp; UNIT.DistanceSqr &lt; 10f*10f &amp;&amp; UNIT.IsSafelyFacing(Me.Location, 90)" />
			<Code File="Hooks\Avoid" AvoidName="LeftPiston" Command="Add" ObjectType="Npc" ObjectId="162711" Radius="10"
				AvoidLocationProducer="WoWMathHelper.CalculatePointAtSide(UNIT.Location, UNIT.Rotation, 10, true)"
				AvoidWhen="UNIT.CastingSpellId == 155243 &amp;&amp; UNIT.DistanceSqr &lt; 10f*10f &amp;&amp; UNIT.IsSafelyFacing(Me.Location, 90)" /> -->

			<Code File="KillUntilComplete" MobId="80576" QuestId="34959" X="3317.299" Y="2461.522" Z="113.5137" />
			<Code File="Hooks\Avoid" AvoidName="ClusterpultShot" Command="Remove" />

			<!-- Check and improve later
			<Code File="Hooks\Avoid" AvoidName="RightPiston" Command="Remove" />
			<Code File="Hooks\Avoid" AvoidName="LeftPiston" Command="Remove" /> -->
		</While>

		<PickUp QuestName="Dying Wish" QuestId="33973" GiverName="Ahm" GiverId="77031" X="3395.259" Y="2443.31" Z="113.3692" />
		<Code File="KillUntilComplete" MobId="76981" QuestId="33973" X="3454.736" Y="2435.257" Z="121.0499" />
		<TurnIn QuestName="Dying Wish" QuestId="33973" TurnInName="Ahm" TurnInId="77031" X="3394.07" Y="2442.411" Z="113.3693" />

		<TurnIn QuestName="Dreadpiston" QuestId="34959" TurnInName="Vindicator Maraad" TurnInId="75803" X="3399.047" Y="2070.238" Z="160.3987" />
		<TurnIn QuestName="Iron Them Out" QuestId="34095" TurnInName="Yrel" TurnInId="75804" X="3401.966" Y="2070.625" Z="160.4" />
		<RecheckCheckpoints />
		<PickUp QuestName="Burning Sky" QuestId="33740" GiverName="Crystal-Shaper Barum" GiverId="75896" X="2892.421" Y="1477.46" Z="181.6134" />
		<PickUp QuestName="Pieces of Us" QuestId="33734" GiverName="Crystal-Shaper Barum" GiverId="75896" X="2892.421" Y="1477.46" Z="181.6134" />
		<PickUp QuestName="Barum&apos;s Notes" QuestId="33761" GiverName="Barum&apos;s Notes" GiverId="225778" X="2733.445" Y="1285.219" Z="187.9957" />

		<Code File="InteractWith" MobId="225774" CollectionDistance="200" NonCompeteDistance="0" PreInteractMountStrategy="Dismount" InteractBlacklistTimeInSeconds="1" QuestId="33761" QuestObjectiveIndex="2" X="2717.7" Y="1249.052" Z="191.7944" />

		<PickUp QuestName="Pyrophobia" QuestId="33578" GiverName="Raksi" GiverId="75311" X="2681.526" Y="1201.714" Z="197.4374" />
		<Code File="KillUntilComplete" MobId="75302" QuestId="33578" X="2645.512" Y="1170.675" Z="201.3509" />
		<TurnIn QuestName="Pyrophobia" QuestId="33578" TurnInName="Raksi" TurnInId="75311" X="2679.438" Y="1200.351" Z="197.4377" />

		<PickUp QuestName="What the Draenei Found" QuestId="33579" GiverName="Raksi" GiverId="75311" X="2679.438" Y="1200.351" Z="197.4377" />

		<Code File="InteractWith" MobId="225776" CollectionDistance="200" NonCompeteDistance="0" PreInteractMountStrategy="Dismount" InteractBlacklistTimeInSeconds="1" QuestId="33761" QuestObjectiveIndex="3" X="2679.438" Y="1200.351" Z="197.4377" />
		<Code File="InteractWith" MobId="225773" CollectionDistance="200" NonCompeteDistance="0" PreInteractMountStrategy="Dismount" InteractBlacklistTimeInSeconds="1" QuestId="33761" QuestObjectiveIndex="1" X="2709.228" Y="1199.072" Z="197.4377" />

		<Code File="InteractWith" MobId="225746" NonCompeteDistance="0" InteractByLooting="true" PreInteractMountStrategy="Dismount" InteractBlacklistTimeInSeconds="1" QuestId="33734" QuestObjectiveIndex="2" X="2716.868" Y="1189.699" Z="197.4377" />
		<Code File="InteractWith" MobId="225748" NonCompeteDistance="0" InteractByLooting="true" PreInteractMountStrategy="Dismount" InteractBlacklistTimeInSeconds="1" QuestId="33734" QuestObjectiveIndex="3" X="2678.453" Y="1329.143" Z="193.705" />
		<Code File="InteractWith" MobId="225745" NonCompeteDistance="0" InteractByLooting="true" PreInteractMountStrategy="Dismount" InteractBlacklistTimeInSeconds="1" QuestId="33734" QuestObjectiveIndex="1" X="2785.158" Y="1209.126" Z="187.9956" />

		<Code File="KillUntilComplete" MobIds="75283, 75290, 85434" QuestId="33740" >
			<HuntingGrounds>
				<Hotspot X="2770.064" Y="1228.475" Z="187.9965" />
				<Hotspot X="2724.757" Y="1266.081" Z="188.0047" />
			</HuntingGrounds>
		</Code>

		<While Condition="!QuestFlaggedCompleted(34639)" >
			<Code File="InteractWith" MobId="79432" Range="5" NumOfTimes="20" PreInteractMountStrategy="Dismount" TerminateWhen="IsObjectiveComplete(2, 34639) ? true : QuestFlaggedCompleted(34639)" >
				<HuntingGrounds>
					<Hotspot X="2523.812" Y="1322.543" Z="140.6996" />
					<Hotspot X="2455.672" Y="1235.288" Z="139.4202" />
				</HuntingGrounds>
			</Code>
			<Code File="KillUntilComplete" MobId="79409" TerminateWhen="IsObjectiveComplete(1, 34639) ? true : QuestFlaggedCompleted(34639)" >
				<HuntingGrounds>
					<Hotspot X="2523.812" Y="1322.543" Z="140.6996" />
					<Hotspot X="2455.672" Y="1235.288" Z="139.4202" />
				</HuntingGrounds>
			</Code>
		</While>

		<TurnIn QuestName="Burning Sky" QuestId="33740" TurnInName="Crystal-Shaper Barum" TurnInId="75913" X="2235.199" Y="1263.304" Z="108.907" />
		<TurnIn QuestName="Pieces of Us" QuestId="33734" TurnInName="Crystal-Shaper Barum" TurnInId="75913" X="2235.199" Y="1263.304" Z="108.907" />
		<TurnIn QuestName="Barum&apos;s Notes" QuestId="33761" TurnInName="Crystal-Shaper Barum" TurnInId="75913" X="2235.199" Y="1263.304" Z="108.907" />
		<RecheckCheckpoints />

		<While Condition="DoQuest(33579)" >
			<If Condition="!Me.IsIndoors" >
				<MoveTo X="3015.34" Y="1168.395" Z="169.5593" />
			</If>
			<Code File="InteractWith" MobId="224825" NonCompeteDistance="0" IgnoreLoSToTarget="true" PreInteractMountStrategy="Dismount" InteractBlacklistTimeInSeconds="1" MovementBy="NavigatorOnly" QuestId="33579" QuestObjectiveIndex="1" X="2924.767" Y="904.8674" Z="143.8953" />
		</While>

		<If Condition="QuestDone(33579)" >
			<TurnIn QuestName="What the Draenei Found" QuestId="33579" TurnInName="Raksi" TurnInId="75469" X="2924.767" Y="904.8674" Z="143.8953" />
			<Code File="WaitTimer" WaitTime="25000" TerminateWhen="Unit(75288) != null" />
		</If>

		<PickUp QuestName="The Purge of Veil Shadar" QuestId="33580" GiverName="Shadow-Sage Iskar" GiverId="75288" X="2170.162" Y="1631.267" Z="131.3114" />
		<PickUp QuestName="Forbidden Knowledge" QuestId="33581" GiverName="Darkscryer Raastok" GiverId="75323" X="2153.184" Y="1629.708" Z="131.5264" />
		<PickUp QuestName="Kura&apos;s Vengeance" QuestId="33582" GiverName="Kura the Blind" GiverId="75324" X="2170.623" Y="1617.02" Z="131.853" />

		<While Condition="DoQuest(33582)" >
			<If Condition="!Me.IsIndoors" >
				<MoveTo X="1984.266" Y="1055.207" Z="129.2334" />
			</If>
			<Code File="KillUntilComplete" MobId="75353" QuestId="33582" X="1900.011" Y="1042.09" Z="126.1485" />
		</While>

		<Code File="InteractWith" MobIds="225511, 225514, 225508, 225505, 225513, 225515, 225506, 225507, 225509, 224836" CollectionDistance="200" NonCompeteDistance="0" InteractByLooting="true" PreInteractMountStrategy="Dismount" QuestId="33581" QuestObjectiveIndex="1" >
			<HuntingGrounds>
				<Hotspot X="2017.846" Y="1131.043" Z="114.2255" />
				<Hotspot X="1933.641" Y="1309.673" Z="128.7341" />
				<Hotspot X="1915.472" Y="1396.03" Z="121.1058" />
			</HuntingGrounds>
		</Code>

		<Code File="InteractWith" MobIds="75336, 75337" MobState="Alive" CollectionDistance="200" NonCompeteDistance="0" PreInteractMountStrategy="Dismount" QuestId="33580" QuestObjectiveIndex="1" >
			<HuntingGrounds>
				<Hotspot X="2017.846" Y="1131.043" Z="114.2255" />
				<Hotspot X="1933.641" Y="1309.673" Z="128.7341" />
				<Hotspot X="1915.472" Y="1396.03" Z="121.1058" />
			</HuntingGrounds>
		</Code>

		<TurnIn QuestName="Kura&apos;s Vengeance" QuestId="33582" TurnInName="Kura the Blind" TurnInId="75324" X="2169.275" Y="1612.49" Z="131.98" />
		<TurnIn QuestName="The Purge of Veil Shadar" QuestId="33580" TurnInName="Shadow-Sage Iskar" TurnInId="75288" X="2147.385" Y="1619.708" Z="131.4594" />
		<TurnIn QuestName="Forbidden Knowledge" QuestId="33581" TurnInName="Darkscryer Raastok" TurnInId="75323" X="2153.536" Y="1629.869" Z="131.5257" />
		<RecheckCheckpoints />
		<PickUp QuestName="Dust of the Dead" QuestId="33872" GiverName="Seer Malune" GiverId="76665" X="2413.235" Y="1934.892" Z="128.9915" />
		<PickUp QuestName="Cure of Aruunem" QuestId="33873" GiverName="Seer Malune" GiverId="76665" X="2413.235" Y="1934.892" Z="128.9915" />

		<Code File="InteractWith" MobId="226888" CollectionDistance="200" NonCompeteDistance="0" InteractByLooting="true" PreInteractMountStrategy="Dismount" QuestId="33873" QuestObjectiveIndex="1" >
			<HuntingGrounds>
				<Hotspot X="2394.516" Y="1896.277" Z="119.9568" />
				<Hotspot X="2369.236" Y="1788.813" Z="119.8805" />
				<Hotspot X="2318.186" Y="1874.594" Z="113.8394" />
				<Hotspot X="2251.478" Y="1958.561" Z="110.8513" />
				<Hotspot X="2314.473" Y="1790.143" Z="119.7732" />
			</HuntingGrounds>
		</Code>

		<Code File="KillUntilComplete" MobIds="76668, 77328, 77331" QuestId="33872" >
			<HuntingGrounds>
				<Hotspot X="2394.516" Y="1896.277" Z="119.9568" />
				<Hotspot X="2369.236" Y="1788.813" Z="119.8805" />
				<Hotspot X="2318.186" Y="1874.594" Z="113.8394" />
				<Hotspot X="2251.478" Y="1958.561" Z="110.8513" />
				<Hotspot X="2314.473" Y="1790.143" Z="119.7732" />
			</HuntingGrounds>
		</Code>

		<TurnIn QuestName="Dust of the Dead" QuestId="33872" TurnInName="Seer Malune" TurnInId="76665" X="2411.28" Y="1935.447" Z="128.992" />
		<TurnIn QuestName="Cure of Aruunem" QuestId="33873" TurnInName="Seer Malune" TurnInId="76665" X="2411.28" Y="1935.447" Z="128.992" />
		<RecheckCheckpoints />

		<PickUp QuestName="Aruumel&apos;s Rest" QuestId="33874" GiverName="Seer Malune" GiverId="76665" X="2411.28" Y="1935.447" Z="128.992" />
		<While Condition="DoQuest(33874)" >
			<MoveTo X="2231.815" Y="1724.309" Z="117.6246" />
			<Code File="UseItem" ItemId="108749" QuestId="33874" QuestObjectiveIndex="1" X="2231.815" Y="1724.309" Z="117.6246" TerminateWhen="Me.HasAura(155161)" />
			<Code File="KillUntilComplete" MobId="76824" QuestId="33874" X="2231.815" Y="1724.309" Z="117.6246" TerminateWhen="!Me.HasAura(155161) || Unit(76823, u =&gt; u.Attackable) == null" />
		</While>
		<If Condition="QuestDone(33874)" >
			<Code File="RunCode" Code="if (Me.HasAura(155161)) Me.GetAuraById(155161).TryCancelAura();" />
			<TurnIn QuestName="Aruumel&apos;s Rest" QuestId="33874" TurnInName="Seer Malune" TurnInId="76665" X="2413.364" Y="1935.033" Z="128.9917" />
		</If>

		<PickUp QuestName="A Pilgrimage Gone Awry" QuestId="34802" GiverName="Nadur" GiverId="80028" X="2270.396" Y="2175.708" Z="117.8897" />

		<Code File="KillUntilComplete" MobId="78673" QuestId="34802" QuestObjectiveIndex="3" X="2291.633" Y="2133.108" Z="110.6264" />

		<Code File="InteractWith" MobIds="230820, 230821" CollectionDistance="200" NonCompeteDistance="0" InteractByLooting="true" PreInteractMountStrategy="Dismount" QuestId="34802" QuestObjectiveIndex="2" >
			<HuntingGrounds>
				<Hotspot X="2233.211" Y="2221.465" Z="117.6665" />
				<Hotspot X="2286.66" Y="2287.849" Z="118.6817" />
				<Hotspot X="2135.811" Y="2169.158" Z="129.2557" />
			</HuntingGrounds>
		</Code>

		<Code File="KillUntilComplete" MobId="79703" QuestId="34802" QuestObjectiveIndex="1" >
			<HuntingGrounds>
				<Hotspot X="2233.211" Y="2221.465" Z="117.6665" />
				<Hotspot X="2286.66" Y="2287.849" Z="118.6817" />
				<Hotspot X="2135.811" Y="2169.158" Z="129.2557" />
			</HuntingGrounds>
		</Code>

		<TurnIn QuestName="A Pilgrimage Gone Awry" QuestId="34802" TurnInName="Nadur" TurnInId="80028" X="2269.769" Y="2174.854" Z="117.8083" />
		<TurnIn QuestName="The Foot of the Fortress" QuestId="34908" TurnInName="Magister Serena" TurnInId="80607" X="1718.943" Y="2120.432" Z="139.7615" />
		<RecheckCheckpoints />

		<PickUp QuestName="Dropping In" QuestId="34913" GiverName="Magister Serena" GiverId="80607" X="1718.943" Y="2120.432" Z="139.7615" />
		<Code File="InteractWith" MobId="230978" Range="9" IgnoreLoSToTarget="true" NonCompeteDistance="0" PreInteractMountStrategy="Dismount" QuestId="34913" QuestObjectiveIndex="1" >
			<HuntingGrounds>
				<Hotspot X="1677.12" Y="2040.371" Z="165.6756" />
				<Hotspot X="1684.954" Y="1921.003" Z="229.3672" />
				<Hotspot X="1719.307" Y="1848.202" Z="261.5942" />
			</HuntingGrounds>
		</Code>
		<Code File="InteractWith" MobId="231105" NonCompeteDistance="0" PreInteractMountStrategy="Dismount" InteractBlacklistTimeInSeconds="1" QuestId="34913" QuestObjectiveIndex="3" X="1667.344" Y="1714.365" Z="294.9077" />
		<TurnIn QuestName="Dropping In" QuestId="34913" TurnInName="Magister Serena" TurnInId="80608" X="1667.65" Y="1667.3" Z="304.68" />

		<PickUp QuestName="While We&apos;re in the Neighborhood" QuestId="34909" GiverName="Magister Serena" GiverId="80608" X="1667.65" Y="1667.3" Z="304.68" />
		<PickUp QuestName="Vicious Viziers" QuestId="34910" GiverName="Magister Serena" GiverId="80608" X="1667.65" Y="1667.3" Z="304.68" />
		<PickUp QuestName="Orbs of Power" QuestId="34911" GiverName="Magister Serena" GiverId="80608" X="1667.65" Y="1667.3" Z="304.68" />

		<Code File="InteractWith" MobId="230960" CollectionDistance="200" NonCompeteDistance="0" PreInteractMountStrategy="Dismount" QuestId="34911" QuestObjectiveIndex="1" >
			<HuntingGrounds>
				<Hotspot X="1368.717" Y="1733.219" Z="313.7177" />
				<Hotspot X="1263.717" Y="1725.872" Z="316.2419" />
				<Hotspot X="1169.55" Y="1737.496" Z="329.7241" />
				<Hotspot X="1324.74" Y="1856.383" Z="341.2288" />
				<Hotspot X="1239.231" Y="1904.649" Z="339.1684" />
			</HuntingGrounds>
		</Code>

		<Code File="KillUntilComplete" MobId="80294" QuestId="34910" QuestObjectiveIndex="1" X="1144.382" Y="1743.824" Z="332.3661" />
		<Code File="KillUntilComplete" MobId="80292" QuestId="34910" QuestObjectiveIndex="2" X="1354.263" Y="1830.931" Z="349.2659" />
		<Code File="KillUntilComplete" MobId="80295" QuestId="34910" QuestObjectiveIndex="3" X="1214.156" Y="1888.583" Z="343.6653" />

		<Code File="KillUntilComplete" MobIds="79231, 79234, 81764" QuestId="34909" >
			<HuntingGrounds>
				<Hotspot X="1368.717" Y="1733.219" Z="313.7177" />
				<Hotspot X="1263.717" Y="1725.872" Z="316.2419" />
				<Hotspot X="1169.55" Y="1737.496" Z="329.7241" />
				<Hotspot X="1324.74" Y="1856.383" Z="341.2288" />
				<Hotspot X="1239.231" Y="1904.649" Z="339.1684" />
			</HuntingGrounds>
		</Code>

		<TurnIn QuestName="While We&apos;re in the Neighborhood" QuestId="34909" TurnInName="Magister Serena" TurnInId="79392" X="1254.134" Y="1925.834" Z="338.6884" />
		<TurnIn QuestName="Vicious Viziers" QuestId="34910" TurnInName="Magister Serena" TurnInId="79392" X="1254.134" Y="1925.834" Z="338.6884" />
		<TurnIn QuestName="Orbs of Power" QuestId="34911" TurnInName="Magister Serena" TurnInId="79392" X="1254.134" Y="1925.834" Z="338.6884" />
		<RecheckCheckpoints />

		<PickUp QuestName="The Final Step" QuestId="34912" GiverName="Magister Serena" GiverId="79392" X="1254.134" Y="1925.834" Z="338.6884" />
		<While Condition="DoQuest(34912)" >
			<Code File="Hooks\DoWhen" ActivityName="CallReinforcements" AllowUseDuringCombat="true" UseWhen="HasItem(112543) &amp;&amp; Me.BagItems.FirstOrDefault(x =&gt; x.Entry == 112543).CooldownTimeLeft == TimeSpan.Zero &amp;&amp; Unit(81428) == null &amp;&amp; Unit(80335, u =&gt; u.Aggro) != null" >
				<Code File="RunCode" Code="
					SpellManager.StopCasting();
					Me.BagItems.FirstOrDefault(x =&gt; x.Entry == 112543).Use();
				" />
			</Code>
			<Code File="KillUntilComplete" MobId="80335" QuestId="34912" QuestObjectiveIndex="1" X="1183.08" Y="2007.633" Z="356.6146" />
			<Code File="Hooks\DoWhen" ActivityName="CallReinforcements" Command="Remove" />
			<Code File="InteractWith" MobId="231056" NonCompeteDistance="0" InteractByLooting="true" PreInteractMountStrategy="Dismount" InteractBlacklistTimeInSeconds="1" QuestId="34912" QuestObjectiveIndex="2" X="1177.673" Y="1997.927" Z="356.6083" />
		</While>
		<TurnIn QuestName="The Final Step" QuestId="34912" TurnInName="Magister Serena" TurnInId="79392" X="1179.22" Y="1997.649" Z="356.611" />

		<PickUp QuestName="Due Cause to Celebrate" QuestId="34711" GiverName="Magister Serena" GiverId="79392" X="1177.613" Y="2003.135" Z="356.6058" />
		<If Condition="QuestDone(34711)" >
			<Code File="WaitTimer" WaitTime="60000" TerminateWhen="Unit(80672) != null" />
		</If>
		<TurnIn QuestName="Due Cause to Celebrate" QuestId="34711" TurnInName="Magister Serena" TurnInId="80672" X="3599.78" Y="1677.85" Z="173.093" />

		<If Condition="!IsQuestCompleted(34993)" >
			<Code File="InteractWith" MobId="80672" NonCompeteDistance="0" X="3599.78" Y="1677.85" Z="173.093" TerminateWhen="IsQuestCompleted(34993)" />
			<Code File="RunCode" Code="QuestFrame.Instance.CompleteQuest();" />
		</If>

		<PickUp QuestName="Speaker for the Dead" QuestId="34701" GiverName="Vindicator Icia" GiverId="79618" X="3572.776" Y="1681.166" Z="172.9183" />
		<TurnIn QuestName="Speaker for the Dead" QuestId="34701" TurnInName="Exarch Maladaar" TurnInId="75119" X="1740.899" Y="2510.718" Z="133.6588" />
		<PickUp QuestName="Holding the Line" QuestId="34407" GiverName="Exarch Maladaar" GiverId="75119" X="1740.899" Y="2510.718" Z="133.6588" />
		<PickUp QuestName="Powering the Defenses" QuestId="34458" GiverName="Vindicator Kaluud" GiverId="81789" X="1734.989" Y="2517.639" Z="133.6588" />
		<PickUp QuestName="The Heart of Auchindoun" QuestId="33920" GiverName="Soulbinder Nyami" GiverId="78519" X="1761.425" Y="2465.228" Z="129.3726" />
		<PickUp QuestName="Disrupting the Flow" QuestId="33917" GiverName="Vindicator Nobundo" GiverId="78482" X="1806.929" Y="2451.456" Z="129.7726" />

		<Code File="KillUntilComplete" MobId="76876" QuestId="33920" QuestObjectiveIndex="1" X="1928.832" Y="2452.651" Z="134.5879" />

		<DisableBehavior Name="Pull" />

		<Code File="InteractWith" MobId="229269" NonCompeteDistance="0" InteractByLooting="true" PreInteractMountStrategy="Dismount" InteractBlacklistTimeInSeconds="1" QuestId="33920" QuestObjectiveIndex="2" X="1942.334" Y="2455.7" Z="136.0305" />

		<Code File="InteractWith" MobId="229139" CollectionDistance="200" NonCompeteDistance="0" PreInteractMountStrategy="Dismount" QuestId="33917" QuestObjectiveIndex="1" X="1901.777" Y="2495.176" Z="128.6697" />

		<EnableBehavior Name="Pull" />
	
		<Code File="KillUntilComplete" MobIds="76883, 78202, 78457" QuestId="34407" X="1871.09" Y="2454.46" Z="124.4163" />

		<TurnIn QuestName="Disrupting the Flow" QuestId="33917" TurnInName="Vindicator Nobundo" TurnInId="78482" X="1807.922" Y="2450.557" Z="129.6818" />
		<TurnIn QuestName="The Heart of Auchindoun" QuestId="33920" TurnInName="Soulbinder Nyami" TurnInId="78519" X="1763.595" Y="2461.531" Z="129.3494" />
		<TurnIn QuestName="Holding the Line" QuestId="34407" TurnInName="Exarch Maladaar" TurnInId="75119" X="1740.143" Y="2510.526" Z="133.6589" />
		<RecheckCheckpoints />

		<If Condition="QuestDone(34458)" >
			<If Condition="!Me.IsIndoors" >
				<MoveTo X="1846.074" Y="2333.084" Z="136.0103" />
				<MoveTo Nav="Run" X="1874.729" Y="2283.794" Z="102.3438" />
			</If>
			<DisableBehavior Name="Pull" />
			<TurnIn QuestName="Powering the Defenses" QuestId="34458" TurnInName="Soulbinder Tuulani" TurnInId="77737" X="1894.515" Y="2129.525" Z="77.19171" />
		</If>

		<DisableBehavior Name="Pull" />

		<PickUp QuestName="We Must Construct Additional Pylons" QuestId="34351" GiverName="Soulbinder Tuulani" GiverId="77737" X="1894.515" Y="2129.525" Z="77.19171" />
		<If Condition="NeedsQuest(33530)" >

			<PickUp QuestName="Nightmare in the Tomb" QuestId="33530" GiverName="Yuuri" GiverId="76790" X="1830.973" Y="2211.797" Z="79.53761" />
		</If>

		<Code File="InteractWith" MobId="229034" NonCompeteDistance="0" PreInteractMountStrategy="Dismount" InteractBlacklistTimeInSeconds="1" QuestId="34351" QuestObjectiveIndex="2" X="1796.034" Y="2316.735" Z="78.07319" />

		<Code File="InteractWith" MobIds="229420, 229422, 229027" NonCompeteDistance="0" InteractByLooting="true" PreInteractMountStrategy="Dismount" QuestId="34351" QuestObjectiveIndex="1" >
			<HuntingGrounds>
				<Hotspot X="1828.314" Y="2257.97" Z="76.90767" />
				<Hotspot X="1772.536" Y="2173.93" Z="63.30477" />
			</HuntingGrounds>
		</Code>

		<EnableBehavior Name="Pull" />

		<Code File="KillUntilComplete" MobId="76745" QuestId="33530" X="1731.763" Y="2153.279" Z="63.3777" />

		<TurnIn QuestName="Nightmare in the Tomb" QuestId="33530" TurnInName="Exarch Maladaar" TurnInId="75119" X="1738.406" Y="2512.491" Z="133.6588" />
		<TurnIn QuestName="We Must Construct Additional Pylons" QuestId="34351" TurnInName="Soulbinder Tuulani" TurnInId="78520" X="1748.991" Y="2541.804" Z="133.6588" />
		<PickUp QuestName="Light&apos;s Rest" QuestId="34452" GiverName="Exarch Maladaar" GiverId="75119" X="1740.927" Y="2517.245" Z="133.6587" />
		<TurnIn QuestName="Light&apos;s Rest" QuestId="34452" TurnInName="Exarch Maladaar" TurnInId="75250" X="1371.042" Y="2417.98" Z="131.7066" />
		<RecheckCheckpoints />
		<PickUp QuestName="Into the Hollow" QuestId="33958" GiverName="Soulbinder Nyami" GiverId="75256" X="1372.001" Y="2422.349" Z="131.7066" />
		<PickUp QuestName="Antivenin" QuestId="33967" GiverName="Soulbinder Tuulani" GiverId="78028" X="1372.001" Y="2422.349" Z="131.7066" />
		<PickUp QuestName="Vile Defilers" QuestId="33969" GiverName="Vindicator Namuun" GiverId="78102" X="1381.772" Y="2403.662" Z="131.7066" />

		<While Condition="DoQuest(33958, 33969)" >
			<If Condition="!Me.IsIndoors" >
				<MoveTo X="1089.248" Y="2187.757" Z="150.2249" />
			</If>
			<Code File="KillUntilComplete" MobId="75294" MovementBy="NavigatorOnly" QuestId="33958" QuestObjectiveIndex="1" X="986.5636" Y="1928.684" Z="116.7817" />
			<Code File="InteractWith" MobId="229596" NonCompeteDistance="0" InteractByLooting="true" PreInteractMountStrategy="Dismount" InteractBlacklistTimeInSeconds="1" MovementBy="NavigatorOnly" QuestId="33958" QuestObjectiveIndex="2" X="974.0639" Y="1914.934" Z="117.8797" />

			<Code File="InteractWith" MobId="228051" Range="10" CollectionDistance="200" NonCompeteDistance="0" PreInteractMountStrategy="Dismount" QuestId="33969" QuestObjectiveIndex="1" >
				<HuntingGrounds>
					<Hotspot X="1007.524" Y="1943.981" Z="117.5291" />
					<Hotspot X="924.4438" Y="1981.423" Z="141.589" />
					<Hotspot X="1072.828" Y="2145.911" Z="144.8321" />
				</HuntingGrounds>
			</Code>
		</While>

		<Code File="KillUntilComplete" MobIds="75273, 76947" QuestId="33967" >
			<HuntingGrounds>
				<Hotspot X="1246.38" Y="2277.668" Z="132.9377" />
				<Hotspot X="1144.519" Y="2230.879" Z="141.964" />
				<Hotspot X="1112.239" Y="2396.744" Z="149.1974" />
			</HuntingGrounds>
		</Code>

		<TurnIn QuestName="Vile Defilers" QuestId="33969" TurnInName="Vindicator Namuun" TurnInId="78102" X="1381.132" Y="2405.164" Z="131.7063" />
		<TurnIn QuestName="Antivenin" QuestId="33967" TurnInName="Soulbinder Tuulani" TurnInId="78028" X="1374.348" Y="2420.514" Z="131.7063" />
		<TurnIn QuestName="Into the Hollow" QuestId="33958" TurnInName="Soulbinder Nyami" TurnInId="75256" X="1374.208" Y="2424.119" Z="131.7063" />
		<RecheckCheckpoints />
		<PickUp QuestName="Scheduled Pickup" QuestId="34240" GiverName="Exarch Maladaar" GiverId="75250" X="1366.236" Y="2423.826" Z="131.7063" />

		<While Condition="!QuestFlaggedCompleted(34660)" >
			<Code File="InteractWith" MobId="79520" NumOfTimes="16" WaitTime="4500" CollectionDistance="200" NonCompeteDistance="0" PreInteractMountStrategy="Dismount" TerminateWhen="IsObjectiveComplete(1, 34660) ? true : QuestFlaggedCompleted(34660)" >
				<HuntingGrounds>
					<Hotspot X="988.0259" Y="2594.701" Z="140.5632" />
					<Hotspot X="923.4794" Y="2677.679" Z="140.0888" />
					<Hotspot X="854.2963" Y="2585.172" Z="166.8888" />
				</HuntingGrounds>
			</Code>
			<Code File="KillUntilComplete" MobId="79544" TerminateWhen="IsObjectiveComplete(2, 34660) ? true : QuestFlaggedCompleted(34660)" >
				<HuntingGrounds>
					<Hotspot X="870.0186" Y="2558.513" Z="171.9053" />
					<Hotspot X="811.6518" Y="2658.125" Z="163.7084" />
					<Hotspot X="896.7205" Y="2660.455" Z="143.8303" />
				</HuntingGrounds>
			</Code>
		</While>

		<TurnIn QuestName="Scheduled Pickup" QuestId="34240" TurnInName="Soulbinder Tuulani" TurnInId="77869" X="955.3851" Y="2825.728" Z="137.0344" />
		<PickUp QuestName="Restalaan, Captain of the Guard" QuestId="34508" GiverName="Soulbinder Tuulani" GiverId="77869" X="955.3851" Y="2825.728" Z="137.0344" />
		<PickUp QuestName="Never Forget" QuestId="34013" GiverName="Defender Artaal" GiverId="78083" X="950.893" Y="2823.332" Z="137.0344" />
		<PickUp QuestName="Payback" QuestId="34234" GiverName="Vindicator Kaluud" GiverId="78082" X="959.9283" Y="2830.176" Z="137.0506" />
		<PickUp QuestName="Invasion of the Soul Eaters" QuestId="33988" GiverName="Hastily Written Note" GiverId="227069" X="930.0865" Y="2898.561" Z="146.0828" />

		<Code File="InteractWith" MobId="227067" NonCompeteDistance="0" PreInteractMountStrategy="Dismount" InteractBlacklistTimeInSeconds="1" QuestId="33988" QuestObjectiveIndex="1" X="934.9747" Y="2895.635" Z="146.0786" />

		<Code File="InteractWith" MobId="227054" NonCompeteDistance="0" PreInteractMountStrategy="Dismount" InteractBlacklistTimeInSeconds="1" QuestId="34013" QuestObjectiveIndex="1" X="934.9747" Y="2895.635" Z="146.0786" />

		<Code File="InteractWith" MobId="227525" CollectionDistance="200" NonCompeteDistance="0" PreInteractMountStrategy="Dismount" QuestId="33988" QuestObjectiveIndex="2" >
			<HuntingGrounds>
				<Hotspot X="885.3943" Y="2906.873" Z="146.077" />
				<Hotspot X="832.3954" Y="2960.794" Z="150.3142" />
			</HuntingGrounds>
		</Code>

		<Code File="KillUntilComplete" MobIds="77901, 77426, 77022" QuestId="34234" >
			<HuntingGrounds>
				<Hotspot X="885.3943" Y="2906.873" Z="146.077" />
				<Hotspot X="832.3954" Y="2960.794" Z="150.3142" />
			</HuntingGrounds>
		</Code>

		<TurnIn QuestName="Invasion of the Soul Eaters" QuestId="33988" />

		<Code File="InteractWith" MobId="227959" NonCompeteDistance="0" IgnoreLoSToTarget="true" InteractByLooting="true" PreInteractMountStrategy="Dismount" InteractBlacklistTimeInSeconds="1" QuestId="34013" QuestObjectiveIndex="2" X="820.7292" Y="2894.534" Z="152.5105" />
		<Code File="InteractWith" MobId="227055" NonCompeteDistance="0" IgnoreLoSToTarget="true" InteractByLooting="true" PreInteractMountStrategy="Dismount" InteractBlacklistTimeInSeconds="1" QuestId="34013" QuestObjectiveIndex="3" X="892.0333" Y="2998.351" Z="152.8284" />

		<TurnIn QuestName="Payback" QuestId="34234" TurnInName="Vindicator Kaluud" TurnInId="78082" X="959.9081" Y="2826.775" Z="137.0452" />
		<TurnIn QuestName="Never Forget" QuestId="34013" TurnInName="Defender Artaal" TurnInId="78083" X="953.8052" Y="2822.728" Z="137.034" />
		<TurnIn QuestName="Restalaan, Captain of the Guard" QuestId="34508" TurnInName="Restalaan" TurnInId="77082" X="830.4753" Y="3155.329" Z="163.9474" />
		<RecheckCheckpoints />

		<PickUp QuestName="The Final Piece" QuestId="33976" GiverName="Restalaan" GiverId="77082" X="830.4753" Y="3155.329" Z="163.9474" />
		<While Condition="DoQuest(33976)" >
			<Code File="KillUntilComplete" MobId="77051" QuestId="33976" QuestObjectiveIndex="1" X="819.8958" Y="3173.137" Z="160.8737" />
			<Code File="InteractWith" MobId="229654" IgnoreLoSToTarget="true" NonCompeteDistance="0" InteractByLooting="true" PreInteractMountStrategy="Dismount" InteractBlacklistTimeInSeconds="1" QuestId="33976" QuestObjectiveIndex="2" X="817.7799" Y="3178.256" Z="160.6613" />
		</While>
		<TurnIn QuestName="The Final Piece" QuestId="33976" TurnInName="Restalaan" TurnInId="77082" X="828.9813" Y="3157.252" Z="163.9474" />

		<PickUp QuestName="Changing the Tide" QuestId="34326" GiverName="Restalaan" GiverId="77082" X="828.9813" Y="3157.252" Z="163.9474" />
		<TurnIn QuestName="Changing the Tide" QuestId="34326" TurnInName="Restalaan" TurnInId="77799" X="1407.596" Y="3242.411" Z="133.6587" />

		<PickUp QuestName="Desperate Measures" QuestId="34092" GiverName="Restalaan" GiverId="77799" X="1407.596" Y="3242.411" Z="133.6587" />
		<PickUp QuestName="Ogre Diplomacy" QuestId="35227" GiverName="Exarch Maladaar" GiverId="75392" X="1406.992" Y="3264.744" Z="133.6591" />

		<Code File="KillUntilComplete" MobId="77350" QuestId="34092" QuestObjectiveIndex="1" X="1109.97" Y="3474.358" Z="123.4246" />
		<Code File="KillUntilComplete" MobId="77349" QuestId="34092" QuestObjectiveIndex="2" X="1061.173" Y="3288.244" Z="107.9612" />
		<Code File="InteractWith" MobId="77393" NonCompeteDistance="0" PreInteractMountStrategy="Dismount" InteractBlacklistTimeInSeconds="1" QuestId="34092" QuestObjectiveIndex="3" X="1149.591" Y="3376.895" Z="114.4455" />

		<Code File="KillUntilComplete" MobIds="77362, 77352, 77402" QuestId="35227" >
			<HuntingGrounds>
				<Hotspot X="1120.118" Y="3430.375" Z="116.1041" />
				<Hotspot X="1209.341" Y="3378.142" Z="114.5602" />
				<Hotspot X="1138.127" Y="3277.812" Z="104.8595" />
				<Hotspot X="1008.524" Y="3325.225" Z="112.0275" />
			</HuntingGrounds>
		</Code>

		<TurnIn QuestName="Ogre Diplomacy" QuestId="35227" TurnInName="Exarch Maladaar" TurnInId="75392" X="1406.992" Y="3264.744" Z="133.6591" />
		<TurnIn QuestName="Desperate Measures" QuestId="34092" TurnInName="Restalaan" TurnInId="77799" X="1409.453" Y="3248.563" Z="133.6587" />
		<RecheckCheckpoints />
		<PickUp QuestName="Retribution for the Light" QuestId="35254" GiverName="Exarch Maladaar" GiverId="75392" X="1404.008" Y="3269.02" Z="133.7368" />
		<PickUp QuestName="Into the Heart of Madness" QuestId="34157" GiverName="Exarch Maladaar" GiverId="75392" X="1404.008" Y="3269.02" Z="133.7368" />
		<PickUp QuestName="Hiding in the Shadows" QuestId="34163" GiverName="Shadow Council Communicator" GiverId="227737" X="1272.667" Y="3609.898" Z="155.1915" />

		<Code File="InteractWith" MobId="227680" NonCompeteDistance="0" PreInteractMountStrategy="Dismount" InteractBlacklistTimeInSeconds="1" QuestId="34163" QuestObjectiveIndex="1" X="1357.201" Y="3581.579" Z="174.7952" />
		<Code File="InteractWith" MobId="236352" NonCompeteDistance="0" PreInteractMountStrategy="Dismount" InteractBlacklistTimeInSeconds="1" QuestId="34163" QuestObjectiveIndex="2" X="1254.554" Y="3708.117" Z="212.9038" />

		<PickUp QuestName="Book Burning" QuestId="34164" GiverName="Kor&apos;thos Dawnfury" GiverId="77629" X="1486.542" Y="3805.126" Z="176.0344" />

		<Code File="InteractWith" MobId="236353" NonCompeteDistance="0" PreInteractMountStrategy="Dismount" InteractBlacklistTimeInSeconds="1" QuestId="34163" QuestObjectiveIndex="3" X="1632.312" Y="3781.583" Z="214.624" />

		<TurnIn QuestName="Hiding in the Shadows" QuestId="34163" />

		<While Condition="DoQuest(34164)" >
			<Code File="InteractWith" MobId="227706" Range="15" NonCompeteDistance="0" PreInteractMountStrategy="Dismount" InteractBlacklistTimeInSeconds="1" QuestId="34164" QuestObjectiveIndex="1" X="1480.127" Y="3789.557" Z="176.0353" TerminateWhen="!HasItem(109259)" />
			<Code File="KillUntilComplete" MobId="79187" TerminateWhen="!DoQuest(34164) || GetItemCount(109259) &gt;= 3" >
				<HuntingGrounds>
					<Hotspot X="1582.879" Y="3823.02" Z="195.545" />
					<Hotspot X="1484.388" Y="3836.388" Z="178.6253" />
					<Hotspot X="1374.658" Y="3778.552" Z="177.3798" />
					<Hotspot X="1435.157" Y="3668.153" Z="161.4067" />
				</HuntingGrounds>
			</Code>
		</While>

		<Code File="KillUntilComplete" MobIds="77490, 77541, 79125, 79110, 79187" QuestId="35254" >
			<HuntingGrounds>
				<Hotspot X="1582.879" Y="3823.02" Z="195.545" />
				<Hotspot X="1484.388" Y="3836.388" Z="178.6253" />
				<Hotspot X="1374.658" Y="3778.552" Z="177.3798" />
				<Hotspot X="1435.157" Y="3668.153" Z="161.4067" />
			</HuntingGrounds>
		</Code>

		<TurnIn QuestName="Book Burning" QuestId="34164" TurnInName="Kor&apos;thos Dawnfury" TurnInId="77629" X="1486.229" Y="3804.645" Z="176.0346" />
		<TurnIn QuestName="Into the Heart of Madness" QuestId="34157" TurnInName="Soulbinder Nyami" TurnInId="77582" X="1499.621" Y="3973.615" Z="227.3614" />
		<RecheckCheckpoints />

		<PickUp QuestName="Destination: Unknown" QuestId="34154" GiverName="Soulbinder Nyami" GiverId="77582" X="1499.621" Y="3973.615" Z="227.3614" />
		<While Condition="DoQuest(34154)" >
			<Code File="InteractWith" MobId="227675" NonCompeteDistance="0" PreInteractMountStrategy="Dismount" InteractBlacklistTimeInSeconds="1" QuestId="34154" QuestObjectiveIndex="1" X="1516.798" Y="3986.365" Z="227.9409" />
			<Code File="KillUntilComplete" MobId="77579" QuestId="34154" QuestObjectiveIndex="2" X="443.3495" Y="506.1404" Z="243.7721" />
			<Code File="InteractWith" MobId="230146" NonCompeteDistance="0" PreInteractMountStrategy="Dismount" InteractBlacklistTimeInSeconds="1" QuestId="34154" QuestObjectiveIndex="3" X="495.9136" Y="521.079" Z="244.6995" />
		</While>

		<TurnIn QuestName="Retribution for the Light" QuestId="35254" TurnInName="Exarch Maladaar" TurnInId="77581" X="1484.325" Y="3112.149" Z="93.71863" />
		<TurnIn QuestName="Destination: Unknown" QuestId="34154" TurnInName="Soulbinder Tuulani" TurnInId="79434" X="1483.791" Y="3074.485" Z="108.9834" />

		<If Condition="!IsQuestCompleted(36512)" > <!-- Alliance only -->
			<Code File="InteractWith" MobId="79434" NonCompeteDistance="0" X="1483.791" Y="3074.485" Z="108.9834" TerminateWhen="IsQuestCompleted(36512)" />
			<Code File="RunCode" Code="QuestFrame.Instance.CompleteQuest();" />
		</If>

		<Code File="KillUntilComplete" MobIds="77490, 77541, 79125, 79110, 79187" TerminateWhen="Me.Level &gt;= 96" >
			<HuntingGrounds>
				<Hotspot X="1582.879" Y="3823.02" Z="195.545" />
				<Hotspot X="1484.388" Y="3836.388" Z="178.6253" />
				<Hotspot X="1374.658" Y="3778.552" Z="177.3798" />
				<Hotspot X="1435.157" Y="3668.153" Z="161.4067" />
			</HuntingGrounds>
		</Code>

		<Checkpoint Level="96.5" />

		<Code File="LoadProfile" ProfileName="Spires of Arak.xml" />

	</QuestOrder>
</HBProfile>