
<HBProfile xsi:noNamespaceSchemaLocation="../Schemas/EchoSchema.xsd" xmlns:xsi="http://www.w3.org/2001/XMLSchema-instance">
	<!-- Original contribution by EchoTiger -->
	<Name>Blade's Edge Mountains ($ShortHash$)</Name>

	<DefaultNavType>Fly</DefaultNavType>

	<MinDurability>0.3</MinDurability>
	<MinFreeBagSlots>3</MinFreeBagSlots>

	<SellGrey>true</SellGrey>
	<SellWhite>true</SellWhite>
	<SellGreen>true</SellGreen>
	<SellBlue>true</SellBlue>
	<SellPurple>false</SellPurple>

	<MailGrey>false</MailGrey>
	<MailWhite>true</MailWhite>
	<MailGreen>true</MailGreen>
	<MailBlue>true</MailBlue>
	<MailPurple>true</MailPurple>

	<TargetElites>true</TargetElites>

	<AvoidMobs>
	</AvoidMobs>

	<Mailboxes>
	</Mailboxes>

	<Vendors>
	</Vendors>

	<Blackspots>
		<Blackspot X="2504.572" Y="6751.896" Z="2.08597" Radius="40" /> <!-- Building in Bladespire Hold which has elite ogres in it. -->
		<Blackspot X="2635.321" Y="6720.608" Z="22.22403" Radius="40" /><!-- Building in Bladespire Hold which has elite ogres in it. -->
		<Blackspot X="2542.758" Y="6512.792" Z="3.469785" Radius="5.671772" /> <!-- Ogre oven gameobject in Bladespire Hold. -->
		<Blackspot X="2554.637" Y="6516.603" Z="3.470516" Radius="1.788519" /> <!-- Stack of steel ingots near the oven object -->
		<Blackspot X="2690.79" Y="6510.2" Z="1.401166" Radius="2.991232" /> <!-- Bonfire object in Bladespire Hold -->
		<Blackspot X="2717.156" Y="6494.496" Z="25.46581" Radius="19.69362" /> <!-- Ogre leader + elites at the top of a tower -->
		<Blackspot X="3586.542" Y="7198.214" Z="138.7457" Radius="4.231632" /> <!-- Bonfire in Boulder'mok -->
		<Blackspot X="1563.685" Y="6388.26" Z="13.01199" Radius="20" /> <!-- Huge unmeshed rock in Bloodmaul Outpost -->
		<Blackspot X="2075.72" Y="6279.31" Z="79.19583" Radius="40" /> <!-- Huge Bridge in Blade's Edge Mountain -->
		<Blackspot X="3617.462" Y="5282.754" Z="-20.83375" Radius="8" /> <!-- Huge bonfire in Gruul's Lair -->
		<Blackspot X="3719.53" Y="5413.125" Z="26.61121" Radius="8" /> <!-- Tower in Gruul's Lair that the bot gets stuck under -->
		<Blackspot X="3721.293" Y="5416.774" Z="-7.290738" Radius="17.35934" /> <!-- Tower in Gruul's Lair that the bot gets stuck under -->
		<Blackspot X="3589.057" Y="5227.293" Z="-21.73662" Radius="5" /> <!-- Bonfire in Gruul's Lair -->
	</Blackspots>

	<Blacklist>
		<Mob Name="Shattered Rumbler" Id="17157" Flags="Pull" />
	</Blacklist>

	<QuestOrder IgnoreCheckpoints="false" >
		<!-- Check function status -->
		<Code File="RunCode" Type="Definition">
			<![CDATA[
			private static bool? profileFunctionsEnabled => (bool?)AppDomain.CurrentDomain.GetData("QuestingProfiles_FunctionsEnabled");
			private static bool IsStoreProfile(string path) => path.StartsWith("store://");
			private static string Slashify(string path) => IsStoreProfile(path) ? path.Replace(@"\", "/") : path.Replace("/", @"\");

			public __CompiledBatchClass__()
			{
				ActivateFunctions();
			}

			private static void ActivateFunctions()
			{
				if (profileFunctionsEnabled == null || profileFunctionsEnabled == false)
				{
					Bots.Professionbuddy.PBLog.Log(Colors.MediumPurple, "[Profile Message!]: ", Colors.Yellow, "Please stand by as the functions are being activated!");
					LoadProfile(@"..\..\Functions\Activate Functions.xml");
				}
			}

			private static void LoadProfile(string path)
			{
				var profile = GetNewPath(path);
				if (!IsStoreProfile(profile) && !File.Exists(profile))
				{
					Bots.Professionbuddy.PBLog.Log(Colors.MediumPurple, "[Profile Message!]: ", Colors.Yellow, "Profile does not exist.\n" + profile);
					return;
				}

				Bots.Professionbuddy.PBLog.Log(Colors.MediumPurple, "[Profile Message!]: ", Colors.Yellow, "Loading: " + profile);
				ProfileManager.LoadNew(profile, false);
			}

			private static string GetNewPath(string path)
			{
				if (IsStoreProfile(path))
					return Slashify(path);

				var currentProfile = ProfileManager.XmlLocation;
				if (IsStoreProfile(currentProfile))
					return Slashify(currentProfile + "/../" + path);

				var absolutePath = Path.Combine(Path.GetDirectoryName(currentProfile), path);
				absolutePath = Path.GetFullPath(absolutePath);
				var canonicalPath = new Uri(absolutePath).LocalPath;
				return Slashify(canonicalPath);
			}]]>
		</Code>
		<Code File="RunCode" Code="ActivateFunctions();" />
		<!-- END Check function status -->

		<If Condition="Me.IsHorde" >
			<Code File="LoadProfile" ProfileName="..\..\Questing Autoloader.xml" />
		</If>
		<!-- RunCode Methods -->
			<Code File="RunCode">
			<![CDATA[
				Bots.Professionbuddy.PBLog.Log(System.Windows.Media.Colors.MediumPurple, "> [Profile Initialization Status] ", System.Windows.Media.Colors.CornflowerBlue, "\n     Auto-Looting	:: Enabled\n     Looting	:: Enabled\n     Game Addons	:: Disabled");
				Lua.DoString("SetCVar('AutoLootDefault', 1);");
				Lua.DoString("SetCVar('autoDismountFlying', 1);");
				CharacterSettings.Instance.LootMobs = true;
				CharacterSettings.Instance.Save();
				Logging.Write(System.Windows.Media.Colors.MediumPurple, "> [Ready to bot!]");
			]]>
			</Code>
			<Code File="RunCode" Type="Definition">
				<![CDATA[
						bool DoQuest(params uint[] questIds)
						{
							foreach (var questId in questIds)
							{
								if (HasQuest(questId) && !IsQuestCompleted(questId)) return true;
							}
							return false;
						}
						bool NeedsQuest(params uint[] questIds)
						{
							foreach (var questId in questIds)
							{
								if (!HasQuest(questId) && !IsQuestCompleted(questId)) return true;
							}
							return false;
						}
						bool NeedsBreadcrumbQuest(params uint[] questIds)
						{
							foreach (var questId in questIds)
							{
								if (IsQuestCompleted(questId)) return false;
							}
							return true;
						}
						bool QuestDone(params uint[] questIds)
						{
							foreach (var questId in questIds)
							{
								if (HasQuest(questId) && IsQuestCompleted(questId)) return true;
							}
							return false;
						}
						bool QuestFlaggedCompleted(params uint[] questIds)
						{
							foreach (var questId in questIds)
							{
								return Lua.GetReturnVal<bool>($"return IsQuestFlaggedCompleted({questId});", 0);
							}
							return false;
						}
						async Task SkipCutscene(int preWait = 3000, int postWait = 3000)
						{
					// Add detection of cutscene here.
							await Coroutine.Sleep(preWait);
					// Test and improve the working method.
							Lua.DoString("MovieFrame:StopMovie(); CinematicFrame_CancelCinematic(); StopCinematic();");
							await Coroutine.Sleep(postWait);
						}
					]]>
			</Code>
		<!-- END RunCode Methods -->


		<PickUp QuestName="No Time for Curiosity" QuestId="9794" GiverName="Timothy Daniels" GiverId="18019" X="977.3914" Y="7399.923" Z="29.62377" />
		<PickUp QuestName="Killing the Crawlers" QuestId="10927" GiverName="Sentinel Moonwhisper" GiverId="22488" X="1108.649" Y="7099.25" Z="122.8789" />

		<Code File="KillUntilComplete" MovementBy="NavigatorOnly" MobId="22044" QuestId="10927" >
			<HuntingGrounds>
				<Hotspot X="1196.354" Y="7007.699" Z="103.2311" />
				<Hotspot X="1287.833" Y="6957.991" Z="96.00976" />
				<Hotspot X="1368.748" Y="6857.204" Z="103.7163" />
			</HuntingGrounds>
		</Code>

		<TurnIn QuestName="No Time for Curiosity" QuestId="9794" TurnInName="Kialon Nightblade" TurnInId="18098" X="1956.58" Y="6890.602" Z="162.1588" />
		<PickUp QuestName="The Encroaching Wilderness" QuestId="10455" GiverName="Rina Moonspring" GiverId="21066" X="1977.246" Y="6879.456" Z="161.6996" />
		<PickUp QuestName="The Den Mother" QuestId="10690" GiverName="Wanted Poster" GiverId="185035" GiverType="Object" X="1973.063" Y="6862.038" Z="161.9138" />
		<TurnIn QuestName="Killing the Crawlers" QuestId="10927" TurnInName="Commander Skyshadow" TurnInId="21158" X="2011.919" Y="6876.044" Z="178.9821" />
		<PickUp QuestName="The Bloodmaul Ogres" QuestId="10502" GiverName="Commander Skyshadow" GiverId="21158" X="2006.706" Y="6867.737" Z="175.5597" />
		<PickUp QuestName="Malaise" QuestId="10555" GiverName="Daranelle" GiverId="21469" X="2033.216" Y="6835.576" Z="173.5114" />
		<PickUp QuestName="Into the Draenethyst Mine" QuestId="10510" GiverName="Bronwyn Stouthammer" GiverId="21197" X="2058.39" Y="6816.888" Z="175.5982" />
		<PickUp QuestName="Strange Brew" QuestId="10511" GiverName="Borgrim Stouthammer" GiverId="21151" X="2067.681" Y="6816.603" Z="175.5982" />

		<Code File="KillUntilComplete" MobId="21022" QuestId="10455" >
			<HuntingGrounds>
				<Hotspot X="1853.7" Y="6865.699" Z="143.8725" />
				<Hotspot X="1792.658" Y="6760.459" Z="141.1676" />
				<Hotspot X="1882.523" Y="6688.573" Z="144.1127" />
				<Hotspot X="1985.796" Y="6661.862" Z="144.5466" />
			</HuntingGrounds>
		</Code>

		<Code File="KillUntilComplete" MobIds="19944, 19945" QuestId="10555" >
			<HuntingGrounds>
				<Hotspot X="1709.371" Y="6951.642" Z="149.7616" />
				<Hotspot X="1659.402" Y="6946.901" Z="168.6859" />
				<Hotspot X="1563.516" Y="6946.328" Z="157.0407" />
				<Hotspot X="1680.903" Y="6898.268" Z="162.6349" />
			</HuntingGrounds>
		</Code>

		<TurnIn QuestName="Malaise" QuestId="10555" TurnInName="Lashh'an Tome" TurnInId="184825" TurnInType="Object" X="1611.659" Y="6986.436" Z="190.0053" />

		<PickUp QuestName="Scratches" QuestId="10556" GiverName="Lashh'an Tome" GiverId="184825" X="1611.659" Y="6986.436" Z="190.0053" />
		<While Condition="DoQuest(10556)" >
			<Code File="Hooks\DoWhen" ActivityName="KeepBirdClose" LogExecution="false" AllowUseWhileMounted="true" UseWhen="Unit(21468, u =&gt; u.DistanceSqr &gt; 40f*40f) != null" >
				<Code File="Message" Text="Waiting for bird to catch up." />
				<Code File="RunCode" Code="await CommonCoroutines.StopMoving();" />
				<Code File="WaitTimer" WaitTime="20000" TerminateWhen="Unit(21468, u =&gt; u.DistanceSqr &lt;= 10f*10f) != null" />
			</Code>
			<If Condition="!Me.HasAura(36904)" >
				<MoveTo X="1612" Y="6935.682" Z="159.1166" />
				<UseMount Value="false" />
				<Code File="ForcedDismount" />
				<Code File="UseItem" ItemId="30530" X="1612" Y="6935.682" Z="159.1166" />
			</If>
			<MoveTo Nav="Run" X="2033.539" Y="6834.712" Z="173.6138" /> <!-- Nav="Run" to keep the bird from despawning. -->
			<Code File="WaitTimer" QuestId="10556" WaitTime="30000" TerminateWhen="Unit(21468) == null" />
			<UseMount Value="true" />
			<Code File="Hooks\DoWhen" ActivityName="KeepBirdClose" Command="Remove" />
		</While>
		<TurnIn QuestName="Scratches" QuestId="10556" TurnInName="Daranelle" TurnInId="21469" X="2032.976" Y="6834.82" Z="173.5729" />

		<TurnIn QuestName="The Encroaching Wilderness" QuestId="10455" TurnInName="Rina Moonspring" TurnInId="21066" X="1977.537" Y="6878.93" Z="161.7266" />
		<PickUp QuestName="Marauding Wolves" QuestId="10456" GiverName="Rina Moonspring" GiverId="21066" X="1977.537" Y="6878.93" Z="161.7266" />

		<While Condition="DoQuest(10510)" >
			<Code File="InteractWith" MobId="184689" InteractByLooting="true" CollectionDistance="200" NumOfTimes="10" QuestId="10510" >
				<HuntingGrounds>
					<Hotspot X="1315.131" Y="6611.807" Z="-8.630937" />
					<Hotspot X="1377.458" Y="6658.234" Z="-15.78116" />
					<Hotspot X="1325.846" Y="6686.532" Z="-20.21948" />
				</HuntingGrounds>
			</Code>
		</While>

		<While Condition="DoQuest(10511)" >
			<Code File="InteractWith" MobId="184504" InteractByLooting="true" PreInteractMountStrategy="Dismount" CollectionDistance="200" NumOfTimes="22" QuestId="10511" >
				<HuntingGrounds>
					<Hotspot X="1418.462" Y="6534.436" Z="2.149551" />
					<Hotspot X="1516.69" Y="6488.604" Z="-10.33857" />
					<Hotspot X="1539.472" Y="6363.19" Z="2.344363" />
					<Hotspot X="1698.91" Y="6278.306" Z="1.216698" />
				</HuntingGrounds>
			</Code>
		</While>

		<Code File="KillUntilComplete" MobIds="19948, 19952, 19957, 19991, 19992" QuestId="10502" >
			<HuntingGrounds>
				<Hotspot X="1502.943" Y="6497.871" Z="-10.33734" />
				<Hotspot X="1418.229" Y="6539.042" Z="1.30567" />
				<Hotspot X="1563.942" Y="6334.616" Z="2.660676" />
				<Hotspot X="1757.141" Y="6479.292" Z="-0.6344715" />
				<Hotspot X="1910.628" Y="6342.045" Z="2.060792" />
			</HuntingGrounds>
		</Code>

		<Code File="KillUntilComplete" MobId="21956" QuestId="10690" X="1724.087" Y="6045.665" Z="142.9848" />

		<Code File="KillUntilComplete" MobId="20748" QuestId="10456" >
			<HuntingGrounds>
				<Hotspot X="1724.087" Y="6045.665" Z="142.9848" />
				<Hotspot X="1810.198" Y="6023.256" Z="138.0616" />
				<Hotspot X="1886.924" Y="5985.351" Z="139.8845" />
				<Hotspot X="1941.799" Y="6110.742" Z="141.435" />
				<Hotspot X="2177.212" Y="6089.775" Z="144.3745" />
			</HuntingGrounds>
		</Code>

		<TurnIn QuestName="Into the Draenethyst Mine" QuestId="10510" TurnInName="Bronwyn Stouthammer" TurnInId="21197" X="2057.319" Y="6814.31" Z="175.5971" />
		<TurnIn QuestName="Strange Brew" QuestId="10511" TurnInName="Borgrim Stouthammer" TurnInId="21151" X="2065.83" Y="6815.513" Z="175.5971" />
		<PickUp QuestName="Getting the Bladespire Tanked" QuestId="10512" GiverName="Borgrim Stouthammer" GiverId="21151" X="2065.83" Y="6815.513" Z="175.5971" />
		<TurnIn QuestName="The Bloodmaul Ogres" QuestId="10502" TurnInName="Commander Skyshadow" TurnInId="21158" X="2011.24" Y="6874.531" Z="178.409" />
		<PickUp QuestName="The Bladespire Ogres" QuestId="10504" GiverName="Commander Skyshadow" GiverId="21158" X="2011.24" Y="6874.531" Z="178.409" />
		<TurnIn QuestName="The Den Mother" QuestId="10690" TurnInName="Commander Skyshadow" TurnInId="21158" X="2011.24" Y="6874.531" Z="178.409" />
		<TurnIn QuestName="Marauding Wolves" QuestId="10456" TurnInName="Rina Moonspring" TurnInId="21066" X="2011.24" Y="6874.531" Z="178.409" />
		<RecheckCheckpoints />

		<PickUp QuestName="Protecting Our Own" QuestId="10457" GiverName="Rina Moonspring" GiverId="21066" X="1980.274" Y="6878.693" Z="161.7017" />
		<While Condition="DoQuest(10457)" >
			<Code File="InteractWith" MobId="184631" CollectionDistance="200" PreInteractMountStrategy="Dismount" NumOfTimes="10" QuestId="10457" >
				<HuntingGrounds>
					<Hotspot X="1867.359" Y="6860.893" Z="144.2193" />
					<Hotspot X="1741.273" Y="6832.231" Z="138.0091" />
					<Hotspot X="1644.193" Y="6778.617" Z="127.1193" />
				</HuntingGrounds>
			</Code>
		</While>
		<TurnIn QuestName="Protecting Our Own" QuestId="10457" TurnInName="Rina Moonspring" TurnInId="21066" X="1978.941" Y="6876.362" Z="161.8464" />

		<PickUp QuestName="A Dire Situation" QuestId="10506" GiverName="Rina Moonspring" GiverId="21066" X="1978.941" Y="6876.362" Z="161.8464" />

		<PickUp QuestName="Crystal Clear" QuestId="10608" GiverName="Nickwinkle the Metro-Gnome" GiverId="21755" X="1913.141" Y="5576.037" Z="263.5522" />
		<PickUp QuestName="Picking Up Some Power Converters" QuestId="10584" GiverName="Toshley" GiverId="21691" X="1913.143" Y="5562.343" Z="262.6727" />
		<PickUp QuestName="What Came First, the Drake or the Egg?" QuestId="10609" GiverName="Fizit &quot;Doc&quot; Clocktock" GiverId="21110" X="1943.211" Y="5540.3" Z="266.7535" />

		<PickUp QuestName="Test Flight: The Zephyrium Capacitorium" QuestId="10557" GiverName="Tally Zapnabber" GiverId="21460" X="1937.443" Y="5575.829" Z="263.476" />
		<While Condition="DoQuest(10557)" >
			<Code File="InteractWith" MobId="21461" GossipOptions="1" QuestId="10557" NonCompeteDistance="0" X="1921.586" Y="5580.826" Z="263.8941" TerminateWhen="Me.HasAura(36801)" />
			<Code File="WaitTimer" WaitTime="30000" QuestId="10557" TerminateWhen="!Me.IsFalling" />
		</While>
		<TurnIn QuestName="Test Flight: The Zephyrium Capacitorium" QuestId="10557" TurnInName="Tally Zapnabber" TurnInId="21460" X="1937.758" Y="5574.68" Z="263.4589" />
		<!-- <PickUp QuestName="Test Flight: The Singing Ridge" QuestId="10710" GiverName="Tally Zapnabber" GiverId="21460" X="1935.521" Y="5578.557" Z="263.6598" /> -->

		<While Condition="DoQuest(10584)" >
			<Code File="Hooks\DoWhen" ActivityName="UseMagnetoCollector" AllowUseDuringCombat="true" UseWhen="Me.CurrentTarget != null &amp;&amp; Me.CurrentTarget.Entry == 21729 &amp;&amp; !Me.CurrentTarget.HasAura(37136)" >
				<Code File="RunCode" Code="
					while (Me.CurrentTarget != null &amp;&amp; Me.CurrentTarget.Entry == 21729 &amp;&amp; Me.CurrentTarget.DistanceSqr &gt; 10f*10f)
					{
						Navigator.MoveTo(Me.CurrentTarget.Location);
						await Coroutine.Yield();
					}
				" />
				<Code File="UseItem" ItemId="30656" TerminateWhen="Me.CurrentTarget == null || Me.CurrentTarget.Entry != 21729 || Me.CurrentTarget.HasAura(37136)" />
				<Code File="RunCode" Code="Me.ClearTarget(); await Coroutine.Sleep(550);" />
			</Code>
			<Code File="InteractWith" MobId="184906" PreInteractMountStrategy="Dismount" CollectionDistance="200" NumOfTimes="10" QuestId="10584" TerminateWhen="Unit(21729) != null" >
				<HuntingGrounds>
					<Hotspot X="2257.262" Y="5720.675" Z="272.4239" />
					<Hotspot X="2392.334" Y="5748.995" Z="271.9818" />
					<Hotspot X="2416.929" Y="5755.042" Z="272.2046" />
				</HuntingGrounds>
			</Code>
			<Code File="Hooks\DoWhen" ActivityName="UseMagnetoCollector" Command="Remove" />
		</While>

		<TurnIn QuestName="Picking Up Some Power Converters" QuestId="10584" TurnInName="Toshley" TurnInId="21691" X="1911.77" Y="5567.009" Z="262.7339" />
		<!-- <PickUp QuestName="Ride the Lightning" QuestId="10657" GiverName="Toshley" GiverId="21691" X="1911.77" Y="5567.009" Z="262.7339" /> Doable, but not worth it -->
		<PickUp QuestName="Ridgespine Menace" QuestId="10620" GiverName="Dizzy Dina" GiverId="21824" X="1920.39" Y="5568.403" Z="263.6051" />
		<PickUp QuestName="Cutting Your Teeth" QuestId="10632" GiverName="Razak Ironsides" GiverId="21118" X="1933.024" Y="5583.414" Z="263.5183" />

		<!-- <Code File="UseItem" ItemId="30540" QuestId="10710" /> -->

		<!--
		<While Condition="DoQuest(10657)" >
			<If Condition="Unit(21461) != null" >
				<Code File="InteractWith" MobId="21461" GossipOptions="1,1" QuestId="10657" NonCompeteDistance="0" X="1921.586" Y="5580.826" Z="263.8941" TerminateWhen="Me.HasAura(36801)" />
				<Code File="WaitTimer" WaitTime="30000" QuestId="10657" TerminateWhen="!Me.IsFalling" />
			</If>

			<Code File="Hooks\DoWhen" ActivityName="UseMagnetoSphere" AllowUseDuringCombat="true" AllowUseWhileMounted="true" UseWhen="!Me.HasAura(37830) &amp;&amp; Unit(20749, u =&gt; u.Aggro) != null" >
				<Code File="RunCode" Code="Me.BagItems.FirstOrDefault(x => x.Entry == 30818).Use(); await Coroutine.Sleep(750);" />
			</Code>
			<Code File="Hooks\DoWhen" ActivityName="DampenCombat" AllowUseDuringCombat="true" AllowUseWhileMounted="true" UseWhen="Me.Combat &amp;&amp; Me.HasAura(37830) &amp;&amp; Me.HealthPercent &gt;= 70 &amp;&amp; Unit(20749, u =&gt; u.Aggro) != null" >
				<DisableBehavior Name="Combat" />
				<Code File="RunCode" Code="
					while (Unit(20749, u =&gt; u.Aggro) != null &amp;&amp; Me.HealthPercent &gt;= 70)
					{
						TreeRoot.StatusText = &quot;Absoring lightning strikes&quot;;
						await Coroutine.Sleep(1000);
						await Coroutine.Yield();
					}
				" />
				<EnableBehavior Name="Combat" />
			</Code>
			<MoveTo X="1829.5" Y="5160.065" Z="265.2214" />
			<UseMount Value="false" />
			<Code File="KillUntilComplete" MobId="20749" QuestId="10657" >
				<HuntingGrounds>
					<Hotspot X="1786.139" Y="5115.049" Z="265.3126" />
					<Hotspot X="1718.274" Y="5118.893" Z="264.9968" />
					<Hotspot X="1921.574" Y="5110.637" Z="265.276" />
					<Hotspot X="2052.384" Y="5173.372" Z="265.0731" />
				</HuntingGrounds>
			</Code>
			<UseMount Value="true" />
		</While> -->

		<While Condition="DoQuest(10609)" >
			<Code File="RunCode" Type="Definition" Code="WoWItem modulatorItem =&gt; Me.BagItems.FirstOrDefault(x =&gt; x.Entry == 30742);" />
			<Code File="Hooks\DoWhen" ActivityName="Use_Modulator" AllowUseDuringCombat="true" UseWhen="Me.CurrentTarget != null &amp;&amp; Me.CurrentTarget.Entry == 20021 &amp;&amp; modulatorItem.CooldownTimeLeft == TimeSpan.Zero" >
				<Code File="RunCode" Code="modulatorItem.Use();" />
				<Code File="WaitTimer" WaitTime="5000" />
			</Code>
			<Code File="InteractWith" MobId="184867" CollectionDistance="200" PreInteractMountStrategy="Dismount" NumOfTimes="10" QuestId="10609" >
				<HuntingGrounds>
					<Hotspot X="1809.395" Y="5631.956" Z="264.3214" />
					<Hotspot X="1697.367" Y="5648.103" Z="266.0643" />
					<Hotspot X="1657.739" Y="5536.976" Z="265.5563" />
					<Hotspot X="1559.292" Y="5458.372" Z="265.116" />
					<Hotspot X="1655.469" Y="5345.871" Z="265.9168" />
				</HuntingGrounds>
			</Code>
			<Code File="Hooks\DoWhen" ActivityName="Use_Modulator" Command="Remove" />
		</While>

		<Code File="KillUntilComplete" MobId="21189" QuestId="10608" >
			<HuntingGrounds>
				<Hotspot X="1809.395" Y="5631.956" Z="264.3214" />
				<Hotspot X="1697.367" Y="5648.103" Z="266.0643" />
				<Hotspot X="1657.739" Y="5536.976" Z="265.5563" />
				<Hotspot X="1559.292" Y="5458.372" Z="265.116" />
				<Hotspot X="1655.469" Y="5345.871" Z="265.9168" />
			</HuntingGrounds>
		</Code>

		<Code File="KillUntilComplete" MobId="20751" QuestId="10632" >
			<HuntingGrounds>
				<Hotspot X="2425.768" Y="5318.935" Z="265.5635" />
				<Hotspot X="2416.536" Y="5478.283" Z="267.2702" />
				<Hotspot X="2490.325" Y="5476.13" Z="263.8678" />
				<Hotspot X="2571.921" Y="5346.119" Z="267.4621" />
			</HuntingGrounds>
		</Code>

		<Code File="KillUntilComplete" MobId="20714" MovementBy="NavigatorOnly" QuestId="10620" >
			<HuntingGrounds>
				<Hotspot X="2388.706" Y="5293.148" Z="265.4101" />
				<Hotspot X="2461.769" Y="5220.867" Z="266.0001" />
				<Hotspot X="2436.051" Y="5183.325" Z="265.0652" />
				<Hotspot X="2341.997" Y="5154.056" Z="267.475" />
				<Hotspot X="2285.895" Y="5221.063" Z="262.2849" />
				<Hotspot X="2183.465" Y="5188.847" Z="266.1601" />
				<Hotspot X="2080.721" Y="5153.674" Z="265.0819" />
				<Hotspot X="2110.148" Y="5249.085" Z="265.7392" />
			</HuntingGrounds>
		</Code>

		<!--<TurnIn QuestName="Test Flight: The Singing Ridge" QuestId="10710" TurnInName="Tally Zapnabber" TurnInId="21460" X="1935.892" Y="5574.981" Z="263.5829" /> -->
		<TurnIn QuestName="Ridgespine Menace" QuestId="10620" TurnInName="Dizzy Dina" TurnInId="21824" X="1919.256" Y="5569.044" Z="263.6832" />
		<TurnIn QuestName="Crystal Clear" QuestId="10608" TurnInName="Nickwinkle the Metro-Gnome" TurnInId="21755" X="1914.653" Y="5576.064" Z="263.7659" />
		<!-- <PickUp QuestName="Gauging the Resonant Frequency" QuestId="10594" GiverName="Nickwinkle the Metro-Gnome" GiverId="21755" X="1914.653" Y="5576.064" Z="263.7659" /> Not worth it -->
		<TurnIn QuestName="Cutting Your Teeth" QuestId="10632" TurnInName="Razak Ironsides" TurnInId="21118" X="1905.482" Y="5583.875" Z="263.0829" />
		<TurnIn QuestName="What Came First, the Drake or the Egg?" QuestId="10609" TurnInName="Fizit &quot;Doc&quot; Clocktock" TurnInId="21110" X="1943.099" Y="5540.359" Z="266.7578" />
		<RecheckCheckpoints />

		<Code File="CombatUseItemOnV2" QuestId="10506" ItemId="30251" MobId="20058" UseWhenMobHasHealthPercent="100" MaxRangeToUseItem="5" UseItemStrategy="UseItemOncePerTargetDontDefend" RecallPetAtMobPercentHealth="100">
			<HuntingGrounds>
				<Hotspot X="1587.237" Y="6441.106" Z="-10.74809" />
				<Hotspot X="1598.867" Y="6313.943" Z="1.687308" />
				<Hotspot X="1663.694" Y="6427.807" Z="-11.23393" />
				<Hotspot X="1730.717" Y="6538.681" Z="6.11073" />
			</HuntingGrounds>
		</Code>

		<Code File="InteractWith" MobIds="19995, 19998, 20334, 21296" MobState="AliveNotInCombat" CollectionDistance="200" Range="30" PreInteractMountStrategy="Dismount" InteractByUsingItemId="30353" QuestId="10512" QuestObjectiveIndex="1" >
			<HuntingGrounds>
				<Hotspot X="2373.769" Y="6556.608" Z="1.96482" />
				<Hotspot X="2508.891" Y="6521.764" Z="-2.421333" />
				<Hotspot X="2677.635" Y="6515.455" Z="0.7304487" />
				<Hotspot X="2671.612" Y="6603.703" Z="21.79423" />
			</HuntingGrounds>
		</Code>

		<Code File="KillUntilComplete" MobIds="19995, 19998, 20334, 21296" QuestId="10504" >
			<HuntingGrounds>
				<Hotspot X="2373.769" Y="6556.608" Z="1.96482" />
				<Hotspot X="2508.891" Y="6521.764" Z="-2.421333" />
				<Hotspot X="2677.635" Y="6515.455" Z="0.7304487" />
				<Hotspot X="2671.612" Y="6603.703" Z="21.79423" />
			</HuntingGrounds>
		</Code>

		<TurnIn QuestName="Getting the Bladespire Tanked" QuestId="10512" TurnInName="Borgrim Stouthammer" TurnInId="21151" X="2067.203" Y="6817.488" Z="175.5981" />
		<TurnIn QuestName="The Bladespire Ogres" QuestId="10504" TurnInName="Commander Skyshadow" TurnInId="21158" X="2011.5" Y="6875.432" Z="178.9623" />
		<TurnIn QuestName="A Dire Situation" QuestId="10506" TurnInName="Rina Moonspring" TurnInId="21066" X="1980.546" Y="6878.686" Z="161.677" />
		<RecheckCheckpoints />

		<!-- <Checkpoint Level="67" /> -->

		<PickUp QuestName="Little Embers" QuestId="10770" GiverName="Mosswood the Ancient" GiverId="22053" X="3019.158" Y="5519.23" Z="147.6266" />
		<PickUp QuestName="From the Ashes" QuestId="10771" GiverName="Mosswood the Ancient" GiverId="22053" X="3019.158" Y="5519.23" Z="147.6266" />
		<PickUp QuestName="A Time for Negotiation..." QuestId="10682" GiverName="Tree Warden Chawn" GiverId="22007" X="2978.919" Y="5484.889" Z="143.527" />
		<PickUp QuestName="Creating the Pendant" QuestId="10567" GiverName="Timeon" GiverId="21782" X="2992.083" Y="5469.197" Z="143.6823" />
		<PickUp QuestName="A Date with Dorgok" QuestId="10795" GiverName="Commander Haephus Stonewall" GiverId="22149" X="3031.59" Y="5481.51" Z="147.2023" />
		<PickUp QuestName="Crush the Bloodmaul Camp!" QuestId="10796" GiverName="Lieutenant Fairweather" GiverId="22150" X="3036.475" Y="5481.078" Z="146.9179" />
		<PickUp QuestName="Culling the Wild" QuestId="10753" GiverName="Faradrella" GiverId="22133" X="3021.304" Y="5452.349" Z="146.995" />

		<If Condition="Me.HearthstoneAreaId != 3951" >
			<Code File="InteractWith" MobId="22922" NonCompeteDistance="0" X="3021.724" Y="5437.152" Z="146.6183" />
			<Code File="Misc\RunLua" Lua="StaticPopup1Button1:Click();" />
		</If>

		<Code File="KillUntilComplete" QuestId="10753" >
			<HuntingGrounds>
				<Hotspot X="3058.975" Y="4988.586" Z="263.9211" />
				<Hotspot X="3189.281" Y="4946.047" Z="265.4957" />
				<Hotspot X="3410.526" Y="4842.138" Z="268.9318" />
				<Hotspot X="3433.206" Y="4990.809" Z="265.2959" />
				<Hotspot X="3287.306" Y="5107.079" Z="256.3418" />
			</HuntingGrounds>
			<PursuitList>
				<PursueUnit Id="21123" PursueWhen="!IsObjectiveComplete(1, 10753)" />
				<PursueUnit Id="21124" PursueWhen="!IsObjectiveComplete(2, 10753)" />
				<PursueUnit Id="21300" PursueWhen="!IsObjectiveComplete(3, 10753)" />
			</PursuitList>
		</Code>

		<Code File="KillUntilComplete" MobId="21300" TerminateWhen="QuestDone(10810) || IsQuestCompleted(10810)" >
			<HuntingGrounds>
				<Hotspot X="3058.975" Y="4988.586" Z="263.9211" />
				<Hotspot X="3189.281" Y="4946.047" Z="265.4957" />
				<Hotspot X="3410.526" Y="4842.138" Z="268.9318" />
				<Hotspot X="3433.206" Y="4990.809" Z="265.2959" />
				<Hotspot X="3287.306" Y="5107.079" Z="256.3418" />
			</HuntingGrounds>
		</Code>

		<While Condition="DoQuest(10771)" >
			<Code File="InteractWith" MobId="185124" NonCompeteDistance="0" PreInteractMountStrategy="Dismount" InteractBlacklistTimeInSeconds="1" QuestId="10771" QuestObjectiveIndex="1" X="3600.021" Y="4958.842" Z="267.7982" />
			<Code File="InteractWith" MobId="185147" NonCompeteDistance="0" PreInteractMountStrategy="Dismount" InteractBlacklistTimeInSeconds="1" QuestId="10771" QuestObjectiveIndex="2" X="3668.407" Y="4959.818" Z="266.4637" />
			<Code File="InteractWith" MobId="185148" NonCompeteDistance="0" PreInteractMountStrategy="Dismount" InteractBlacklistTimeInSeconds="1" QuestId="10771" QuestObjectiveIndex="3" X="3735.719" Y="4963.374" Z="276.0378" />
		</While>

		<Code File="KillUntilComplete" MobId="21021" QuestId="10770" >
			<HuntingGrounds>
				<Hotspot X="3675.214" Y="4941.106" Z="264.3862" />
				<Hotspot X="3596.897" Y="4928.71" Z="268.3556" />
				<Hotspot X="3531.863" Y="4960.203" Z="267.5557" />
				<Hotspot X="3693.439" Y="5021.813" Z="267.0717" />
			</HuntingGrounds>
		</Code>

		<If Condition="QuestDone(10770) &amp;&amp; Me.HearthstoneAreaId == 3951 &amp;&amp; (Unit(21021) != null || Unit(20514) != null)" >
			<Code File="UseHearthstone" WaitForCD="false" />
		</If>

		<While Condition="DoQuest(10567)" >
			<Code File="KillUntilComplete" MobIds="19985, 19986, 19987, 20211" TerminateWhen="GetItemCount(30704) &gt;= 6 || Unit(21767) != null" >
				<HuntingGrounds>
					<Hotspot X="3162.292" Y="5341.575" Z="149.1629" />
					<Hotspot X="3284.853" Y="5326.317" Z="150.7763" />
					<Hotspot X="3340.729" Y="5309.616" Z="149.7089" />
				</HuntingGrounds>
			</Code>
			<If Condition="GetItemCount(30704) &gt;=6" >
				<MoveTo Precision="1" X="3210.931" Y="5348.21" Z="144.5383" />
				<Code File="UseItem" ItemId="30704" QuestId="10567" TerminateWhen="GetItemCount(30704) &lt; 6 || !HasItem(30704) || Unit(21767) != null" />
			</If>
			<Code File="KillUntilComplete" MobId="21767" QuestId="10567" X="3225.666" Y="5304.983" Z="146.0451" TerminateWhen="Unit(21767) == null" />
		</While>

		<TurnIn QuestName="Culling the Wild" QuestId="10753" TurnInName="Faradrella" TurnInId="22133" X="3025.146" Y="5449.054" Z="147.2616" />
		<TurnIn QuestName="Creating the Pendant" QuestId="10567" TurnInName="Timeon" TurnInId="21782" X="2995.199" Y="5472.936" Z="144.6994" />
		<PickUp QuestName="Whispers of the Raven God" QuestId="10607" GiverName="Timeon" GiverId="21782" X="2995.199" Y="5472.936" Z="144.6994" />
		<TurnIn QuestName="Damaged Mask" QuestId="10810" TurnInName="O'Mally Zapnabber" TurnInId="22020" X="2949.729" Y="5446.265" Z="145.9774" />
		<PickUp QuestName="Mystery Mask" QuestId="10812" GiverName="O'Mally Zapnabber" GiverId="22020" X="2949.729" Y="5446.265" Z="145.9774" />
		<TurnIn QuestName="Mystery Mask" QuestId="10812" TurnInName="Wildlord Antelarion" TurnInId="22127" X="2987.36" Y="5494.802" Z="143.2027" />
		<!-- <PickUp QuestName="Felsworn Gas Mask" QuestId="10819" GiverName="Wildlord Antelarion" GiverId="22127" X="2987.36" Y="5494.802" Z="143.2027" /> Not worth it due to technicalities -->
		<TurnIn QuestName="Little Embers" QuestId="10770" TurnInName="Mosswood the Ancient" TurnInId="22053" X="3018.785" Y="5519.519" Z="147.6705" />
		<TurnIn QuestName="From the Ashes" QuestId="10771" TurnInName="Mosswood the Ancient" TurnInId="22053" X="3018.785" Y="5519.519" Z="147.6705" />
		<RecheckCheckpoints />

		<While Condition="DoQuest(10682)" >
			<Code File="InteractWith" MobId="21981" GossipOptions="1" CollectionDistance="200" NonCompeteDistance="0" InteractBlacklistTimeInSeconds="1" QuestId="10682" >
				<HuntingGrounds WaypointVisitStrategy="InOrder" >
					<Hotspot X="3429.342" Y="5426.361" Z="144.6984" />
					<Hotspot X="3309.283" Y="5465.175" Z="141.9311" />
					<Hotspot X="3162.653" Y="5522.701" Z="147.3389" />
					<Hotspot X="3082.311" Y="5629.373" Z="143.4431" />
					<Hotspot X="2936.386" Y="5601.343" Z="147.176" />
					<Hotspot X="2857.215" Y="5483.241" Z="146.9716" />
					<Hotspot X="2754.81" Y="5422.604" Z="137.2167" />
				</HuntingGrounds>
			</Code>
		</While>

		<TurnIn QuestName="A Time for Negotiation..." QuestId="10682" TurnInName="Tree Warden Chawn" TurnInId="22007" X="2982.337" Y="5486.988" Z="143.781" />
		<PickUp QuestName="...and a Time for Action" QuestId="10713" GiverName="Tree Warden Chawn" GiverId="22007" X="2982.337" Y="5486.988" Z="143.781" />
		<PickUp QuestName="Poaching from Poachers" QuestId="10717" GiverName="Samia Inkling" GiverId="21983" X="2983.247" Y="5489.309" Z="143.6624" />

		<Code File="KillUntilComplete" TerminateWhen="!DoQuest(10713, 10717) &amp;&amp; (QuestDone(10719) || IsQuestCompleted(10719))" >
			<HuntingGrounds>
				<Hotspot X="3042.457" Y="5642.697" Z="143.1782" />
				<Hotspot X="3163.895" Y="5523.316" Z="147.0606" />
				<Hotspot X="3312.644" Y="5465.046" Z="141.8935" />
				<Hotspot X="2854.511" Y="5472.919" Z="147.399" />
				<Hotspot X="2757.519" Y="5433.969" Z="136.5433" />
			</HuntingGrounds>
			<PursuitList>
				<PursueUnit Id="21810" PursueWhen="!IsObjectiveComplete(1, 10713)" />
				<PursueUnit Id="21809" PursueWhen="!IsObjectiveComplete(1, 10717)" />
			</PursuitList>
		</Code>

		<TurnIn QuestName="Poaching from Poachers" QuestId="10717" TurnInName="Samia Inkling" TurnInId="21983" X="2981.167" Y="5487.856" Z="143.6302" />
		<PickUp QuestName="Whelps of the Wyrmcult" QuestId="10747" GiverName="Samia Inkling" GiverId="21983" X="2981.167" Y="5487.856" Z="143.6302" />
		<TurnIn QuestName="...and a Time for Action" QuestId="10713" TurnInName="Tree Warden Chawn" TurnInId="22007" X="2980.215" Y="5485.711" Z="143.6553" />
		<TurnIn QuestName="Did You Get The Note?" QuestId="10719" TurnInName="Tree Warden Chawn" TurnInId="22007" X="2980.215" Y="5485.711" Z="143.6553" />
		<RecheckCheckpoints />
		<PickUp QuestName="Wyrmskull Watcher" QuestId="10894" GiverName="Tree Warden Chawn" GiverId="22007" X="2980.215" Y="5485.711" Z="143.6553" />

		<!-- Felsworn stuff can go here if I decide to add it back -->

		<Code File="KillUntilComplete" MobId="20753" QuestId="10795" X="3516.389" Y="5873.751" Z="25.66873" />

		<Code File="KillUntilComplete" QuestId="10796" >
			<HuntingGrounds>
				<Hotspot X="3498.308" Y="5803.902" Z="1.250484" />
				<Hotspot X="3395.325" Y="5835.728" Z="2.634228" />
				<Hotspot X="3247.595" Y="5844.505" Z="-1.198593" />
				<Hotspot X="3175.854" Y="5774.907" Z="-7.614829" />
				<Hotspot X="3363.959" Y="5690.042" Z="-2.794554" />
				<Hotspot X="3531.041" Y="5694.397" Z="-10.33836" />
			</HuntingGrounds>
			<PursuitList>
				<PursueUnit Id="19993" PursueWhen="!IsObjectiveComplete(1, 10796)" />
				<PursueUnit Id="19994" PursueWhen="!IsObjectiveComplete(2, 10796)" />
			</PursuitList>
		</Code>

		<Code File="KillUntilComplete" MobIds="19993, 19994" TerminateWhen="QuestDone(10797) || IsQuestCompleted(10797)" >
			<HuntingGrounds>
				<Hotspot X="3498.308" Y="5803.902" Z="1.250484" />
				<Hotspot X="3395.325" Y="5835.728" Z="2.634228" />
				<Hotspot X="3247.595" Y="5844.505" Z="-1.198593" />
				<Hotspot X="3175.854" Y="5774.907" Z="-7.614829" />
				<Hotspot X="3363.959" Y="5690.042" Z="-2.794554" />
				<Hotspot X="3531.041" Y="5694.397" Z="-10.33836" />
			</HuntingGrounds>
		</Code>

		<If Condition="QuestDone(10796) &amp;&amp; (Unit(19993) != null || Unit(19994) != null)" >
			<Code File="UseHearthstone" WaitForCD="false" />
		</If>

		<TurnIn QuestName="A Date with Dorgok" QuestId="10795" TurnInName="Commander Haephus Stonewall" TurnInId="22149" X="3033.157" Y="5479.645" Z="146.9768" />
		<TurnIn QuestName="Favor of the Gronn" QuestId="10797" TurnInName="Commander Haephus Stonewall" TurnInId="22149" X="3033.157" Y="5479.645" Z="146.9768" />
		<PickUp QuestName="Pay the Baron a Visit" QuestId="10798" GiverName="Commander Haephus Stonewall" GiverId="22149" X="3033.157" Y="5479.645" Z="146.9768" />
		<TurnIn QuestName="Crush the Bloodmaul Camp!" QuestId="10796" TurnInName="Lieutenant Fairweather" TurnInId="22150" X="3034.798" Y="5480.489" Z="147.0609" />
		<TurnIn QuestName="Pay the Baron a Visit" QuestId="10798" TurnInName="Baron Sablemane" TurnInId="22103" X="2919.942" Y="5959.663" Z="2.96362" />
		<RecheckCheckpoints />
		<PickUp QuestName="Into the Churning Gulch" QuestId="10799" GiverName="Baron Sablemane" GiverId="22103" X="2919.942" Y="5959.663" Z="2.96362" />

		<Code File="KillUntilComplete" MobIds="21380, 21381" QuestId="10799" >
			<HuntingGrounds>
				<Hotspot X="2953.528" Y="6151.476" Z="8.104289" />
				<Hotspot X="2838.672" Y="6235.497" Z="8.900782" />
				<Hotspot X="2758.12" Y="6341.8" Z="4.268381" />
			</HuntingGrounds>
		</Code>

		<TurnIn QuestName="Into the Churning Gulch" QuestId="10799" TurnInName="Baron Sablemane" TurnInId="22103" X="2921.285" Y="5961.579" Z="2.758393" />
		<PickUp QuestName="Goodnight, Gronn" QuestId="10800" GiverName="Baron Sablemane" GiverId="22103" X="2919.471" Y="5960.72" Z="2.949713" />

		<While Condition="DoQuest(10800)" >
			<DisableBehavior Name="Pull" />
			<Code File="InteractWith" MobId="20216" ProactiveCombatStrategy="NoClear" InteractByUsingItemId="31403" WaitForNpcs="false" PreInteractMountStrategy="Dismount" Range="30" NonCompeteDistance="0" QuestId="10800" X="2688.172" Y="5573.924" Z="-10.72466" TerminateWhen="Unit(31403, u =&gt; u.HasAura(38510) &amp;&amp; u.IsAlive) != null" />
			<Code File="InteractWith" MobId="185152" ProactiveCombatStrategy="NoClear" InteractByLooting="true" PreInteractMountStrategy="Dismount" NonCompeteDistance="0" QuestId="10800" X="2688.172" Y="5573.924" Z="-10.72466" TerminateWhen="Unit(31403, u =&gt; !u.HasAura(38510) &amp;&amp; u.IsAlive) != null" />
			<MoveTo X="2686.816" Y="5589.49" Z="-10.94957" />
			<EnableBehavior Name="Pull" />
		</While>

		<TurnIn QuestName="Goodnight, Gronn" QuestId="10800" TurnInName="Baron Sablemane" TurnInId="22103" X="2920.613" Y="5960.468" Z="2.869594" />
		<PickUp QuestName="It's a Trap!" QuestId="10801" GiverName="Baron Sablemane" GiverId="22103" X="2920.613" Y="5960.468" Z="2.869594" />
		<TurnIn QuestName="It's a Trap!" QuestId="10801" TurnInName="Commander Haephus Stonewall" TurnInId="22149" X="3030.459" Y="5483.524" Z="147.0492" />
		<PickUp QuestName="Gorgrom the Dragon-Eater" QuestId="10802" GiverName="Commander Haephus Stonewall" GiverId="22149" X="3030.459" Y="5483.524" Z="147.0492" />
		<PickUp QuestName="Slaughter at Boulder'mok" QuestId="10803" GiverName="Lieutenant Fairweather" GiverId="22150" X="3035.147" Y="5480.356" Z="147.0061" />
		<If Condition="QuestDone(10894)" >
			<MoveTo X="3081.658" Y="6116.132" Z="132.4472" />
			<TurnIn Nav="Run" QuestName="Wyrmskull Watcher" QuestId="10894" TurnInName="Watcher Moonshade" TurnInId="22386" X="3081.658" Y="6116.132" Z="132.4472" />
		</If>

		<PickUp QuestName="Longtail is the Lynchpin" QuestId="10893" GiverName="Watcher Moonshade" GiverId="22386" X="3104.626" Y="6112.38" Z="133.7206" />
		<While Condition="DoQuest(10893)" >
			<UseMount Value="false" />
			<Code File="KillUntilComplete" MobId="22396" MovementBy="NavigatorOnly" QuestId="10893" X="3220.563" Y="6377.793" Z="123.1829" />
			<UseMount Value="true" />
		</While>
		<TurnIn QuestName="Longtail is the Lynchpin" QuestId="10893" TurnInName="Watcher Moonshade" TurnInId="22386" X="3104.215" Y="6116.591" Z="134.4794" />

		<PickUp QuestName="Meeting at the Blackwing Coven" QuestId="10722" GiverName="Watcher Moonshade" GiverId="22386" X="3104.215" Y="6116.591" Z="134.4794" />


		<While Condition="DoQuest(10607)" >
			<Code File="KillUntilComplete" MobIds="19988, 19989, 19990" QuestId="10607" TerminateWhen="Me.HasAura(37475)" >
				<HuntingGrounds>
					<Hotspot X="3589.786" Y="6652.972" Z="128.7964" />
					<Hotspot X="3616.968" Y="6570.21" Z="135.2542" />
					<Hotspot X="3726.214" Y="6641.617" Z="133.069" />
					<Hotspot X="3787.661" Y="6723.121" Z="169.6771" />
				</HuntingGrounds>
			</Code>

			<While Condition="!IsObjectiveComplete(4, 10607)" >
				<MoveTo X="3582.055" Y="6658.862" Z="128.8284" />
				<MoveTo X="3573.131" Y="6668.788" Z="128.4404" />
				<Code File="MyCTM" X="3573.131" Y="6668.788" Z="128.4404" />
				<Code File="InteractWith" MobId="184969" NonCompeteDistance="0" IgnoreLoSToTarget="true" MovementBy="None" InteractBlacklistTimeInSeconds="1" X="3573.131" Y="6668.788" Z="128.4404" TerminateWhen="!Me.HasAura(37475)" />
				<!-- Moving around the object because this quest is so broken... moving sometimes triggers it -->
			</While>
			<Code File="InteractWith" MobId="184967" NonCompeteDistance="0" InteractBlacklistTimeInSeconds="1" QuestId="10607" QuestObjectiveIndex="2" X="3625.486" Y="6544.229" Z="154.9919" TerminateWhen="!Me.HasAura(37475)" />
			<Code File="InteractWith" MobId="184968" NonCompeteDistance="0" InteractBlacklistTimeInSeconds="1" QuestId="10607" QuestObjectiveIndex="3" X="3732.287" Y="6639.402" Z="133.6656" TerminateWhen="!Me.HasAura(37475)" />
			<Code File="InteractWith" MobId="184950" NonCompeteDistance="0" InteractBlacklistTimeInSeconds="1" QuestId="10607" QuestObjectiveIndex="1" X="3784.796" Y="6727.075" Z="170.3683" TerminateWhen="!Me.HasAura(37475)" />
		</While>

		<Code File="KillUntilComplete" MobIds="19988, 19989, 19990" TerminateWhen="QuestDone(10825) || IsQuestCompleted(10825)" >
			<HuntingGrounds>
				<Hotspot X="3589.786" Y="6652.972" Z="128.7964" />
				<Hotspot X="3616.968" Y="6570.21" Z="135.2542" />
				<Hotspot X="3726.214" Y="6641.617" Z="133.069" />
				<Hotspot X="3787.661" Y="6723.121" Z="169.6771" />
			</HuntingGrounds>
		</Code>

		<While Condition="DoQuest(10722, 10747)" >
			<Code File="Hooks\DoWhen" ActivityName="NetWhelp" LogExecution="false" AllowUseDuringCombat="true" UseWhen="DoQuest(10747) &amp;&amp; Me.CurrentTarget != null &amp;&amp; Me.CurrentTarget.Entry == 21387 &amp;&amp; Me.CurrentTarget.IsAlive &amp;&amp; Me.CurrentTarget.InLineOfSight &amp;&amp; !Blacklist.Contains(Me.CurrentTarget, BlacklistFlags.Combat)" >
				<Code File="RunCode" Code="
					while (Me.CurrentTarget != null &amp;&amp; Me.CurrentTarget.Entry == 21387 &amp;&amp; Me.CurrentTarget.DistanceSqr &gt; 15f*15f)
					{
						Navigator.MoveTo(Me.CurrentTarget.Location);
						await Coroutine.Yield();
					}
					Blacklist.Add(Me.CurrentTarget, BlacklistFlags.Combat, TimeSpan.FromSeconds(10));
				" />
				<Code File="UseItem" ItemId="31129" MobId="21387" TerminateWhen="Me.CurrentTarget == null || Me.CurrentTarget.Entry != 21387 || Me.CurrentTarget.DistanceSqr &gt; 15f*15f" />
			</Code>

			<If Condition="!Me.IsIndoors" >
				<MoveTo Nav="Fly" X="3194.656" Y="7111.822" Z="176.5361" />
				<MoveTo Nav="Run" X="3150.167" Y="7093.221" Z="170.0388" />
			</If>
			<Code File="KillUntilComplete" MovementBy="NavigatorOnly" TerminateWhen="(HasItem(31122) || Me.HasAura(38157) || GetItemCount(31121) &gt;= 5) &amp;&amp; !DoQuest(10747)" >
				<HuntingGrounds>
					<Hotspot X="3156.999" Y="7053.708" Z="161.1904" />
					<Hotspot X="3113.673" Y="7066.578" Z="160.6597" />
				</HuntingGrounds>
				<PursuitList>
					<PursueUnit Id="21382" PursueWhen="GetItemCount(31121) &lt; 5 &amp;&amp; DoQuest(10722)" />
					<PursueUnit Id="21383" PursueWhen="GetItemCount(31121) &lt; 5 &amp;&amp; DoQuest(10722)" />
					<PursueUnit Id="21387" PursueWhen="DoQuest(10747)" />
				</PursuitList>
			</Code>

			<Code File="Hooks\DoWhen" ActivityName="NetWhelp" Command="Remove" />

			<If Condition="DoQuest(10722) &amp;&amp; !HasItem(31122) &amp;&amp; !Me.HasAura(38157) &amp;&amp; GetItemCount(31121) &gt;= 5" >
				<Code File="UseItem" ItemId="31121" TerminateWhen="GetItemCount(31121) &lt; 5" />
			</If>

			<If Condition="DoQuest(10722) &amp;&amp; HasItem(31122) &amp;&amp; !Me.HasAura(38157) &amp;&amp; !Me.HasAura(38157)" >
				<Code File="UseItem" ItemId="31122" />
			</If>

			<If Condition="DoQuest(10722) &amp;&amp; Me.HasAura(38157)" >
				<Code File="InteractWith" MobId="22019" NonCompeteDistance="0" GossipOptions="1,1,1,1,1" QuestId="10722" X="3056.551" Y="7077.623" Z="155.8459" TerminateWhen="!Me.HasAura(38157)" />
			</If>
		</While>

		<While Condition="DoQuest(10802)" >
			<Code File="KillUntilComplete" MobIds="21046, 21047" QuestId="10802" TerminateWhen="GetItemCount(31754) &gt;= 3" >
				<HuntingGrounds>
					<Hotspot X="3526.463" Y="7209.073" Z="140.1097" />
					<Hotspot X="3610.828" Y="7205.77" Z="138.1947" />
					<Hotspot X="3682.529" Y="7155.459" Z="142.1662" />
				</HuntingGrounds>
			</Code>

			<Code File="InteractWith" MobId="185234" NonCompeteDistance="0" PreInteractMountStrategy="Dismount" InteractBlacklistTimeInSeconds="1" GossipOptions="1" NumOfTimes="6" QuestId="10802" X="3601.976" Y="7182.378" Z="139.1847" TerminateWhen="Unit(21514) != null" />
			<Code File="WaitTimer" WaitTime="20000" TerminateWhen="Unit(21514, u =&gt; u.IsDead) != null" />
			<MoveTo X="3601.976" Y="7182.378" Z="139.1847" />
			<Code File="UseItem" ItemId="31754" QuestId="10802" QuestObjectiveIndex="1" TerminateWhen="Unit(21514) == null || !HasItem(31754)" />
		</While>

		<Code File="KillUntilComplete" QuestId="10803" >
			<HuntingGrounds>
				<Hotspot X="3526.463" Y="7209.073" Z="140.1097" />
				<Hotspot X="3610.828" Y="7205.77" Z="138.1947" />
				<Hotspot X="3682.529" Y="7155.459" Z="142.1662" />
			</HuntingGrounds>
			<PursuitList>
				<PursueUnit Id="21046" PursueWhen="!IsObjectiveComplete(1, 10803)" />
				<PursueUnit Id="21047" PursueWhen="!IsObjectiveComplete(2, 10803)" />
			</PursuitList>
		</Code>

		<If Condition="QuestDone(10803) &amp;&amp; Me.HearthstoneAreaId == 3951 &amp;&amp; (Unit(21046) != null || Unit(21047) != null)" >
			<Code File="UseHearthstone" WaitForCD="false" />
		</If>

		<TurnIn QuestName="Whispers of the Raven God" QuestId="10607" TurnInName="Timeon" TurnInId="21782" X="2997.322" Y="5471.701" Z="143.7656" />
		<TurnIn QuestName="Gorgrom the Dragon-Eater" QuestId="10802" TurnInName="Commander Haephus Stonewall" TurnInId="22149" X="3032.478" Y="5481.679" Z="147.158" />
		<PickUp QuestName="Baron Sablemane Has Requested Your Presence" QuestId="10818" GiverName="Commander Haephus Stonewall" GiverId="22149" X="3032.478" Y="5481.679" Z="147.158" />
		<TurnIn QuestName="Slaughter at Boulder'mok" QuestId="10803" TurnInName="Lieutenant Fairweather" TurnInId="22150" X="3034.826" Y="5481.327" Z="147.1375" />
		<TurnIn QuestName="Meeting at the Blackwing Coven" QuestId="10722" TurnInName="Tree Warden Chawn" TurnInId="22007" X="2978.727" Y="5483.373" Z="143.5436" />
		<PickUp QuestName="Maxnar Must Die!" QuestId="10748" GiverName="Tree Warden Chawn" GiverId="22007" X="2978.727" Y="5483.373" Z="143.5436" />
		<TurnIn QuestName="The Truth Unorbed" QuestId="10825" TurnInName="Tree Warden Chawn" TurnInId="22007" X="2978.727" Y="5483.373" Z="143.5436" />
		<PickUp QuestName="Treebole Must Know" QuestId="10829" GiverName="Tree Warden Chawn" GiverId="22007" X="2978.727" Y="5483.373" Z="143.5436" />
		<TurnIn QuestName="Whelps of the Wyrmcult" QuestId="10747" TurnInName="Samia Inkling" TurnInId="21983" X="2978.666" Y="5485.027" Z="143.5015" />
		<TurnIn QuestName="Baron Sablemane Has Requested Your Presence" QuestId="10818" TurnInName="Baron Sablemane" TurnInId="22103" X="2920.133" Y="5959.599" Z="2.951615" />
		<PickUp QuestName="Massacre at Gruul's Lair" QuestId="10805" GiverName="Baron Sablemane" GiverId="22103" X="2920.133" Y="5959.599" Z="2.951615" />
		<TurnIn QuestName="Treebole Must Know" QuestId="10829" TurnInName="Treebole" TurnInId="22215" X="3607" Y="6825.136" Z="135.3101" />
		<RecheckCheckpoints />
		<PickUp QuestName="Exorcising the Trees" QuestId="10830" GiverName="Treebole" GiverId="22215" X="3607" Y="6825.136" Z="135.3101" />

		<While Condition="DoQuest(10830)" >
			<Code File="InteractWith" MobId="182941" MovementBy="NavigatorOnly" InteractByLooting="true" CollectionDistance="200" NumOfTimes="10" QuestId="10830" TerminateWhen="GetItemCount(31495) &gt;= 5 || HasItem(31518)" >
				<HuntingGrounds>
					<Hotspot X="3762.239" Y="6711.426" Z="137.3734" />
					<Hotspot X="3772.745" Y="6727.095" Z="169.592" />
					<Hotspot X="3817.75" Y="6647.413" Z="169.673" />
					<Hotspot X="3789.823" Y="6619.802" Z="153.8309" />
					<Hotspot X="3727.779" Y="6542.318" Z="179.4349" />
					<Hotspot X="3650.274" Y="6514.013" Z="165.668" />
					<Hotspot X="3595.59" Y="6624.885" Z="130.5931" />
				</HuntingGrounds>
			</Code>

			<Code File="KillUntilComplete" MobId="21042" QuestId="10830" TerminateWhen="GetItemCount(31517) &gt;= 5 || HasItem(31518)" >
				<HuntingGrounds>
					<Hotspot X="3691.739" Y="6847.806" Z="147.1731" />
					<Hotspot X="3674.551" Y="7006.341" Z="149.2653" />
					<Hotspot X="3476.105" Y="6902.357" Z="138.2074" />
					<Hotspot X="3390.267" Y="6845.697" Z="169.3691" />
					<Hotspot X="3332.19" Y="6802.612" Z="168.3826" />
				</HuntingGrounds>
			</Code>

			<While Condition="HasItem(31495) &amp;&amp; HasItem(31517)" >
				<Code File="UseItem" ItemId="31495" TerminateWhen="(!HasItem(31495) &amp;&amp; !HasItem(31517)) || GetItemCount(31518) &gt;= 5" />
			</While>

			<While Condition="DoQuest(10830) &amp;&amp; HasItem(31518)" >
				<Code File="InteractWith" MobId="21326" MobState="Alive" PreInteractMountStrategy="Dismount" InteractByUsingItemId="31518" NumOfTimes="10" QuestId="10830" TerminateWhen="!HasItem(31518)" >
					<HuntingGrounds>
						<Hotspot X="3691.739" Y="6847.806" Z="147.1731" />
						<Hotspot X="3674.551" Y="7006.341" Z="149.2653" />
						<Hotspot X="3476.105" Y="6902.357" Z="138.2074" />
						<Hotspot X="3390.267" Y="6845.697" Z="169.3691" />
						<Hotspot X="3332.19" Y="6802.612" Z="168.3826" />
					</HuntingGrounds>
				</Code>
			</While>
		</While>

		<TurnIn QuestName="Exorcising the Trees" QuestId="10830" TurnInName="Treebole" TurnInId="22215" X="3562.08" Y="6863.218" Z="139.3384" />

		<While Condition="DoQuest(10748)" >
			<If Condition="!Me.IsIndoors" >
				<MoveTo Nav="Fly" X="3194.656" Y="7111.822" Z="176.5361" />
				<MoveTo Nav="Run" X="3150.167" Y="7093.221" Z="170.0388" />
			</If>
			<Code File="KillUntilComplete" MobId="21389" QuestId="10748" X="3110.583" Y="7012.543" Z="164.3398" />
		</While>

		<If Condition="QuestDone(10748) &amp;&amp; Me.HearthstoneAreaId == 3951 &amp;&amp; Unit(21389) != null" >
			<Code File="UseHearthstone" WaitForCD="false" />
		</If>

		<TurnIn QuestName="Maxnar Must Die!" QuestId="10748" TurnInName="Tree Warden Chawn" TurnInId="22007" X="2977.766" Y="5485.289" Z="143.4132" />

		<Code File="KillUntilComplete" MobId="20757" QuestId="10805" QuestObjectiveIndex="4" X="3704.453" Y="5242.049" Z="7.520541" />

		<Code File="KillUntilComplete" QuestId="10805" >
			<HuntingGrounds>
				<Hotspot X="3659.062" Y="5448.763" Z="-21.84786" />
				<Hotspot X="3641.245" Y="5352.788" Z="-20.65839" />
				<Hotspot X="3510.844" Y="5250.422" Z="-24.28154" />
			</HuntingGrounds>
			<PursuitList>
				<PursueUnit Id="19997" PursueWhen="!IsObjectiveComplete(1, 10805)" />
				<PursueUnit Id="19996" PursueWhen="!IsObjectiveComplete(2, 10805)" />
				<PursueUnit Id="20729" PursueWhen="!IsObjectiveComplete(3, 10805)" />
			</PursuitList>
		</Code>

		<TurnIn QuestName="Massacre at Gruul's Lair" QuestId="10805" TurnInName="Baron Sablemane" TurnInId="22103" X="2921.062" Y="5958.658" Z="2.923085" />

		<PickUp QuestName="Showdown" QuestId="10806" GiverName="Baron Sablemane" GiverId="22103" X="2920.188" Y="5959.445" Z="2.955054" />
		<While Condition="DoQuest(10806)" >
			<MoveTo X="3734.309" Y="5364.491" Z="-7.995934" />
			<Code File="UseItem" ItemId="31808" QuestId="10806" TerminateWhen="Unit(20555, u =&gt; u.IsAlive) != null" />
			<Code File="KillUntilComplete" MobId="20555" QuestId="10806" TerminateWhen="Unit(20555, u =&gt; u.IsDead) != null" />
		</While>
		<TurnIn QuestName="Showdown" QuestId="10806" TurnInName="Baron Sablemane" TurnInId="22103" X="2920.796" Y="5959.026" Z="2.928132" />

		<Code File="KillUntilComplete" MobIds="19997, 19996, 20729" MovementBy="NavigatorOnly" TerminateWhen="Me.Level &gt;= 67" >
			<HuntingGrounds>
				<Hotspot X="3659.062" Y="5448.763" Z="-21.84786" />
				<Hotspot X="3641.245" Y="5352.788" Z="-20.65839" />
				<Hotspot X="3510.844" Y="5250.422" Z="-24.28154" />
			</HuntingGrounds>
		</Code>

		<Checkpoint Level="67" />

		<Code File="DeleteItems" Ids="31535" />

		<Code File="LoadProfile" ProfileName="Netherstorm.xml" />

	</QuestOrder>
</HBProfile>