﻿<HBProfile xsi:noNamespaceSchemaLocation="../../../Schemas/QuestProfileSchema.xsd" xmlns:xsi="http://www.w3.org/2001/XMLSchema-instance">
    <Name>[N - Quest] Assault on Magnarok [Kick] ($ShortHash$)</Name>

    <MinLevel>100</MinLevel>
    <MaxLevel>1001</MaxLevel>

    <MinDurability>0.2</MinDurability>
    <MinFreeBagSlots>2</MinFreeBagSlots>

    <MailGrey>false</MailGrey>
    <MailWhite>false</MailWhite>
    <MailGreen>false</MailGreen>
    <MailBlue>true</MailBlue>
    <MailPurple>true</MailPurple>

    <SellGrey>true</SellGrey>
    <SellWhite>true</SellWhite>
    <SellGreen>true</SellGreen>
    <SellBlue>false</SellBlue>
    <SellPurple>false</SellPurple>

    <TargetElites>true</TargetElites>

    <AvoidMobs>
    </AvoidMobs>
    <Blackspots>
    </Blackspots>
	<Mailboxes>
	</Mailboxes>

	<Vendors>
	</Vendors>

    <QuestOrder>

        <LootMobs Value="true" />
        <UseMount Value="true" />
    
        <CustomBehavior File="UserSettings" KillBetweenHotspots="True" AllowedVariance="20" ArrivalTolerance="15" />
    
        <!-- Add Avoids -->
        <!-- End Avoids -->
	
		<!-- Assault on Magnarok -->
		<If Condition="!HasQuest(36826) &amp;&amp; !IsQuestCompleted(36826)" > <!-- Magnarok Area Bonus ID, Neutral -->
			<MoveTo Nav="Fly" DestName="Magnarok start location" X="7542.135" Y="3388.019" Z="149.8209" />
		</If>
    
		<UseMount Value="false" /> <!-- Change to UseFlyingMount Value="false" -->
		
		<!-- 2%
		<GameObject Name="Pillaged Caravan Goods" Entry="237298" X="6902.165" Y="3069.656" Z="124.2503" />
		<GameObject Name="Pillaged Caravan Goods" Entry="237299" X="6902.165" Y="3069.656" Z="124.2503" />
		<WoWUnit Name="Earthen Spike" Entry="87571" X="7138.548" Y="3121.214" Z="160.5703" />
		<WoWUnit Name="Acidmaw Egg" Entry="87383" X="7127.996" Y="3161.764" Z="145.0841" /> in lava
		<Vendor Name="Flamewing Skytalon" Entry="87343" Type="Repair" Nav="Fly" X="7073.643" Y="3132.47" Z="160.2753" /> dead

		
		<Vendor Name="Icecrag Mountainbreaker" Entry="87346" Type="Repair" Nav="Fly" X="7301.511" Y="3010.895" Z="164.9631" />
		<Vendor Name="Vicious Acidmaw" Entry="76905" Type="Repair" Nav="Fly" X="7251.417" Y="3092.659" Z="161.779" />
		<WoWUnit Name="Frostfire Cragstomper" Entry="87333" X="7176.241" Y="3042.746" Z="180.2309" />
		<Vendor Name="Icejaw Rockbiter" Entry="72297" Type="Repair" Nav="Fly" X="7255.45" Y="3400.133" Z="270.2451" />
		<Vendor Name="Howling Icefury" Entry="87345" Type="Repair" Nav="Fly" X="7527.497" Y="3327.709" Z="146.8028" />
		-->
		
		
		
		<PickUp Nav="Fly" QuestName="Mysterious Boots" QuestId="34464" GiverName="Mysterious Boots" GiverId="229333" GiverType="GameObject" X="7503.444" Y="3348.438" Z="150.5124" />
		
		<!-- Too hard for bot, but grants achievement if you don't use a flame, and a big bonus to Assault. It's a daily, too.  You cannot mount or flying mount with flame or you lose it
		<PickUp Nav="Fly" QuestName="Rekindling an Old Flame" QuestId="37204" GiverName="Firaga" GiverId="87971" X="7049.905" Y="2922.165" Z="186.6946" />
			<While Condition="HasQuest(37204) &amp;&amp; !IsQuestCompleted(37204)" >
				<CustomBehavior File="InteractWith" QuestId="37204" MobState="Alive" Range="5" NonCompeteDistance="0" PreInteractMountStrategy="Dismount" WaitTime="1000" 
											MobId="87966" NumOfTimes="1" CollectionDistance="30" />
			</While>
		<TurnIn Nav="Fly" QuestName="Rekindling an Old Flame" QuestId="37204" TurnInName="Firaga" TurnInId="87971" X="7049.905" Y="2922.165" Z="186.6946" />
		-->

		<CustomBehavior File="KillUntilComplete" TerminateWhen="IsQuestCompleted(36826)">
			<PursuitList>
				<PursueUnit Id="87346" PursueWhen="!UNIT.TaggedByOther" />
				<PursueUnit Id="76905" PursueWhen="!UNIT.TaggedByOther" />
				<PursueUnit Id="87333" PursueWhen="!UNIT.TaggedByOther" />
				<PursueUnit Id="72297" PursueWhen="!UNIT.TaggedByOther" />
				<PursueUnit Id="87345" PursueWhen="!UNIT.TaggedByOther" />
				<PursueUnit Id="87348" PursueWhen="!UNIT.TaggedByOther" />
				<!-- <PursueUnit Id="87356" PursueWhen="!UNIT.TaggedByOther" /> 20% Assault - 2.5M Elite - Vrok the Ancient -->
			</PursuitList>
			<HuntingGrounds>
				<Hotspot X="7542.135" Y="3388.019" Z="149.8209" /> <!-- Safe Spot -->
				
				<Hotspot X="7464.827" Y="3343.136" Z="150.5531" /> <!-- Hoarfrost - 1M Rare - 87348 -->
				<Hotspot X="7233.457" Y="3436.057" Z="265.2914" /> <!-- Gibblette the Cowardly - 1M Rare - 87352 -->
			
				<Hotspot X="7495.768" Y="3321.171" Z="152.2541" />
				<Hotspot X="7481.268" Y="3262.946" Z="155.1039" />
				<Hotspot X="7383.629" Y="3187.313" Z="157.1321" />
				<Hotspot X="7280.943" Y="3051.756" Z="162.1014" />
				<Hotspot X="7113.285" Y="2997.407" Z="178.9227" />
				<Hotspot X="7112.336" Y="3050.878" Z="176.5005" />
				<Hotspot X="6925.269" Y="3097.552" Z="123.0936" />
				<Hotspot X="6991.826" Y="3196.679" Z="164.0233" />
				<Hotspot X="6961.837" Y="3339.035" Z="165.0823" />

				<!-- <Hotspot X="7346.096" Y="3074.959" Z="151.9095" /> 1M Rare - Mother of Goren 87351 - By lava -->
				<!-- <Hotspot X="7095.749" Y="3188.745" Z="150.7147" /> Valkor 87357 -->
				<!-- <Hotspot X="7149.524" Y="3168.113" Z="145.9797" /> 978K Rare - Gorg'ak the Lava Guzzler - in LAVA -->
				<Hotspot X="6927.174" Y="3077.88" Z="128.6732" /> <!-- 1.2M Rare - The Bone Crawler -->
				<!-- <Hotspot X="6677.541" Y="3187.82" Z="259.1073" /> 2.5M Elite - Vrok the Ancient -->
				
				<Hotspot X="7542.135" Y="3388.019" Z="149.8209" /> <!-- Safe Spot -->
			</HuntingGrounds>
		</CustomBehavior>

		<UseMount Value="true" />
		
		<If Condition="HasQuest(34464)" > <!-- Mysterious Boots @ Zangarra -->
		<TurnIn Nav="Fly" QuestName="Mysterious Boots" QuestId="34464" TurnInName="Zooti Fizzlefury" TurnInId="86949" X="3194.601" Y="764.1042" Z="78.33583" />
        </If>
		
		<If Condition="Me.ZoneId == 6720" > <!-- FFR -->
			<MoveTo Nav="Fly" DestName="Magnarok no agro hearth spot" X="7542.135" Y="3388.019" Z="149.8209" /> <!-- Magnarok, FFR -->

			<If Condition="IsQuestCompleted(36826)" > <!-- Magnarok Area Bonus ID, Neutral -->
				<CustomBehavior File="ForcedDismount" />
				<CustomBehavior File="UseItem" ItemId="110560" WaitTime="15000" /> <!-- Garrison Hearthstone -->
			</If>
		</If>
		
 		<!-- Remove Avoids -->
 		<!-- End Remove Avoids -->
       
		<If Condition="Me.IsAlliance" >
			<If Condition="HasQuest(36675)" > <!-- Daily -->
		<TurnIn Nav="Fly" QuestName="Assault on Magnarok" QuestId="36675" TurnInName="Scout Valdez" TurnInId="81152" X="1949.675" Y="333.9757" Z="90.41009" />
			</If>
			<If Condition="HasQuest(38190)" > <!-- Missive -->
		<TurnIn Nav="Fly" QuestName="Missive: Assault on Magnarok" QuestId="38190" TurnInName="Scout Valdez" TurnInId="81152" X="1949.675" Y="333.9757" Z="90.41009" />
			</If>
		</If>
		
		<If Condition="Me.IsHorde" >
			<If Condition="HasQuest(36697)" > <!-- Daily -->
		<TurnIn Nav="Fly" QuestName="Assault on Magnarok" QuestId="36697" TurnInName="Shadow Hunter Ukambe" TurnInId="78495" X="5575.156" Y="4593.704" Z="141.1709" />
			</If>
			<If Condition="HasQuest(38177)" > <!-- Missive -->
		<TurnIn Nav="Fly" QuestName="Missive: Assault on Magnarok" QuestId="38177" TurnInName="Shadow Hunter Ukambe" TurnInId="78495" X="5575.156" Y="4593.704" Z="141.1709" />
			</If>
		</If>

		<CustomBehavior File="UserDialog" AllowBotStop="True" SoundCue="Exclamation" SoundCueInterval="1" Text="Done with Assault on Magnarok" />

    </QuestOrder>

</HBProfile>