﻿<HBProfile xsi:noNamespaceSchemaLocation="../../../Schemas/QuestProfileSchema.xsd" xmlns:xsi="http://www.w3.org/2001/XMLSchema-instance">
    <Name>[N - Quest] Assault on Broken Precipice [Kick] ($ShortHash$)</Name>

    <MinLevel>100</MinLevel>
    <MaxLevel>1001</MaxLevel>

    <MinDurability>0.2</MinDurability>
    <MinFreeBagSlots>2</MinFreeBagSlots>

    <MailGrey>false</MailGrey>
    <MailWhite>false</MailWhite>
    <MailGreen>false</MailGreen>
    <MailBlue>true</MailBlue>
    <MailPurple>true</MailPurple>

    <SellGrey>true</SellGrey>
    <SellWhite>true</SellWhite>
    <SellGreen>true</SellGreen>
    <SellBlue>false</SellBlue>
    <SellPurple>false</SellPurple>

    <TargetElites>true</TargetElites>

    <AvoidMobs>
    </AvoidMobs>
    <Blackspots>
    </Blackspots>
	<Mailboxes>
	</Mailboxes>

	<Vendors>
	</Vendors>

    <QuestOrder>

        <LootMobs Value="true" />
        <UseMount Value="true" />
    
        <CustomBehavior File="UserSettings" KillBetweenHotspots="True" AllowedVariance="20" ArrivalTolerance="15" />
    
        <!-- Add Avoids -->
        <!-- End Avoids -->
	
		<!-- Assault on Broken Precipice -->
		<If Condition="!HasQuest(36816) &amp;&amp; !IsQuestCompleted(36816)" > <!-- Broken Precipice Area Bonus ID, Neutral -->
			<MoveTo Nav="Fly" DestName="Broken Precipice start location" X="4004.831" Y="7168.498" Z="70.6334" />
		</If>
    
		<UseMount Value="false" /> <!-- Change to UseFlyingMount Value="false" -->
		
		<!--
		<GameObject Name="Unearthed Reliquary" Entry="237453" X="4002.272" Y="7127.98" Z="69.57723" />
		-->

		<CustomBehavior File="KillUntilComplete" TerminateWhen="IsQuestCompleted(36816)">
			<PursuitList>
				<PursueUnit Id="87788" PursueWhen="!UNIT.TaggedByOther" /> <!-- Durg Spinecrusher -->
				<PursueUnit Id="87837" PursueWhen="!UNIT.TaggedByOther" /> <!-- Bonebreaker -->
				<PursueUnit Id="83655" PursueWhen="!UNIT.TaggedByOther" /> <!-- Brokyo -->
				
				<PursueUnit Id="87638" PursueWhen="!UNIT.TaggedByOther" />
				<PursueUnit Id="83577" PursueWhen="!UNIT.TaggedByOther" />
				<PursueUnit Id="83575" PursueWhen="!UNIT.TaggedByOther" />
				<PursueUnit Id="88187" PursueWhen="!UNIT.TaggedByOther" />
				<PursueUnit Id="83570" PursueWhen="!UNIT.TaggedByOther" />
				<PursueUnit Id="83848" PursueWhen="!UNIT.TaggedByOther" />
				<PursueUnit Id="83640" PursueWhen="!UNIT.TaggedByOther" />
			</PursuitList>
			<HuntingGrounds>
				<Hotspot X="3993.496" Y="7011.649" Z="55.54868" />				
				<Hotspot X="4378.102" Y="6992.211" Z="133.2456" />
				<Hotspot X="4411.747" Y="6947.952" Z="141.3668" />
				<Hotspot X="4338.148" Y="6936.423" Z="141.3666" />
				<Hotspot X="4415.831" Y="7010.899" Z="133.3309" />
				<Hotspot X="4426.03" Y="7091.954" Z="133.3405" />
				<Hotspot X="4434.767" Y="7153.338" Z="133.4957" />
				<Hotspot X="4361.177" Y="7135.087" Z="126.9042" />
				<Hotspot X="4307.983" Y="7079.46" Z="133.246" />
				<Hotspot X="4307.497" Y="7021.301" Z="133.2451" />
				<Hotspot X="4366.983" Y="7211.648" Z="109.2443" />
				<Hotspot X="4307.798" Y="7213.661" Z="109.6893" />
				<Hotspot X="4294.329" Y="7264" Z="109.4881" />
				<Hotspot X="4254.588" Y="7209.536" Z="109.5985" />
				<Hotspot X="4188.491" Y="7258.13" Z="96.99969" />
				<Hotspot X="4126.127" Y="7308.603" Z="95.6525" />
				<Hotspot X="4132.938" Y="7167.321" Z="95.88365" />
				<Hotspot X="4001.769" Y="7094.847" Z="69.4875" />
			</HuntingGrounds>
		</CustomBehavior>

		<UseMount Value="true" />
        
		<If Condition="Me.ZoneId == 6755" > <!-- Nagrand -->
			<MoveTo Nav="Fly" DestName="Broken Precipice no agro hearth spot" X="4004.831" Y="7168.498" Z="70.6334" /> <!-- Broken Precipice, Nagrand -->

			<If Condition="IsQuestCompleted(36816)" > <!-- Broken Precipice Area Bonus ID, Neutral -->
				<CustomBehavior File="ForcedDismount" />
				<CustomBehavior File="UseItem" ItemId="110560" WaitTime="15000" /> <!-- Garrison Hearthstone -->
			</If>
		</If>
		
 		<!-- Remove Avoids -->
 		<!-- End Remove Avoids -->
       
		<If Condition="Me.IsAlliance" >
			<If Condition="HasQuest(36677)" > <!-- Daily -->
		<TurnIn Nav="Fly" QuestName="Assault on Broken Precipice" QuestId="36677" TurnInName="Scout Valdez" TurnInId="81152" X="1949.675" Y="333.9757" Z="90.41009" />
			</If>
			<If Condition="HasQuest(38193)" > <!-- Missive -->
		<TurnIn Nav="Fly" QuestName="Missive: Assault on the Broken Precipice" QuestId="38193" TurnInName="Scout Valdez" TurnInId="81152" X="1949.675" Y="333.9757" Z="90.41009" />
			</If>
		</If>
		
		<If Condition="Me.IsHorde" >
			<If Condition="HasQuest(36694)" > <!-- Daily -->
		<TurnIn Nav="Fly" QuestName="Assault on the Broken Precipice" QuestId="36694" TurnInName="Shadow Hunter Ukambe" TurnInId="78495" X="5575.156" Y="4593.704" Z="141.1709" />
			</If>
			<If Condition="HasQuest(38180)" > <!-- Missive -->
		<TurnIn Nav="Fly" QuestName="Missive: Assault on the Broken Precipice" QuestId="38180" TurnInName="Shadow Hunter Ukambe" TurnInId="78495" X="5575.156" Y="4593.704" Z="141.1709" />
			</If>
		</If>

		<CustomBehavior File="UserDialog" AllowBotStop="True" SoundCue="Exclamation" SoundCueInterval="1" Text="Done with Assault on Broken Precipice" />

    </QuestOrder>

</HBProfile>