<HBProfile xsi:noNamespaceSchemaLocation="../../Schemas/QuestProfileSchema.xsd" xmlns:xsi="http://www.w3.org/2001/XMLSchema-instance">
	<!-- Original contribution by EchoTiger -->
	<Name>Monk Class Hall Loader ($ShortHash$)</Name>

	<MinDurability>0.3</MinDurability>
	<MinFreeBagSlots>3</MinFreeBagSlots>

	<SellGrey>true</SellGrey>
	<SellWhite>true</SellWhite>
	<SellGreen>true</SellGreen>
	<SellBlue>true</SellBlue>
	<SellPurple>false</SellPurple>

	<MailGrey>false</MailGrey>
	<MailWhite>true</MailWhite>
	<MailGreen>true</MailGreen>
	<MailBlue>true</MailBlue>
	<MailPurple>true</MailPurple>

	<TargetElites>true</TargetElites>

	<Vendors>
	</Vendors>

<!-- INITORDER COMMENT 
	<InitOrder>
		Perhaps add detection for loading the class hall if player hasn't unlocked this zone yet.
		<Code File="Misc\RunLua" Lua="SetCVar('AutoLootDefault', 1)" />

		<Code File="EnablePlugin" Names="Anti Drown" />
		<Code File="EnablePlugin" Names="Refreshment Detection" />

		<Code File="Misc\ProfileCompatibilityInfo" AllowBrokenAddOns="true" AllowBrokenPlugIns="true" />

		<LootMobs Value="true" />
		<TargetingDistance Value="45" /> Use LevelBot default
	</InitOrder>
END INITORDER COMMENT -->

	<QuestOrder> <!-- No checkpoints here. -->
		<!-- Check function status -->
		<Code File="RunCode" Type="Definition">
			<![CDATA[
			private static bool? profileFunctionsEnabled => (bool?)AppDomain.CurrentDomain.GetData("QuestingProfiles_FunctionsEnabled");
			private static bool IsStoreProfile(string path) => path.StartsWith("store://");
			private static string Slashify(string path) => IsStoreProfile(path) ? path.Replace(@"\", "/") : path.Replace("/", @"\");

			public __CompiledBatchClass__()
			{
				ActivateFunctions();
			}

			private static void ActivateFunctions()
			{
				if (profileFunctionsEnabled == null || profileFunctionsEnabled == false)
				{
					Bots.Professionbuddy.PBLog.Log(Colors.MediumPurple, "[Profile Message!]: ", Colors.Yellow, "Please stand by as the functions are being activated!");
					LoadProfile(@"..\..\..\Functions\Activate Functions.xml");
				}
			}

			private static void LoadProfile(string path)
			{
				var profile = GetNewPath(path);
				if (!IsStoreProfile(profile) && !File.Exists(profile))
				{
					Bots.Professionbuddy.PBLog.Log(Colors.MediumPurple, "[Profile Message!]: ", Colors.Yellow, "Profile does not exist.\n" + profile);
					return;
				}

				Bots.Professionbuddy.PBLog.Log(Colors.MediumPurple, "[Profile Message!]: ", Colors.Yellow, "Loading: " + profile);
				ProfileManager.LoadNew(profile, false);
			}

			private static string GetNewPath(string path)
			{
				if (IsStoreProfile(path))
					return Slashify(path);

				var currentProfile = ProfileManager.XmlLocation;
				if (IsStoreProfile(currentProfile))
					return Slashify(currentProfile + "/../" + path);

				var absolutePath = Path.Combine(Path.GetDirectoryName(currentProfile), path);
				absolutePath = Path.GetFullPath(absolutePath);
				var canonicalPath = new Uri(absolutePath).LocalPath;
				return Slashify(canonicalPath);
			}]]>
		</Code>
		<Code File="RunCode" Code="ActivateFunctions();" />
		<!-- END Check function status -->

		<If Condition="Me.IsHorde" >
			<Code File="LoadProfile" ProfileName="..\..\..\Questing Autoloader.xml" />
		</If>
		<!-- RunCode Methods -->
			<Code File="RunCode">
			<![CDATA[
				Bots.Professionbuddy.PBLog.Log(System.Windows.Media.Colors.MediumPurple, "> [Profile Initialization Status] ", System.Windows.Media.Colors.CornflowerBlue, "\n     Auto-Looting	:: Enabled\n     Looting	:: Enabled\n     Game Addons	:: Disabled");
				Lua.DoString("SetCVar('AutoLootDefault', 1);");
				Lua.DoString("SetCVar('autoDismountFlying', 1);");
				CharacterSettings.Instance.LootMobs = true;
				CharacterSettings.Instance.Save();
				Logging.Write(System.Windows.Media.Colors.MediumPurple, "> [Ready to bot!]");
			]]>
			</Code>
			<Code File="RunCode" Type="Definition">
				<![CDATA[
						bool DoQuest(params uint[] questIds)
						{
							foreach (var questId in questIds)
							{
								if (HasQuest(questId) && !IsQuestCompleted(questId)) return true;
							}
							return false;
						}
						bool NeedsQuest(params uint[] questIds)
						{
							foreach (var questId in questIds)
							{
								if (!HasQuest(questId) && !IsQuestCompleted(questId)) return true;
							}
							return false;
						}
						bool NeedsBreadcrumbQuest(params uint[] questIds)
						{
							foreach (var questId in questIds)
							{
								if (IsQuestCompleted(questId)) return false;
							}
							return true;
						}
						bool QuestDone(params uint[] questIds)
						{
							foreach (var questId in questIds)
							{
								if (HasQuest(questId) && IsQuestCompleted(questId)) return true;
							}
							return false;
						}
						bool QuestFlaggedCompleted(params uint[] questIds)
						{
							foreach (var questId in questIds)
							{
								return Lua.GetReturnVal<bool>($"return IsQuestFlaggedCompleted({questId});", 0);
							}
							return false;
						}
						async Task SkipCutscene(int preWait = 3000, int postWait = 3000)
						{
					// Add detection of cutscene here.
							await Coroutine.Sleep(preWait);
					// Test and improve the working method.
							Lua.DoString("MovieFrame:StopMovie(); CinematicFrame_CancelCinematic(); StopCinematic();");
							await Coroutine.Sleep(postWait);
						}
					]]>
			</Code>
		<!-- END RunCode Methods -->

		<!-- ClassHall RunCode Methods -->
			<Code File="RunCode" Type="Definition"><![CDATA[
					int currentZone = 0;
					bool doAzsuna = false;
					bool doValsharah = false;
					bool doHighmountain = false;
					bool doStormheim = false;

					async Task DalaranHearth()
					{
						if (!(Me.ZoneId == 7502 || Me.ZoneId == 8392) && HasItem(140192))
						{
							Bots.Professionbuddy.PBLog.Log(System.Windows.Media.Colors.DeepSkyBlue, "[Azyul Navigator]: ", System.Windows.Media.Colors.LightGreen, "Using Dalaran Hearthstone!");
							await CommonCoroutines.LandAndDismount("Using Hearthstone to reach Dalaran (Broken Isles)");
							await CommonCoroutines.StopMoving(); 
							WoWItem dalaranHearth = StyxWoW.Me.BagItems.FirstOrDefault(x => x.Entry == 140192);
							if (dalaranHearth.CooldownTimeLeft <= TimeSpan.FromMinutes(3))
							{
								if (dalaranHearth.CooldownTimeLeft != TimeSpan.Zero)
								{
									Logging.Write(System.Windows.Media.Colors.Yellow, "[Profile]: Awaiting cooldown before attempting hearth!");
									await Coroutine.Wait(306000, () => dalaranHearth.CooldownTimeLeft == TimeSpan.Zero);
								}
								dalaranHearth.Interact();
								var currentLoc = StyxWoW.Me.ZoneId;
								await Coroutine.Wait(30000, () => StyxWoW.Me.ZoneId != currentLoc);
								await Coroutine.Sleep(1500);
							}
						}
					}
					async Task DoMission(int missionID, params int[] followerList)
					{

						foreach (int follower in followerList)
						{
							string luaString = $@"
								local missionID = {missionID};
								local followerID = {follower};
								local allFollowers = C_Garrison.GetFollowers();
								for i=1,#allFollowers do
									if (allFollowers[i].garrFollowerID == followerID)  then  
										C_Garrison.AddFollowerToMission(missionID, allFollowers[i].followerID);
										break;
									end
								end
							";
							Lua.DoString(luaString);
							await Coroutine.Sleep(750);
						}

						await Coroutine.Sleep(1000);
						Lua.DoString($"C_Garrison.StartMission({missionID});");

						await Coroutine.Sleep(2500);
						Lua.DoString("OrderHallMissionFrame.CloseButton:Click();");
					}

					bool MissionComplete(int missionID)
					{
						string luaString = $@"
							local missionNum = {missionID};
							local allMissions = C_Garrison.GetInProgressMissions(LE_FOLLOWER_TYPE_GARRISON_7_0);
							for i=1,#allMissions do
								if (allMissions[i].missionID == missionNum)  then  
									return allMissions[i].timeLeftSeconds
								end
							end
						";
						
						int timeLeft = Lua.GetReturnVal<int>(luaString, 0);

						if (timeLeft == 0)
							return true;
						else
							return false;
					}

					bool MissionInProgress(int missionID)
					{
						string luaString = $@"
							local missionNum = {missionID};
							local allMissions = C_Garrison.GetInProgressMissions(LE_FOLLOWER_TYPE_GARRISON_7_0);
							for i=1,#allMissions do
								if (allMissions[i].missionID == missionNum)  then  
									return allMissions[i].inProgress
								end
							end
						";
						return Lua.GetReturnVal<bool>(luaString, 0);
					}
				]]>
			</Code>
		<!-- END ClassHall RunCode Methods -->

		<!-- Introductory Class Hall Quests -->
			<PickUp QuestName="Before the Storm" QuestId="12103" GiverName="Initiate Da-Nel" GiverId="98519" X="-833.6994" Y="4388.54" Z="737.8624" />
			<While Condition="DoQuest(12103)" > 
				<If Condition="Bots.DungeonBuddy.Helpers.ScenarioInfo.Current.CurrentStageNumber == 0" > <!-- NOTE ~> Replace with ZoneId after ID can be recovered -->
					<Code File="RunCode" Code="SpellManager.Cast(126892);" />
					<Code File="WaitTimer" WaitTime="60000" TerminateWhen="Bots.DungeonBuddy.Helpers.ScenarioInfo.Current.CurrentStageNumber != 0" />
				</If>

				<If Condition="Bots.DungeonBuddy.Helpers.ScenarioInfo.Current.CurrentStageNumber == 1" >
					<Code File="InteractWith" MobId="97778" X="3807.865" Y="1789.863" Z="950.3509" />
					<Code File="WaitTimer" WaitTime="60000" TerminateWhen="Me.Combat" />
					<Code File="KillUntilComplete" MobId="98011" X="3823.602" Y="1779.754" Z="950.3506" TerminateWhen="Bots.DungeonBuddy.Helpers.ScenarioInfo.Current.CurrentStageNumber != 1" />
				</If>

				<If Condition="Bots.DungeonBuddy.Helpers.ScenarioInfo.Current.CurrentStageNumber == 2" >
					<MoveTo Precision="1" X="3822.441" Y="1888.73" Z="932.1247" />
					<DisableBehavior Name="Combat" />
					<MoveTo Precision="1" X="3824.442" Y="1903.036" Z="932.1304" />
					<Code File="RunCode" Code="SpellManager.Cast(&quot;Roll&quot;);"/>
					<EnableBehavior Name="Combat" />
					<MoveTo Precision="1" X="3831.325" Y="1924.535" Z="931.8787" />

					<DisableBehavior Name="Combat" />
					<MoveTo Precision="1" X="3831.581" Y="1930.569" Z="931.856" />
					<Code File="RunCode" Code="SpellManager.Cast(&quot;Roll&quot;);"/>
					<EnableBehavior Name="Combat" />

					<Code File="KillUntilComplete" MobId="97968" X="3821.706" Y="2013.964" Z="935.26" TerminateWhen="Bots.DungeonBuddy.Helpers.ScenarioInfo.Current.CurrentStageNumber != 2" />
				</If>

				<If Condition="Bots.DungeonBuddy.Helpers.ScenarioInfo.Current.CurrentStageNumber == 3" >
					<MoveTo X="3847.54" Y="1948.933" Z="931.8522" />
					<Code File="WaitTimer" WaitTime="18000" /> <!-- NOTE: <OptmiizeTimer> : Need to reduce time or TerminateWhen -->
					<Code File="InteractWith" MobId="97774" X="3849.718" Y="1946.925" Z="931.8537" />
					<Code File="WaitTimer" WaitTime="30000" TerminateWhen="Bots.DungeonBuddy.Helpers.ScenarioInfo.Current.CurrentStageNumber != 3" />
				</If>

				<If Condition="Bots.DungeonBuddy.Helpers.ScenarioInfo.Current.CurrentStageNumber == 4" >
					<Code File="KillUntilComplete" MobId="97811" X="4021.776" Y="1679.604" Z="925.28" TerminateWhen="Bots.DungeonBuddy.Helpers.ScenarioInfo.Current.CurrentStageNumber != 4" />
					<!-- NOTE: <AddSupport> : Bot may need to move to kill infernal. -->
				</If>

				<If Condition="Bots.DungeonBuddy.Helpers.ScenarioInfo.Current.CurrentStageNumber == 5" >
					<Code File="KillUntilComplete" MobId="98496" X="3955.729" Y="1722.396" Z="931.399" TerminateWhen="Unit(98496, u =&gt; u.IsDead) != null" />
					<MoveTo X="3878.246" Y="1725.902" Z="932.6702" />
					<Code File="WaitTimer" WaitTime="50000" TerminateWhen="Bots.DungeonBuddy.Helpers.ScenarioInfo.Current.CurrentStageNumber != 5" />
				</If>

				<If Condition="Bots.DungeonBuddy.Helpers.ScenarioInfo.Current.CurrentStageNumber == 6" >
					<Code File="KillUntilComplete" MobId="98217" X="3917.099" Y="1823.776" Z="904.3337" TerminateWhen="Bots.DungeonBuddy.Helpers.ScenarioInfo.Current.CurrentStageNumber != 6" />
				</If>

				<If Condition="Bots.DungeonBuddy.Helpers.ScenarioInfo.Current.CurrentStageNumber == 7" >
					<Code File="InteractWith" MobId="98353" X="3942.052" Y="1833.21" Z="903.7729" TerminateWhen="Bots.DungeonBuddy.Helpers.ScenarioInfo.Current.CurrentStageNumber != 7" />
					<Code File="RunCode" Code="await SkipCutscene();" />
					<Code File="WaitTimer" QuestId="12103" WaitTime="10000" />
				</If>

				<Code File="WaitTimer" WaitTime="60000" QuestId="12103" />
				<Code File="WaitTimer" WaitTime="5000" />
			</While>
			<TurnIn QuestName="Before the Storm" QuestId="12103" TurnInName="Fearsome Jang" TurnInId="99181" X="819.0156" Y="3607.688" Z="173.9884" />

			<PickUp QuestName="The Dawning Light" QuestId="40236" GiverName="Fearsome Jang" GiverId="99181" X="819.0156" Y="3607.688" Z="173.9884" />
			<While Condition="DoQuest(40236)" >
				<MoveTo X="917.7868" Y="3603.843" Z="196.5678" />
				<Code File="WaitTimer" QuestId="40236" WaitTime="110000" />
			</While>
			<TurnIn QuestName="The Dawning Light" QuestId="40236" TurnInName="Iron-Body Ponshu" TurnInId="100438" X="924.4167" Y="3606.167" Z="196.3307" />
		<!-- END Introductory Class Hall Quests -->

		<!-- First Artifact Quest -->
			<PickUp QuestName="Prepare To Strike" QuestId="40636" GiverName="Iron-Body Ponshu" GiverId="100438" X="924.4167" Y="3606.167" Z="196.3307" />
			<While Condition="DoQuest(40636)" >
				<Code File="Misc\RunLua" Lua="LoadAddOn(&quot;Blizzard_QuestChoice&quot;);" />
				<If Condition="!Lua.GetReturnVal&lt;bool&gt;(&quot;return QuestChoiceFrame:IsVisible()&quot;, 0)" >
					<Code File="InteractWith" MobId="100438" GossipOptions="1" QuestId="40636" X="924.4167" Y="3606.167" Z="196.3307" />
				</If>

				<Code File="UserDialog" QuestId="40636" AllowBotStop="True" SoundCue="Exclamation" SoundCueInterval="150" ExpiryTime="300" ExpiryAction="InputEnabled_Continue" 
				Text="Choose an artifact weapon.\n\nIf you do not choose within 5minutes, the bot will pick the one appropriate for your current specialization." />
				
				<If Condition="!IsQuestCompleted(40636)" >
					<If Condition="Me.Specialization == WoWSpec.MonkBrewmaster" >
						<Code File="Misc\RunLua" QuestId="40636" Lua="QuestChoiceFrameOption1.OptionButton:Click()" WaitTime="1000" />
					</If>
					<If Condition="Me.Specialization == WoWSpec.MonkMistweaver" >
						<Code File="Misc\RunLua" QuestId="40636" Lua="QuestChoiceFrameOption2.OptionButton:Click()" WaitTime="1000" />
					</If>
					<If Condition="Me.Specialization == WoWSpec.MonkWindwalker" >
						<Code File="Misc\RunLua" QuestId="40636" Lua="QuestChoiceFrameOption3.OptionButton:Click()" WaitTime="1000" />
					</If>
					<Code File="Misc\RunLua" QuestId="40636" Lua="StaticPopup1Button1:Click();" />
				</If>
			</While>
			<TurnIn QuestName="Prepare To Strike" QuestId="40636" TurnInName="Iron-Body Ponshu" TurnInId="100438" X="924.4167" Y="3606.167" Z="196.3307" />

			<If Condition="!IsQuestCompleted(42765) &amp;&amp; NeedsQuest(40698) &amp;&amp; Me.Specialization == WoWSpec.MonkBrewmaster" > <!-- 42765 = The Trial at the Temple -->
				<Code File="LoadProfile" ProfileName="../Artifact Quests/Monk - Brewmaster - Fu Zan, the Wanderer's Companion.xml" />
			</If>
			<If Condition="!IsQuestCompleted(41003) &amp;&amp; NeedsQuest(40698) &amp;&amp; Me.Specialization == WoWSpec.MonkMistweaver" > <!-- 41003 = The Emperor's Gift -->
				<Code File="LoadProfile" ProfileName="../Artifact Quests/Monk - Mistweaver - Sheilun, Staff of Mists.xml" />
			</If>
			<If Condition="!IsQuestCompleted(40570) &amp;&amp; NeedsQuest(40698) &amp;&amp; Me.Specialization == WoWSpec.MonkWindwalker" > <!-- 40570 = Into The Heavens -->
				<Code File="LoadProfile" ProfileName="../Artifact Quests/Monk - Windwalker - Fists of the Heavens.xml" />
			</If>
		<!-- END First Artifact Quest -->

		<!-- Introductory Class Hall Quests -->
			<PickUp QuestName="Purity of Form" QuestId="40698" GiverName="Iron-Body Ponshu" GiverId="100438" X="924.4167" Y="3606.167" Z="196.3308" />
			<While Condition="DoQuest(40698)" >
				<!-- /dump GetMouseFocus():GetPowerID(); C_ArtifactUI.AddPower(powerId); -->
				<Code File="InteractWith" MobId="245098" Range="17" NonCompeteDistance="0" WaitTime="2000" QuestId="40698" X="927.4323" Y="3604.589" Z="196.3184" />
				<If Condition="HasItem(128938)" > <!-- Fu Zan, the Wanderer's Companion -->
					<Code File="Misc\RunLua" Lua="C_ArtifactUI.AddPower(1293);" />
				</If>
				<If Condition="HasItem(128937)" > <!-- Sheilun, Staff of the Mists -->
					<Code File="Misc\RunLua" Lua="C_ArtifactUI.AddPower(1295);" />
				</If>
				<If Condition="HasItem(128940)" > <!-- Fists of the Heavens -->
					<Code File="Misc\RunLua" Lua="C_ArtifactUI.AddPower(1341);" />
				</If>
			</While>
			<TurnIn QuestName="Purity of Form" QuestId="40698" TurnInName="Iron-Body Ponshu" TurnInId="100438" X="924.4167" Y="3606.167" Z="196.3307" />

			<PickUp QuestName="A Matter of Planning" QuestId="40793" GiverName="Iron-Body Ponshu" GiverId="100438" X="924.4167" Y="3606.167" Z="196.3307" />
			<TurnIn QuestName="A Matter of Planning" QuestId="40793" TurnInName="Master Hsu" TurnInId="99179" X="721.8212" Y="3569.807" Z="140.6221" />

			<PickUp QuestName="The Fight Begins" QuestId="40795" GiverName="Master Hsu" GiverId="99179" X="721.8212" Y="3569.807" Z="140.6221" />
			<While Condition="DoQuest(40795)" >
				<While Condition="DoQuest(40795)" >
					<Code File="InteractWith" MobId="99041" NonCompeteDistance="0" WaitTime="1500" QuestId="40795" X="712.5781" Y="3565.833" Z="140.6215" />
					<If Condition="Chance(25)" > <!-- Azsuna -->
						<Code File="Misc\RunLua" Lua="OrderHallMissionFrame.Tab3:Click(); C_AdventureMap.StartQuest(39718);" WaitTime="1500" />
						<Code File="Misc\RunLua" Lua="C_AdventureMap.Close();" WaitTime="1500" />

					<ElseIf Condition="Chance(25)" > <!-- Val'sharah -->
						<Code File="Misc\RunLua" Lua="OrderHallMissionFrame.Tab3:Click(); C_AdventureMap.StartQuest(39731);" WaitTime="1500" />
						<Code File="Misc\RunLua" Lua="C_AdventureMap.Close();" WaitTime="1500" />
					</ElseIf>
					<ElseIf Condition="Chance(25)" > <!-- Highmountain -->
						<Code File="Misc\RunLua" Lua="OrderHallMissionFrame.Tab3:Click(); C_AdventureMap.StartQuest(39733);" WaitTime="1500" />
						<Code File="Misc\RunLua" Lua="C_AdventureMap.Close();" WaitTime="1500" />
					</ElseIf>
					<Else> <!-- Stormheim -->
						<Code File="Misc\RunLua" Lua="OrderHallMissionFrame.Tab3:Click(); C_AdventureMap.StartQuest(39735); C_AdventureMap.StartQuest(39864);" WaitTime="1500" />
						<Code File="Misc\RunLua" Lua="C_AdventureMap.Close();" WaitTime="1500" />
					</Else>

					</If>
				</While>
			</While>
			<TurnIn QuestName="The Fight Begins" QuestId="40795" TurnInName="Master Hsu" TurnInId="99179" X="721.8212" Y="3569.807" Z="140.6221" />

			<While Condition="DoQuest(39718)" >
				<Code File="InteractWith" MobId="251676" QuestId="39718" QuestObjectiveIndex="1" X="768.5938" Y="3579.904" Z="141.5099" />
				<Code File="WaitTimer" WaitTime="3000" />
				<Code File="LoadProfile" ProfileName="../Azsuna.xml" />
			</While>
		<!-- END Introductory Class Hall Quests -->

		<!-- Determine Questing Status -->
			<Code File="RunCode"><![CDATA[
				if ((!IsQuestCompleted(40794) && Me.IsAlliance) || (!IsQuestCompleted(42244) && Me.IsHorde)) doAzsuna = true;
				if (!IsQuestCompleted(40890)) doValsharah = true;
				if (!IsQuestCompleted(39656)) doHighmountain = true;
				if ((!IsQuestCompleted(39122) && Me.IsAlliance) || (!IsQuestCompleted(38882) && Me.IsHorde)) doStormheim = true;

				if (doAzsuna && !NeedsQuest(39718)) currentZone = 1;
				else if (doValsharah && !NeedsQuest(39731)) currentZone = 2;
				else if (doHighmountain && !NeedsQuest(39733)) currentZone = 3;
				else if (doStormheim && ((Me.IsAlliance && !NeedsQuest(39735)) || (Me.IsHorde && !NeedsQuest(39864)))) currentZone = 4;
				else if (!doAzsuna && !doValsharah && !doHighmountain && !doStormheim) currentZone = 5;
				else currentZone = 0;
			]]>
			</Code>
			<!-- currentZone is checking if the player has started questing in a zone, but hasn't finished yet. -->
		<!-- END Determine Questing Status -->

		<!-- Tell the user what's good. -->
			<Code File="RunCode"><![CDATA[
					if (currentZone == 0)
						Logging.Write(System.Windows.Media.Colors.Yellow, $"[Profile]: Randomizing our next questing zone!");
					else if (currentZone == 1)
						Logging.Write(System.Windows.Media.Colors.Yellow, $"[Profile]: Continuing our questing in Azsuna.");
					else if (currentZone == 2)
						Logging.Write(System.Windows.Media.Colors.Yellow, $"[Profile]: Continuing our questing in Val'sharah.");
					else if (currentZone == 3)
						Logging.Write(System.Windows.Media.Colors.Yellow, $"[Profile]: Continuing our questing in Highmountain.");
					else if (currentZone == 4)
						Logging.Write(System.Windows.Media.Colors.Yellow, $"[Profile]: Continuing our questing in Stormheim.");
					else if (currentZone == 5)
						Logging.Write(System.Windows.Media.Colors.Yellow, $"[Profile]: All questing zones done!");
				]]>
			</Code>
		<!-- END Tell the user what's good. -->

		<!-- Randomize to a new zone -->
			<While Condition="currentZone == 0" >
				<!-- Azsuna -->
				<If Condition="doAzsuna &amp;&amp; Chance(10)" >
					<Code File="RunCode"><![CDATA[
						Logging.Write(System.Windows.Media.Colors.Yellow, $"[Profile]: Chose Aszuna as our next questing area.  You may stop->start the bot to have it randomize again!");
					]]>
					</Code>
					<If Condition="NeedsQuest(39718)" >
						<While Condition="!Me.HasAura(213170)" >
							<Code File="RunCode"><![CDATA[
									Logging.Write(System.Windows.Media.Colors.Yellow, "[Profile]: Teleporting to class hall.");
									await CommonCoroutines.StopMoving(); 
									SpellManager.Cast(126892);
								]]>
							</Code>
							<Code File="WaitTimer" WaitTime="15000" TerminateWhen="Me.HasAura(213170)" />
						</While>
						<Code File="InteractWith" MobId="99041" NonCompeteDistance="0" WaitTime="1500" X="717.4186" Y="3566.383" Z="140.622" />
						<Code File="Misc\RunLua" Lua="OrderHallMissionFrame.Tab3:Click(); C_AdventureMap.StartQuest(39718);" WaitTime="1500" />
						<Code File="Misc\RunLua" Lua="C_AdventureMap.Close();" WaitTime="1500" />
					</If>

					<If Condition="Me.HasAura(213170)" >
						<Code File="InteractWith" MobId="251676" WaitTime="3000" X="768.5938" Y="3579.904" Z="141.5099" />
					</If>
					<Code File="LoadProfile" ProfileName="../Azsuna.xml" />
				</If>
				<!-- END Azsuna -->

				<!-- Val'sharah -->
				<If Condition="doValsharah &amp;&amp; Chance(10)" >
					<Code File="RunCode"><![CDATA[
						Logging.Write(System.Windows.Media.Colors.Yellow, $"[Profile]: Chose Val'sharah as our next questing area.  You may stop->start the bot to have it randomize again!");
					]]>
					</Code>
					<If Condition="NeedsQuest(39731)" >
						<While Condition="!Me.HasAura(213170)" >
							<Code File="RunCode"><![CDATA[
									Logging.Write(System.Windows.Media.Colors.Yellow, "[Profile]: Teleporting to class hall.");
									await CommonCoroutines.StopMoving(); 
									SpellManager.Cast(126892);
								]]>
							</Code>
							<Code File="WaitTimer" WaitTime="15000" TerminateWhen="Me.HasAura(213170)" />
						</While>
						<Code File="InteractWith" MobId="99041" NonCompeteDistance="0" WaitTime="1500" X="717.4186" Y="3566.383" Z="140.622" />
						<Code File="Misc\RunLua" Lua="OrderHallMissionFrame.Tab3:Click(); C_AdventureMap.StartQuest(39731);" WaitTime="1500" />
						<Code File="Misc\RunLua" Lua="C_AdventureMap.Close();" WaitTime="1500" />
					</If>

					<If Condition="Me.HasAura(213170)" >
						<Code File="InteractWith" MobId="251676" WaitTime="3000" X="768.5938" Y="3579.904" Z="141.5099" />
					</If>
					<Code File="LoadProfile" ProfileName="../Val'sharah.xml" />
				</If>
				<!-- END Val'sharah -->

				<!-- Highmountain -->
				<If Condition="doHighmountain &amp;&amp; Chance(10)" >
					<Code File="RunCode"><![CDATA[
						Logging.Write(System.Windows.Media.Colors.Yellow, $"[Profile]: Chose Highmountain as our next questing area.  You may stop->start the bot to have it randomize again!");
					]]>
					</Code>
					<If Condition="NeedsQuest(39733)" >
						<While Condition="!Me.HasAura(213170)" >
							<Code File="RunCode"><![CDATA[
									Logging.Write(System.Windows.Media.Colors.Yellow, "[Profile]: Teleporting to class hall.");
									await CommonCoroutines.StopMoving(); 
									SpellManager.Cast(126892);
								]]>
							</Code>
							<Code File="WaitTimer" WaitTime="15000" TerminateWhen="Me.HasAura(213170)" />
						</While>
						<Code File="InteractWith" MobId="99041" NonCompeteDistance="0" WaitTime="1500" X="717.4186" Y="3566.383" Z="140.622" />
						<Code File="Misc\RunLua" Lua="OrderHallMissionFrame.Tab3:Click(); C_AdventureMap.StartQuest(39733);" WaitTime="1500" />
						<Code File="Misc\RunLua" Lua="C_AdventureMap.Close();" WaitTime="1500" />
					</If>

					<If Condition="Me.HasAura(213170)" >
						<Code File="InteractWith" MobId="251676" WaitTime="3000" X="768.5938" Y="3579.904" Z="141.5099" />
					</If>
					<Code File="LoadProfile" ProfileName="../Highmountain.xml" />
				</If>
				<!-- END Highmountain -->

				<!-- Stormheim -->
				<If Condition="doStormheim &amp;&amp; Chance(10)" >
					<Code File="RunCode"><![CDATA[
						Logging.Write(System.Windows.Media.Colors.Yellow, $"[Profile]: Chose Stormheim as our next questing area.  You may stop->start the bot to have it randomize again!");
					]]>
					</Code>
					<If Condition="(Me.IsAlliance &amp;&amp; NeedsQuest(39735)) || (Me.IsHorde &amp;&amp; NeedsQuest(39864))" >
						<While Condition="!Me.HasAura(213170)" >
							<Code File="RunCode"><![CDATA[
									Logging.Write(System.Windows.Media.Colors.Yellow, "[Profile]: Teleporting to class hall.");
									await CommonCoroutines.StopMoving(); 
									SpellManager.Cast(126892);
								]]>
							</Code>
							<Code File="WaitTimer" WaitTime="15000" TerminateWhen="Me.HasAura(213170)" />
						</While>
						<Code File="InteractWith" MobId="99041" NonCompeteDistance="0" WaitTime="1500" X="717.4186" Y="3566.383" Z="140.622" />
						<Code File="Misc\RunLua" Lua="OrderHallMissionFrame.Tab3:Click(); C_AdventureMap.StartQuest(39735); C_AdventureMap.StartQuest(39864);" WaitTime="1500" />
						<Code File="Misc\RunLua" Lua="C_AdventureMap.Close();" WaitTime="1500" />
					</If>

					<If Condition="Me.HasAura(213170)" >
						<Code File="InteractWith" MobId="251676" WaitTime="3000" X="768.5938" Y="3579.904" Z="141.5099" />
					</If>
					<Code File="LoadProfile" ProfileName="../Stormheim.xml" />
				</If>
				<!-- END Stormheim -->
			</While>
		<!-- END Randomize to a new zone -->

		<!-- Load into existing zone -->
			<!-- Azsuna -->
			<If Condition="currentZone == 1" > 
				<If Condition="Me.HasAura(213170)" >
					<Code File="InteractWith" MobId="251676" WaitTime="3000" X="768.5938" Y="3579.904" Z="141.5099" />
				</If>
				<Code File="LoadProfile" ProfileName="../Azsuna.xml" />
			</If>
			<!-- END Azsuna -->

			<!-- Val'sharah -->
			<If Condition="currentZone == 2" > 
				<If Condition="Me.HasAura(213170)" >
					<Code File="InteractWith" MobId="251676" WaitTime="3000" X="768.5938" Y="3579.904" Z="141.5099" />
				</If>
				<Code File="LoadProfile" ProfileName="../Val'sharah.xml" />
			</If>
			<!-- END Val'sharah -->

			<!-- Highmountain -->
			<If Condition="currentZone == 3" >
				<If Condition="Me.HasAura(213170)" >
					<Code File="InteractWith" MobId="251676" WaitTime="3000" X="768.5938" Y="3579.904" Z="141.5099" />
				</If>
				<Code File="LoadProfile" ProfileName="../Highmountain.xml" />
			</If>
			<!-- END Highmountain -->

			<!-- Stormheim -->
			<If Condition="currentZone == 4" > 
				<If Condition="Me.HasAura(213170)" >
					<Code File="InteractWith" MobId="251676" WaitTime="3000" X="768.5938" Y="3579.904" Z="141.5099" />
				</If>
				<Code File="LoadProfile" ProfileName="../Stormheim.xml" />
			</If>
			<!-- END Stormheim -->
		<!-- END Load into existing zone -->

		<!-- Class Hall Tutorials -->
			<If Condition="NeedsQuest(42210) || !MissionInProgress(887)" >
				<While Condition="!Me.HasAura(213170)" >
					<Code File="RunCode"><![CDATA[
							Logging.Write(System.Windows.Media.Colors.Yellow, "[Profile]: Teleporting to class hall.");
							await CommonCoroutines.StopMoving(); 
							SpellManager.Cast(126892);
						]]>
					</Code>
					<Code File="WaitTimer" WaitTime="15000" TerminateWhen="Me.HasAura(213170)" />
				</While>

				<PickUp Nav="Fly" QuestName="Rise, Champions" QuestId="42187" GiverName="Iron-Body Ponshu" GiverId="100438" X="924.4167" Y="3606.167" Z="196.3307" />
				<While Condition="DoQuest(42187)" >
					<If Condition="!IsObjectiveComplete(2, 42187)" >
						<Code File="InteractWith" MobId="101046" QuestId="42187" X="741.6788" Y="3667.434" Z="143.2646" />
						<Code File="RunCode"><![CDATA[
								await Coroutine.Sleep(1234);
								Lua.DoString("GossipTitleButton1:Click();");
								await Coroutine.Sleep(500);
								Lua.DoString("QuestFrameCompleteQuestButton:Click();");
								await Coroutine.Sleep(875);
							]]>
						</Code>
					</If>
					<If Condition="!IsObjectiveComplete(1, 42187)" >
						<Code File="InteractWith" MobId="102820" QuestId="42187" X="770.1042" Y="3502.762" Z="140.8895" />
						<Code File="RunCode"><![CDATA[
								await Coroutine.Sleep(1275);
								Lua.DoString("QuestFrameCompleteQuestButton:Click();");
								await Coroutine.Sleep(875);
							]]>
						</Code>
					</If>
				</While>
				<TurnIn Nav="Fly" QuestName="Rise, Champions" QuestId="42187" TurnInName="Master Hsu" TurnInId="99179" X="721.8212" Y="3569.807" Z="140.6218" />

				<PickUp Nav="Fly" QuestName="Tianji of the Ox" QuestId="41945" GiverName="Master Hsu" GiverId="99179" X="721.8212" Y="3569.807" Z="140.6218" />
				<While Condition="DoQuest(41945)" >
					<Code File="InteractWith" MobId="99041" NonCompeteDistance="0" WaitTime="1500" X="717.4186" Y="3566.383" Z="140.622" />
					<Code File="RunCode"><![CDATA[
						if (!MissionInProgress(816))
						{
							await DoMission(missionID: 816, followerList: 596);

							Logging.Write(System.Windows.Media.Colors.Yellow, "[Profile]: Waiting for class hall mission to complete!");
							await Coroutine.Wait(5000, () => MissionInProgress(816));
						}
						]]>
					</Code>
					<Code File="WaitTimer" WaitTime="130000" TerminateWhen="MissionComplete(816)" />
					<Code File="InteractWith" MobId="99041" NonCompeteDistance="0" WaitTime="1500" X="717.4186" Y="3566.383" Z="140.622" />
					<Code File="RunCode" ><![CDATA[
						Lua.DoString("OrderHallMissionFrameMissions.CompleteDialog.BorderFrame.ViewButton:Click();");
						await Coroutine.Sleep(1000);
						Lua.DoString("C_Garrison.MissionBonusRoll(816);");
						await Coroutine.Sleep(1000);
						Lua.DoString("OrderHallMissionFrame.CloseButton:Click();");
						]]>
					</Code>
				</While>
				<TurnIn Nav="Fly" QuestName="Tianji of the Ox" QuestId="41945" TurnInName="Master Hsu" TurnInId="99179" X="721.8212" Y="3569.807" Z="140.6218" />

				<PickUp Nav="Fly" QuestName="Building Our Troops" QuestId="41946" GiverName="Master Hsu" GiverId="99179" X="722.217" Y="3554.583" Z="141.4465" />
				<While Condition="DoQuest(41946)" >
					<Code File="InteractWith" MobId="105015" QuestId="41946" X="722.217" Y="3554.583" Z="141.4465" />
					<Code File="Misc\RunLua" WaitTime="6000" Lua="GarrisonCapacitiveDisplayFrame.StartWorkOrderButton:Click();" />
					<Code File="WaitTimer" WaitTime="6000" />
					<Code File="InteractWith" MobId="248576" NonCompeteDistance="0" QuestId="41946" X="723.5677" Y="3551.041" Z="141.8403" />
				</While>
				<TurnIn Nav="Fly" QuestName="Building Our Troops" QuestId="41946" TurnInName="Master Hsu" TurnInId="99179" X="722.217" Y="3554.583" Z="141.4465" />

				<PickUp Nav="Fly" QuestName="Scrolls of Knowledge" QuestId="42210" GiverName="Master Hsu" GiverId="99179" X="721.8212" Y="3569.807" Z="140.6223" />
				<While Condition="DoQuest(42210) &amp;&amp; !MissionInProgress(887)" >
					<Code File="InteractWith" MobId="99041" NonCompeteDistance="0" WaitTime="1500" X="717.4186" Y="3566.383" Z="140.622" />
					<Code File="RunCode" Code="
						if (!MissionInProgress(887))
						{
							await DoMission(887, new int[]{595, 588, 625});
						}
					" />
				</While>
			</If>
		<!-- END Class Hall Tutorials -->

		<!-- Post Questing Stuff -->
			<!-- Get Other Artifacts -->
				<If Condition="!IsQuestCompleted(40570)" > <!-- Windwalker, Fist of the Heavens -->
					<While Condition="!Me.HasAura(213170)" >
						<Code File="RunCode"><![CDATA[
								Logging.Write(System.Windows.Media.Colors.Yellow, "[Profile]: Teleporting to class hall.");
								await CommonCoroutines.StopMoving(); 
								SpellManager.Cast(126892);
							]]>
						</Code>
						<Code File="WaitTimer" WaitTime="15000" TerminateWhen="Me.HasAura(213170)" />
					</While>
					<Code File="LoadProfile" ProfileName="../Artifact Quests/Monk - Windwalker - Fist of the Heavens.xml" />
				</If>
				<If Condition="!IsQuestCompleted(42765)" > <!-- Brewmaster, Fu Zan, the Wanderer's Companion -->
					<While Condition="!Me.HasAura(213170)" >
						<Code File="RunCode"><![CDATA[
								Logging.Write(System.Windows.Media.Colors.Yellow, "[Profile]: Teleporting to class hall.");
								await CommonCoroutines.StopMoving(); 
								SpellManager.Cast(126892);
							]]>
						</Code>
						<Code File="WaitTimer" WaitTime="15000" TerminateWhen="Me.HasAura(213170)" />
					</While>
					<Code File="LoadProfile" ProfileName="../Artifact Quests/Monk - Brewmaster - Fu Zan, the Wanderer's Companion.xml" />
				</If>
				<If Condition="!IsQuestCompleted(41003)" > <!-- Mistweaver, Sheilun, Staff of Mists -->
					<While Condition="!Me.HasAura(213170)" >
						<Code File="RunCode"><![CDATA[
								Logging.Write(System.Windows.Media.Colors.Yellow, "[Profile]: Teleporting to class hall.");
								await CommonCoroutines.StopMoving(); 
								SpellManager.Cast(126892);
							]]>
						</Code>
						<Code File="WaitTimer" WaitTime="15000" TerminateWhen="Me.HasAura(213170)" />
					</While>
					<Code File="LoadProfile" ProfileName="../Artifact Quests/Monk - Mistweaver - Sheilun, Staff of Mists.xml" />
				</If>
			<!-- END Get Other Artifacts -->
		<!-- END Post Questing Stuff -->
	</QuestOrder>
</HBProfile>