<HBProfile xsi:noNamespaceSchemaLocation="../../Schemas/QuestProfileSchema.xsd" xmlns:xsi="http://www.w3.org/2001/XMLSchema-instance">
	<!-- Original contribution by EchoTiger -->
	<Name>Paladin Class Hall Loader ($ShortHash$)</Name>

	<MinDurability>0.3</MinDurability>
	<MinFreeBagSlots>3</MinFreeBagSlots>

	<SellGrey>true</SellGrey>
	<SellWhite>true</SellWhite>
	<SellGreen>true</SellGreen>
	<SellBlue>true</SellBlue>
	<SellPurple>false</SellPurple>

	<MailGrey>false</MailGrey>
	<MailWhite>true</MailWhite>
	<MailGreen>true</MailGreen>
	<MailBlue>true</MailBlue>
	<MailPurple>true</MailPurple>

	<TargetElites>true</TargetElites>

	<Vendors>
	</Vendors>

<!-- INITORDER COMMENT 
	<InitOrder>
		Perhaps add detection for loading the class hall if player hasn't unlocked this zone yet.
		<Code File="Misc\RunLua" Lua="SetCVar('AutoLootDefault', 1)" />

		<Code File="EnablePlugin" Names="Anti Drown" />
		<Code File="EnablePlugin" Names="Refreshment Detection" />

		<Code File="Misc\ProfileCompatibilityInfo" AllowBrokenAddOns="true" AllowBrokenPlugIns="true" />

		<LootMobs Value="true" />
		<TargetingDistance Value="45" /> Use LevelBot default
	</InitOrder>
END INITORDER COMMENT -->

	<QuestOrder> <!-- No checkpoints here. -->
		<!-- Check function status -->
		<Code File="RunCode" Type="Definition">
			<![CDATA[
			private static bool? profileFunctionsEnabled => (bool?)AppDomain.CurrentDomain.GetData("QuestingProfiles_FunctionsEnabled");
			private static bool IsStoreProfile(string path) => path.StartsWith("store://");
			private static string Slashify(string path) => IsStoreProfile(path) ? path.Replace(@"\", "/") : path.Replace("/", @"\");

			public __CompiledBatchClass__()
			{
				ActivateFunctions();
			}

			private static void ActivateFunctions()
			{
				if (profileFunctionsEnabled == null || profileFunctionsEnabled == false)
				{
					Bots.Professionbuddy.PBLog.Log(Colors.MediumPurple, "[Profile Message!]: ", Colors.Yellow, "Please stand by as the functions are being activated!");
					LoadProfile(@"..\..\..\Functions\Activate Functions.xml");
				}
			}

			private static void LoadProfile(string path)
			{
				var profile = GetNewPath(path);
				if (!IsStoreProfile(profile) && !File.Exists(profile))
				{
					Bots.Professionbuddy.PBLog.Log(Colors.MediumPurple, "[Profile Message!]: ", Colors.Yellow, "Profile does not exist.\n" + profile);
					return;
				}

				Bots.Professionbuddy.PBLog.Log(Colors.MediumPurple, "[Profile Message!]: ", Colors.Yellow, "Loading: " + profile);
				ProfileManager.LoadNew(profile, false);
			}

			private static string GetNewPath(string path)
			{
				if (IsStoreProfile(path))
					return Slashify(path);

				var currentProfile = ProfileManager.XmlLocation;
				if (IsStoreProfile(currentProfile))
					return Slashify(currentProfile + "/../" + path);

				var absolutePath = Path.Combine(Path.GetDirectoryName(currentProfile), path);
				absolutePath = Path.GetFullPath(absolutePath);
				var canonicalPath = new Uri(absolutePath).LocalPath;
				return Slashify(canonicalPath);
			}]]>
		</Code>
		<Code File="RunCode" Code="ActivateFunctions();" />
		<!-- END Check function status -->

		<If Condition="Me.IsHorde" >
			<Code File="LoadProfile" ProfileName="..\..\..\Questing Autoloader.xml" />
		</If>
		<!-- RunCode Methods -->
			<Code File="RunCode">
			<![CDATA[
				Bots.Professionbuddy.PBLog.Log(System.Windows.Media.Colors.MediumPurple, "> [Profile Initialization Status] ", System.Windows.Media.Colors.CornflowerBlue, "\n     Auto-Looting	:: Enabled\n     Looting	:: Enabled\n     Game Addons	:: Disabled");
				Lua.DoString("SetCVar('AutoLootDefault', 1);");
				Lua.DoString("SetCVar('autoDismountFlying', 1);");
				CharacterSettings.Instance.LootMobs = true;
				CharacterSettings.Instance.Save();
				Logging.Write(System.Windows.Media.Colors.MediumPurple, "> [Ready to bot!]");
			]]>
			</Code>
			<Code File="RunCode" Type="Definition">
				<![CDATA[
						bool DoQuest(params uint[] questIds)
						{
							foreach (var questId in questIds)
							{
								if (HasQuest(questId) && !IsQuestCompleted(questId)) return true;
							}
							return false;
						}
						bool NeedsQuest(params uint[] questIds)
						{
							foreach (var questId in questIds)
							{
								if (!HasQuest(questId) && !IsQuestCompleted(questId)) return true;
							}
							return false;
						}
						bool NeedsBreadcrumbQuest(params uint[] questIds)
						{
							foreach (var questId in questIds)
							{
								if (IsQuestCompleted(questId)) return false;
							}
							return true;
						}
						bool QuestDone(params uint[] questIds)
						{
							foreach (var questId in questIds)
							{
								if (HasQuest(questId) && IsQuestCompleted(questId)) return true;
							}
							return false;
						}
						bool QuestFlaggedCompleted(params uint[] questIds)
						{
							foreach (var questId in questIds)
							{
								return Lua.GetReturnVal<bool>($"return IsQuestFlaggedCompleted({questId});", 0);
							}
							return false;
						}
						async Task SkipCutscene(int preWait = 3000, int postWait = 3000)
						{
					// Add detection of cutscene here.
							await Coroutine.Sleep(preWait);
					// Test and improve the working method.
							Lua.DoString("MovieFrame:StopMovie(); CinematicFrame_CancelCinematic(); StopCinematic();");
							await Coroutine.Sleep(postWait);
						}
					]]>
			</Code>
		<!-- END RunCode Methods -->

		<!-- ClassHall RunCode Methods -->
			<Code File="RunCode" Type="Definition"><![CDATA[
					int currentZone = 0;
					bool doAzsuna = false;
					bool doValsharah = false;
					bool doHighmountain = false;
					bool doStormheim = false;

					async Task DalaranHearth()
					{
						if (!(Me.ZoneId == 7502 || Me.ZoneId == 8392) && HasItem(140192))
						{
							Bots.Professionbuddy.PBLog.Log(System.Windows.Media.Colors.DeepSkyBlue, "[Azyul Navigator]: ", System.Windows.Media.Colors.LightGreen, "Using Dalaran Hearthstone!");
							await CommonCoroutines.LandAndDismount("Using Hearthstone to reach Dalaran (Broken Isles)");
							await CommonCoroutines.StopMoving(); 
							WoWItem dalaranHearth = StyxWoW.Me.BagItems.FirstOrDefault(x => x.Entry == 140192);
							if (dalaranHearth.CooldownTimeLeft <= TimeSpan.FromMinutes(3))
							{
								if (dalaranHearth.CooldownTimeLeft != TimeSpan.Zero)
								{
									Logging.Write(System.Windows.Media.Colors.Yellow, "[Profile]: Awaiting cooldown before attempting hearth!");
									await Coroutine.Wait(306000, () => dalaranHearth.CooldownTimeLeft == TimeSpan.Zero);
								}
								dalaranHearth.Interact();
								var currentLoc = StyxWoW.Me.ZoneId;
								await Coroutine.Wait(30000, () => StyxWoW.Me.ZoneId != currentLoc);
								await Coroutine.Sleep(1500);
							}
						}
					}
					async Task DoMission(int missionID, params int[] followerList)
					{

						foreach (int follower in followerList)
						{
							string luaString = $@"
								local missionID = {missionID};
								local followerID = {follower};
								local allFollowers = C_Garrison.GetFollowers();
								for i=1,#allFollowers do
									if (allFollowers[i].garrFollowerID == followerID)  then  
										C_Garrison.AddFollowerToMission(missionID, allFollowers[i].followerID);
										break;
									end
								end
							";
							Lua.DoString(luaString);
							await Coroutine.Sleep(750);
						}

						await Coroutine.Sleep(1000);
						Lua.DoString($"C_Garrison.StartMission({missionID});");

						await Coroutine.Sleep(2500);
						Lua.DoString("OrderHallMissionFrame.CloseButton:Click();");
					}

					bool MissionComplete(int missionID)
					{
						string luaString = $@"
							local missionNum = {missionID};
							local allMissions = C_Garrison.GetInProgressMissions(LE_FOLLOWER_TYPE_GARRISON_7_0);
							for i=1,#allMissions do
								if (allMissions[i].missionID == missionNum)  then  
									return allMissions[i].timeLeftSeconds
								end
							end
						";
						
						int timeLeft = Lua.GetReturnVal<int>(luaString, 0);

						if (timeLeft == 0)
							return true;
						else
							return false;
					}

					bool MissionInProgress(int missionID)
					{
						string luaString = $@"
							local missionNum = {missionID};
							local allMissions = C_Garrison.GetInProgressMissions(LE_FOLLOWER_TYPE_GARRISON_7_0);
							for i=1,#allMissions do
								if (allMissions[i].missionID == missionNum)  then  
									return allMissions[i].inProgress
								end
							end
						";
						return Lua.GetReturnVal<bool>(luaString, 0);
					}
				]]>
			</Code>
		<!-- END ClassHall RunCode Methods -->

		<!-- First Artifact Quest -->
			<PickUp QuestName="An Urgent Gathering" QuestId="38710" GiverName="Lord Maxwell Tyrosus" GiverId="92909" X="-830.8857" Y="4395.943" Z="737.5975" />
			<While Condition="DoQuest(38710)" >
				<Code File="InteractWith" MobId="108692" GossipOptions="1" QuestId="38710" QuestObjectiveIndex="1" X="-814.4792" Y="4391.952" Z="739.275" />
				<Code File="InteractWith" MobId="108693" GossipOptions="1" QuestId="38710" QuestObjectiveIndex="2" X="-788.217" Y="4531.249" Z="730.7829" />
			</While>
			<TurnIn QuestName="An Urgent Gathering" QuestId="38710" TurnInName="Lord Maxwell Tyrosus" TurnInId="90369" X="-847.9688" Y="4256.457" Z="746.2819" />

			<PickUp QuestName="Weapons of Legend" QuestId="40408" GiverName="Lord Maxwell Tyrosus" GiverId="90369" X="-847.9688" Y="4256.457" Z="746.2819" />
			<While Condition="DoQuest(40408)" >
				<Code File="Misc\RunLua" Lua="LoadAddOn(&quot;Blizzard_QuestChoice&quot;);" />
				<If Condition="!Lua.GetReturnVal&lt;bool&gt;(&quot;return QuestChoiceFrame:IsVisible()&quot;, 0)" >
					<Code File="InteractWith" MobId="90369" GossipOptions="1" QuestId="40408" X="-847.9688" Y="4256.457" Z="746.2817" />
				</If>

				<Code File="UserDialog" QuestId="40408" AllowBotStop="True" SoundCue="Exclamation" SoundCueInterval="150" ExpiryTime="300" ExpiryAction="InputEnabled_Continue" 
				Text="Choose an artifact weapon.\n\nIf you do not choose within 5minutes, the bot will pick the one appropriate for your current specialization." />
				
				<If Condition="!IsQuestCompleted(40408)" >
					<If Condition="Me.Specialization == WoWSpec.PaladinHoly" >
						<Code File="Misc\RunLua" QuestId="40408" Lua="QuestChoiceFrameOption1.OptionButton:Click()" WaitTime="1000" />
					</If>
					<If Condition="Me.Specialization == WoWSpec.PaladinProtection" >
						<Code File="Misc\RunLua" QuestId="40408" Lua="QuestChoiceFrameOption2.OptionButton:Click()" WaitTime="1000" />
					</If>
					<If Condition="Me.Specialization == WoWSpec.PaladinRetribution" >
						<Code File="Misc\RunLua" QuestId="40408" Lua="QuestChoiceFrameOption3.OptionButton:Click()" WaitTime="1000" />
					</If>
					<Code File="Misc\RunLua" QuestId="40408" Lua="StaticPopup1Button1:Click();" />
				</If>
			</While>
			<TurnIn QuestName="Weapons of Legend" QuestId="40408" TurnInName="Lord Maxwell Tyrosus" TurnInId="90369" X="-847.9688" Y="4256.457" Z="746.2817" />

			<If Condition="!IsQuestCompleted(42120) &amp;&amp; NeedsQuest(38566) &amp;&amp; Me.Specialization == WoWSpec.PaladinHoly" > <!-- 42120 = The Silver Hand -->
				<Code File="LoadProfile" ProfileName="../Artifact Quests/Paladin - Holy - The Silver Hand.xml" />
			</If>
			<If Condition="!IsQuestCompleted(42017) &amp;&amp; NeedsQuest(38566) &amp;&amp; Me.Specialization == WoWSpec.PaladinProtection" > <!-- 42017 = Truthguard -->
				<Code File="LoadProfile" ProfileName="../Artifact Quests/Paladin - Protection - Truthguard.xml" />
			</If>
			<If Condition="!IsQuestCompleted(42811) &amp;&amp; NeedsQuest(38566) &amp;&amp; Me.Specialization == WoWSpec.PaladinRetribution" > <!-- 42811 = Ashbringer -->
				<Code File="LoadProfile" ProfileName="../Artifact Quests/Paladin - Retribution - Ashbringer.xml" />
			</If>
		<!-- END First Artifact Quest -->

		<!-- Introductory Class Hall Quests -->
			<If Condition="!IsQuestCompleted(42811)" > <!-- This is to prevent the code from running if the player did the Retribution Artifact variant first. -->
				<PickUp QuestName="We Meet at Light's Hope" QuestId="38576" GiverName="Lord Maxwell Tyrosus" GiverId="106209" X="-830.9653" Y="4282.726" Z="746.262" />
				<While Condition="DoQuest(38576)" >
					<If Condition="Me.MapId != 0" >
						<If Condition="Me.Z &gt; 605" > <!-- NOTE: <CheckFunction> : Dalaran to Dalaran Portal Room -->
							<MoveTo X="-850.0136" Y="4460.374" Z="735.6611" />
							<Code File="MyCTM" X="-844.5972" Y="4467.76" Z="736.0415" TerminateWhen="Me.Z &lt;= 605" />
						</If>
						<MoveTo X="-881.0235" Y="4507.995" Z="580.1562" />
						<Code File="InteractWith" MobId="246008" WaitTime="1000" X="-880.408" Y="4511.733" Z="580.4584" />
						<Code File="RunCode" Code="SpellManager.Cast(1022);" /> <!-- Blessing of Protection to prevent fall damage. -->
						<Code File="WaitTimer" WaitTime="10000" TerminateWhen="!Me.IsFalling" />
					</If>
					<MoveTo Nav="Fly" X="2281.082" Y="-5318.777" Z="88.67964" />
					<MoveTo Nav="Run" X="2296.522" Y="-5335.688" Z="90.75224" />
					<Code File="InteractWith" MobId="245526" NonCompeteDistance="0" IgnoreLoSToTarget="true" QuestId="38576" X="2300.601" Y="-5339.003" Z="90.37598" />
					<MoveTo X="2296.906" Y="-5335.53" Z="90.75294" />
					<Code File="MyCTM" X="2321.091" Y="-5358.607" Z="71.31615" />
				</While>
				<TurnIn QuestName="We Meet at Light's Hope" QuestId="38576" TurnInName="Lord Maxwell Tyrosus" TurnInId="100031" X="2455.257" Y="-5433.205" Z="49.03433" />
			</If>

			<PickUp QuestName="A United Force" QuestId="38566" GiverName="Lord Maxwell Tyrosus" GiverId="100031" X="2455.257" Y="-5433.205" Z="49.03433" />
			<While Condition="DoQuest(38566)" >
				<MoveTo X="2500.989" Y="-5485.642" Z="51.65574" />
				<Code File="WaitTimer" QuestId="38566" QuestObjectiveIndex="1" WaitTime="50000" />
				<Code File="InteractWith" MobId="92403" QuestId="38566" QuestObjectiveIndex="2" X="2504.778" Y="-5484.542" Z="51.65549" />
				<MoveTo X="2489.341" Y="-5475.013" Z="48.91784" />
				<Code File="WaitTimer" QuestId="38566" WaitTime="65000" />
			</While>
			<TurnIn QuestName="A United Force" QuestId="38566" TurnInName="Lord Maxwell Tyrosus" TurnInId="91866" X="2506.992" Y="-5480.348" Z="51.65767" />

			<PickUp QuestName="Forging New Strength" QuestId="39722" GiverName="Lord Maxwell Tyrosus" GiverId="91866" X="2506.992" Y="-5480.348" Z="51.65767" />
			<While Condition="DoQuest(39722)" >
				<!-- /dump GetMouseFocus():GetPowerID(); C_ArtifactUI.AddPower(powerId); -->
				<Code File="InteractWith" MobId="241144" WaitTime="2000" NonCompeteDistance="0" QuestId="39722" X="2494.236" Y="-5474.514" Z="48.91702" />
				<If Condition="HasItem(128823)" > <!-- The Silver Hand -->
					<Code File="Misc\RunLua" Lua="C_ArtifactUI.AddPower(1342);" />
				</If>
				<If Condition="HasItem(128866)" > <!-- Truthguard -->
					<Code File="Misc\RunLua" Lua="C_ArtifactUI.AddPower(1343);" />
				</If>
				<If Condition="HasItem(120978)" > <!-- Ashbringer -->
					<Code File="Misc\RunLua" Lua="C_ArtifactUI.AddPower(1275);" />
				</If>
			</While>
			<TurnIn QuestName="Forging New Strength" QuestId="39722" TurnInName="Lord Maxwell Tyrosus" TurnInId="91866" X="2494.236" Y="-5474.514" Z="48.91702" />

			<PickUp QuestName="Logistical Matters" QuestId="38933" GiverName="Lord Maxwell Tyrosus" GiverId="91866" X="2494.236" Y="-5474.514" Z="48.91702" />
			<TurnIn QuestName="Logistical Matters" QuestId="38933" TurnInName="Lord Grayson Shadowbreaker" TurnInId="90250" X="2334.698" Y="-5385.092" Z="54.72949" />

			<PickUp QuestName="A Sound Plan" QuestId="39756" GiverName="Lord Grayson Shadowbreaker" GiverId="90250" X="2334.698" Y="-5385.092" Z="54.72949" />
			<While Condition="DoQuest(39756)" >
				<While Condition="DoQuest(39756)" >
					<Code File="InteractWith" MobId="93787" WaitTime="1500" NonCompeteDistance="0" QuestId="39756" X="2332.899" Y="-5390.446" Z="56.53489" />
					<If Condition="Chance(25)" > <!-- Azsuna -->
						<Code File="Misc\RunLua" Lua="OrderHallMissionFrame.Tab3:Click(); C_AdventureMap.StartQuest(39718);" WaitTime="1500" />
						<Code File="Misc\RunLua" Lua="C_AdventureMap.Close();" WaitTime="1500" />

					<ElseIf Condition="Chance(25)" > <!-- Val'sharah -->
						<Code File="Misc\RunLua" Lua="OrderHallMissionFrame.Tab3:Click(); C_AdventureMap.StartQuest(39731);" WaitTime="1500" />
						<Code File="Misc\RunLua" Lua="C_AdventureMap.Close();" WaitTime="1500" />
					</ElseIf>
					<ElseIf Condition="Chance(25)" > <!-- Highmountain -->
						<Code File="Misc\RunLua" Lua="OrderHallMissionFrame.Tab3:Click(); C_AdventureMap.StartQuest(39733);" WaitTime="1500" />
						<Code File="Misc\RunLua" Lua="C_AdventureMap.Close();" WaitTime="1500" />
					</ElseIf>
					<Else> <!-- Stormheim -->
						<Code File="Misc\RunLua" Lua="OrderHallMissionFrame.Tab3:Click(); C_AdventureMap.StartQuest(39735); C_AdventureMap.StartQuest(39864);" WaitTime="1500" />
						<Code File="Misc\RunLua" Lua="C_AdventureMap.Close();" WaitTime="1500" />
					</Else>

					</If>
				</While>
			</While>
			<TurnIn QuestName="A Sound Plan" QuestId="39756" TurnInName="Lord Grayson Shadowbreaker" TurnInId="90250" X="2334.698" Y="-5385.092" Z="54.72956" />

			<While Condition="DoQuest(39718)" >
				<Code File="InteractWith" MobId="251673" QuestId="39718" QuestObjectiveIndex="1" X="2376.156" Y="-5320.269" Z="54.72763" /> <!-- NOTE: <ConditionalCheck> : UseWhen in Class Hall, TerminateWhen Me In Dalaran -->
				<Code File="WaitTimer" WaitTime="3000" />
				<Code File="LoadProfile" ProfileName="../Azsuna.xml" />
			</While>
		<!-- END Introductory Class Hall Quests -->

		<!-- Tutorial Class Hall Quests - Starts in Dalaran -->
		<!-- END Tutorial Class Hall Quests -->

		<!-- Determine Questing Status -->
			<Code File="RunCode"><![CDATA[
				if ((!IsQuestCompleted(40794) && Me.IsAlliance) || (!IsQuestCompleted(42244) && Me.IsHorde)) doAzsuna = true;
				if (!IsQuestCompleted(40890)) doValsharah = true;
				if (!IsQuestCompleted(39656)) doHighmountain = true;
				if ((!IsQuestCompleted(39122) && Me.IsAlliance) || (!IsQuestCompleted(38882) && Me.IsHorde)) doStormheim = true;

				if (doAzsuna && !NeedsQuest(39718)) currentZone = 1;
				else if (doValsharah && !NeedsQuest(39731)) currentZone = 2;
				else if (doHighmountain && !NeedsQuest(39733)) currentZone = 3;
				else if (doStormheim && ((Me.IsAlliance && !NeedsQuest(39735)) || (Me.IsHorde && !NeedsQuest(39864)))) currentZone = 4;
				else if (!doAzsuna && !doValsharah && !doHighmountain && !doStormheim) currentZone = 5;
				else currentZone = 0;
			]]>
			</Code>
			<!-- currentZone is checking if the player has started questing in a zone, but hasn't finished yet. -->
		<!-- END Determine Questing Status -->

		<!-- Tell the user what's good. -->
			<Code File="RunCode"><![CDATA[
					if (currentZone == 0)
						Logging.Write(System.Windows.Media.Colors.Yellow, $"[Profile]: Randomizing our next questing zone!");
					else if (currentZone == 1)
						Logging.Write(System.Windows.Media.Colors.Yellow, $"[Profile]: Continuing our questing in Azsuna.");
					else if (currentZone == 2)
						Logging.Write(System.Windows.Media.Colors.Yellow, $"[Profile]: Continuing our questing in Val'sharah.");
					else if (currentZone == 3)
						Logging.Write(System.Windows.Media.Colors.Yellow, $"[Profile]: Continuing our questing in Highmountain.");
					else if (currentZone == 4)
						Logging.Write(System.Windows.Media.Colors.Yellow, $"[Profile]: Continuing our questing in Stormheim.");
					else if (currentZone == 5)
						Logging.Write(System.Windows.Media.Colors.Yellow, $"[Profile]: All questing zones done!");
				]]>
			</Code>
		<!-- END Tell the user what's good. -->

		<!-- Randomize to a new zone -->
			<While Condition="currentZone == 0" >
				<!-- Azsuna -->
				<If Condition="doAzsuna &amp;&amp; Chance(10)" >
					<Code File="RunCode"><![CDATA[
						Logging.Write(System.Windows.Media.Colors.Yellow, $"[Profile]: Chose Aszuna as our next questing area.  You may stop->start the bot to have it randomize again!");
					]]>
					</Code>
					<If Condition="NeedsQuest(39718)" >
						<If Condition="!Me.HasAura(213170)" >
							<If Condition="Me.IsAlliance" >
								<MoveTo X="-961.5208" Y="4600.507" Z="735.2455" />
								<Code File="InteractWith" MobId="251304" X="-966.7309" Y="4604.499" Z="735.2952" />
							</If>
							<If Condition="Me.IsHorde" >
								<MoveTo X="-660.4494" Y="4364.643" Z="748.5765" />
								<Code File="InteractWith" MobId="251305" X="-657.9705" Y="4363.978" Z="748.5759" />
							</If>
						</If>
						<Code File="InteractWith" MobId="93787" WaitTime="1500" NonCompeteDistance="0" X="2332.899" Y="-5390.446" Z="56.53489" />
						<Code File="Misc\RunLua" Lua="OrderHallMissionFrame.Tab3:Click(); C_AdventureMap.StartQuest(39718);" WaitTime="1500" />
						<Code File="Misc\RunLua" Lua="C_AdventureMap.Close();" WaitTime="1500" />
					</If>

					<If Condition="Me.HasAura(213170)" >
						<Code File="InteractWith" MobId="251673" X="2376.156" Y="-5320.269" Z="54.72763" /> <!-- NOTE: <ConditionalCheck> : UseWhen in Class Hall, TerminateWhen Me In Dalaran -->
					</If>
					<Code File="LoadProfile" ProfileName="../Azsuna.xml" />
				</If>
				<!-- END Azsuna -->

				<!-- Val'sharah -->
				<If Condition="doValsharah &amp;&amp; Chance(10)" >
					<Code File="RunCode"><![CDATA[
						Logging.Write(System.Windows.Media.Colors.Yellow, $"[Profile]: Chose Val'sharah as our next questing area.  You may stop->start the bot to have it randomize again!");
					]]>
					</Code>
					<If Condition="NeedsQuest(39731)" >
						<If Condition="!Me.HasAura(213170)" >
							<If Condition="Me.IsAlliance" >
								<MoveTo X="-961.5208" Y="4600.507" Z="735.2455" />
								<Code File="InteractWith" MobId="251304" X="-966.7309" Y="4604.499" Z="735.2952" />
							</If>
							<If Condition="Me.IsHorde" >
								<MoveTo X="-660.4494" Y="4364.643" Z="748.5765" />
								<Code File="InteractWith" MobId="251305" X="-657.9705" Y="4363.978" Z="748.5759" />
							</If>
						</If>
						<Code File="InteractWith" MobId="93787" WaitTime="1500" NonCompeteDistance="0" X="2332.899" Y="-5390.446" Z="56.53489" />
						<Code File="Misc\RunLua" Lua="OrderHallMissionFrame.Tab3:Click(); C_AdventureMap.StartQuest(39731);" WaitTime="1500" />
						<Code File="Misc\RunLua" Lua="C_AdventureMap.Close();" WaitTime="1500" />
					</If>

					<If Condition="Me.HasAura(213170)" >
						<Code File="InteractWith" MobId="251673" X="2376.156" Y="-5320.269" Z="54.72763" /> <!-- NOTE: <ConditionalCheck> : UseWhen in Class Hall, TerminateWhen Me In Dalaran -->
					</If>
					<Code File="LoadProfile" ProfileName="../Val'sharah.xml" />
				</If>
				<!-- END Val'sharah -->

				<!-- Highmountain -->
				<If Condition="doHighmountain &amp;&amp; Chance(10)" >
					<Code File="RunCode"><![CDATA[
						Logging.Write(System.Windows.Media.Colors.Yellow, $"[Profile]: Chose Highmountain as our next questing area.  You may stop->start the bot to have it randomize again!");
					]]>
					</Code>
					<If Condition="NeedsQuest(39733)" >
						<If Condition="!Me.HasAura(213170)" >
							<If Condition="Me.IsAlliance" >
								<MoveTo X="-961.5208" Y="4600.507" Z="735.2455" />
								<Code File="InteractWith" MobId="251304" X="-966.7309" Y="4604.499" Z="735.2952" />
							</If>
							<If Condition="Me.IsHorde" >
								<MoveTo X="-660.4494" Y="4364.643" Z="748.5765" />
								<Code File="InteractWith" MobId="251305" X="-657.9705" Y="4363.978" Z="748.5759" />
							</If>
						</If>
						<Code File="InteractWith" MobId="93787" WaitTime="1500" NonCompeteDistance="0" X="2332.899" Y="-5390.446" Z="56.53489" />
						<Code File="Misc\RunLua" Lua="OrderHallMissionFrame.Tab3:Click(); C_AdventureMap.StartQuest(39733);" WaitTime="1500" />
						<Code File="Misc\RunLua" Lua="C_AdventureMap.Close();" WaitTime="1500" />
					</If>

					<If Condition="Me.HasAura(213170)" >
						<Code File="InteractWith" MobId="251673" X="2376.156" Y="-5320.269" Z="54.72763" /> <!-- NOTE: <ConditionalCheck> : UseWhen in Class Hall, TerminateWhen Me In Dalaran -->
					</If>
					<Code File="LoadProfile" ProfileName="../Highmountain.xml" />
				</If>
				<!-- END Highmountain -->

				<!-- Stormheim -->
				<If Condition="doStormheim &amp;&amp; Chance(10)" >
					<Code File="RunCode"><![CDATA[
						Logging.Write(System.Windows.Media.Colors.Yellow, $"[Profile]: Chose Stormheim as our next questing area.  You may stop->start the bot to have it randomize again!");
					]]>
					</Code>
					<If Condition="(Me.IsAlliance &amp;&amp; NeedsQuest(39735)) || (Me.IsHorde &amp;&amp; NeedsQuest(39864))" >
						<If Condition="!Me.HasAura(213170)" >
							<If Condition="Me.IsAlliance" >
								<MoveTo X="-961.5208" Y="4600.507" Z="735.2455" />
								<Code File="InteractWith" MobId="251304" X="-966.7309" Y="4604.499" Z="735.2952" />
							</If>
							<If Condition="Me.IsHorde" >
								<MoveTo X="-660.4494" Y="4364.643" Z="748.5765" />
								<Code File="InteractWith" MobId="251305" X="-657.9705" Y="4363.978" Z="748.5759" />
							</If>
						</If>
						<Code File="InteractWith" MobId="93787" WaitTime="1500" NonCompeteDistance="0" X="2332.899" Y="-5390.446" Z="56.53489" />
						<Code File="Misc\RunLua" Lua="OrderHallMissionFrame.Tab3:Click(); C_AdventureMap.StartQuest(39735); C_AdventureMap.StartQuest(39864);" WaitTime="1500" />
						<Code File="Misc\RunLua" Lua="C_AdventureMap.Close();" WaitTime="1500" />
					</If>

					<If Condition="Me.HasAura(213170)" >
						<Code File="InteractWith" MobId="251673" X="2376.156" Y="-5320.269" Z="54.72763" /> <!-- NOTE: <ConditionalCheck> : UseWhen in Class Hall, TerminateWhen Me In Dalaran -->
					</If>
					<Code File="LoadProfile" ProfileName="../Stormheim.xml" />
				</If>
				<!-- END Stormheim -->
			</While>
		<!-- END Randomize to a new zone -->

		<!-- Load into existing zone -->
			<!-- Azsuna -->
			<If Condition="currentZone == 1" > 
				<If Condition="Me.HasAura(213170)" >
					<Code File="InteractWith" MobId="251673" X="2376.156" Y="-5320.269" Z="54.72763" /> <!-- NOTE: <ConditionalCheck> : UseWhen in Class Hall, TerminateWhen Me In Dalaran -->
				</If>
				<Code File="LoadProfile" ProfileName="../Azsuna.xml" />
			</If>
			<!-- END Azsuna -->

			<!-- Val'sharah -->
			<If Condition="currentZone == 2" > 
				<If Condition="Me.HasAura(213170)" >
					<Code File="InteractWith" MobId="251673" X="2376.156" Y="-5320.269" Z="54.72763" /> <!-- NOTE: <ConditionalCheck> : UseWhen in Class Hall, TerminateWhen Me In Dalaran -->
				</If>
				<Code File="LoadProfile" ProfileName="../Val'sharah.xml" />
			</If>
			<!-- END Val'sharah -->

			<!-- Highmountain -->
			<If Condition="currentZone == 3" >
				<If Condition="Me.HasAura(213170)" >
					<Code File="InteractWith" MobId="251673" X="2376.156" Y="-5320.269" Z="54.72763" /> <!-- NOTE: <ConditionalCheck> : UseWhen in Class Hall, TerminateWhen Me In Dalaran -->
				</If>
				<Code File="LoadProfile" ProfileName="../Highmountain.xml" />
			</If>
			<!-- END Highmountain -->

			<!-- Stormheim -->
			<If Condition="currentZone == 4" > 
				<If Condition="Me.HasAura(213170)" >
					<Code File="InteractWith" MobId="251673" X="2376.156" Y="-5320.269" Z="54.72763" /> <!-- NOTE: <ConditionalCheck> : UseWhen in Class Hall, TerminateWhen Me In Dalaran -->
				</If>
				<Code File="LoadProfile" ProfileName="../Stormheim.xml" />
			</If>
			<!-- END Stormheim -->
		<!-- END Load into existing zone -->
	</QuestOrder>
</HBProfile>