<HBProfile xsi:noNamespaceSchemaLocation="../../../Schemas/QuestProfileSchema.xsd" xmlns:xsi="http://www.w3.org/2001/XMLSchema-instance">
    <Name>[A] Tol Barad - Peninsula Dailies [Kick] ($ShortHash$)</Name>
    <MinLevel>1</MinLevel>
    <MaxLevel>1001</MaxLevel>

    <MinDurability>0.1</MinDurability>
    <MinFreeBagSlots>2</MinFreeBagSlots>

    <MailGrey>false</MailGrey>
    <MailWhite>false</MailWhite>
    <MailGreen>false</MailGreen>
    <MailBlue>false</MailBlue>
    <MailPurple>false</MailPurple>

    <SellGrey>true</SellGrey>
    <SellWhite>false</SellWhite>
    <SellGreen>false</SellGreen>
    <SellBlue>false</SellBlue>
    <SellPurple>false</SellPurple>

    <TargetElites>false</TargetElites>

    <Vendors>
        <Vendor Name="Kevin Geissler" Id="48251" Type="Repair" X="-374.3594" Y="1052.682" Z="21.98276" />
    </Vendors>

    <AvoidMobs>
        <Mob Name="Hellscream Guard" Id="48355" />
    </AvoidMobs>

    <Blackspots>
        <Blackspot X="-548.1035" Y="1101.35" Z="95.06052" Radius="5" />
        <Blackspot X="-163.6802" Y="1901.315" Z="1.837813" Radius="21" />
        <Blackspot X="-233.2661" Y="932.4844" Z="56.06354" Radius="8.391528" />
        <Blackspot X="-1239.66" Y="789.2374" Z="119.4402" Radius="4.119291" />
    </Blackspots>

    <Quest Id="28063" Name="Leave No Weapon Behind"> <!-- TB -->
        <Objective Type="CollectItem" ItemId="62921" CollectCount="12">
            <CollectFrom>
                <Object Name="Rack of Rifles" Id="206664" />
            </CollectFrom>
            <Hotspots>
                <Hotspot X="-43.22779" Y="1656.115" Z="28.17303" />
                <Hotspot X="25.41748" Y="1727.829" Z="36.92225" />
                <Hotspot X="-98.11158" Y="1611.474" Z="23.0972" />
            </Hotspots>
        </Objective>
    </Quest>

    <Quest Id="27978" Name="Ghostbuster"> <!-- TB -->
        <Objective Type="KillMob" MobId="47303" KillCount="14">
            <Hotspots>
                <Hotspot X="-137.311" Y="1061.943" Z="22.05109" />
                <Hotspot X="-255.9008" Y="978.67" Z="48.97158" />
                <Hotspot X="-166.22" Y="919.7796" Z="73.23612" />
                <Hotspot X="-156.3961" Y="1046.136" Z="23.91223" />
            </Hotspots>
        </Objective>
    </Quest>

    <Quest Id="27973" Name="Watch Out For Splinters!"> <!-- TB -->
        <Objective Type="CollectItem" ItemId="62811" CollectCount="15">
            <CollectFrom>
                <Mob Name="Ghastly Dockhand" Id="46641" />
                <Mob Name="Accursed Shipbuilder" Id="46643" />
                <Object Name="Shipyard Lumber" Id="206583" />
            </CollectFrom>
            <Hotspots>
                <Hotspot X="-167.3765" Y="1849.325" Z="2.382729" />
                <Hotspot X="-198.5779" Y="1883.063" Z="2.382843" />
                <Hotspot X="-198.5602" Y="1908.246" Z="2.752382" />
                <Hotspot X="-169.7275" Y="1858.202" Z="2.383965" />
                <Hotspot X="-146.1035" Y="1869.178" Z="2.417267" />
                <Hotspot X="-124.0322" Y="1922.913" Z="2.382826" />
                <Hotspot X="-122.1458" Y="1943.29" Z="2.379083" />
                <Hotspot X="-92.40714" Y="1944.395" Z="13.47554" />
                <Hotspot X="-79.28756" Y="1915.401" Z="13.24181" />
                <Hotspot X="-102.238" Y="1886.431" Z="13.54396" />
                <Hotspot X="-126.3708" Y="1883.362" Z="7.47734" />
                <Hotspot X="-142.1002" Y="1883.223" Z="2.609627" />
                <Hotspot X="-151.5295" Y="1863.142" Z="2.384385" />
            </Hotspots>
        </Objective>
    </Quest>

    <Quest Id="27967" Name="First Lieutenant Connor"> <!-- TB -->
        <Objective Type="KillMob" MobId="46571" KillCount="1">
            <Hotspots>
                <Hotspot X="-597" Y="1716" Z="64" />
            </Hotspots>
        </Objective>
    </Quest>

    <Quest Id="28046" Name="Finish The Job"> <!-- TB -->
        <Objective Type="KillMob" MobId="46823" KillCount="5">
            <Hotspots>
                <Hotspot X="-366.0929" Y="1727.022" Z="22.73531" />
                <Hotspot X="-363.3139" Y="1653.258" Z="18.30021" />
                <Hotspot X="-407.9453" Y="1586.206" Z="24.00062" />
                <Hotspot X="-482.8566" Y="1530.755" Z="18.80788" />
            </Hotspots>
        </Objective>
    </Quest>

    <Quest Id="28130" Name="Not The Friendliest Town"> <!-- TB -->
        <Objective Type="KillMob" MobId="47664" KillCount="14">
            <Hotspots>
                <Hotspot X="-76.54547" Y="1346.212" Z="22.04963" />
                <Hotspot X="-25.19899" Y="1341.452" Z="22.05027" />
                <Hotspot X="14.76371" Y="1296.069" Z="20.42659" />
                <Hotspot X="16.10763" Y="1258.006" Z="15.05701" />
                <Hotspot X="-27.51064" Y="1216.344" Z="15.07817" />
                <Hotspot X="-13.07056" Y="1164.045" Z="15.08945" />
                <Hotspot X="-40.21508" Y="1144.721" Z="15.06185" />
                <Hotspot X="-72.26093" Y="1171.12" Z="15.13031" />
                <Hotspot X="-139.3597" Y="1188.298" Z="22.04813" />
                <Hotspot X="-116.9286" Y="1229.621" Z="22.04814" />
                <Hotspot X="-98.99667" Y="1286.69" Z="22.04827" />
                <Hotspot X="-106.7051" Y="1307.235" Z="22.24372" />
                <Hotspot X="-101.667" Y="1313.881" Z="22.04965" />
            </Hotspots>
        </Objective>
    </Quest>

    <Quest Id="27970" Name="Captain P. Harris"> <!-- TB -->
        <Objective Type="KillMob" MobId="47287" KillCount="1">
            <Hotspots>
                <Hotspot X="272.2379" Y="1527.812" Z="2.695419" />
            </Hotspots>
        </Objective>
    </Quest>

    <Quest Id="27948" Name="A Sticky Task"> <!-- TB -->
        <Objective Type="CollectItem" ItemId="62803" CollectCount="4">
            <CollectFrom>
                <Mob Name="Darkwood Broodmother" Id="46507" />
            </CollectFrom>
            <Hotspots>
                <Hotspot X="-276.8569" Y="1279.073" Z="22.99864" />
                <Hotspot X="-313.2652" Y="1355.637" Z="21.73801" />
                <Hotspot X="-235.5992" Y="1382.193" Z="22.71463" />
                <Hotspot X="-236.4346" Y="1448.735" Z="24.6194" />
                <Hotspot X="-270.6553" Y="1382.272" Z="23.22095" />
                <Hotspot X="-339.5683" Y="1290.853" Z="24.74712" />
                <Hotspot X="-369.0026" Y="1354.439" Z="21.03231" />
            </Hotspots>
        </Objective>
    </Quest>

    <Quest Id="27966" Name="Salvaging the Remains" > <!-- TB -->
        <Objective Type="CollectItem" ItemId="62808" CollectCount="9">
            <CollectFrom>
                <Mob Name="Forgotten Ghoul" Id="46569" />
            </CollectFrom>
            <Hotspots>
               <Hotspot X="-472.3245" Y="1888.093" Z="46.92218" />
            </Hotspots>
         </Objective>
    </Quest>

    <Quest Id="27972" Name="Boosting Morale"> <!-- TB -->
        <Objective Type="CollectItem" ItemId="62810" CollectCount="6">
            <CollectFrom>
            </CollectFrom>
            <Hotspots>
                <Hotspot X="111.2332" Y="1497.821" Z="-5.699194" />
            </Hotspots>
        </Objective>
    </Quest>

    <Quest Id="28137" Name="Teach A Man To Fish.... Or Steal"> <!-- TB -->
        <Objective Type="CollectItem" ItemId="63047" CollectCount="22">
            <CollectFrom>
            </CollectFrom>
            <Hotspots>
            </Hotspots>
        </Objective>
    </Quest>

    <Quest Id="27975" Name="WANTED: Foreman Wellson"> <!-- TB -->
        <Objective Type="KillMob" MobId="46648" KillCount="1">
            <Hotspots>
                <Hotspot X="-208.5763" Y="1912.925" Z="2.382754" />
            </Hotspots>
        </Objective>
    </Quest>

    <Quest Id="27949" Name="The Forgotten"> <!-- TB -->
        <Objective Type="UseObject" ObjectId="206570" UseCount="6">
            <Hotspots>
                <Hotspot X="-546.5945" Y="1776.778" Z="59.46492" />
                <Hotspot X="-522.6319" Y="1808.115" Z="50.55902" />
                <Hotspot X="-462.1253" Y="1808.753" Z="46.44058" />
                <Hotspot X="-456.1028" Y="1914.512" Z="47.9677" />
                <Hotspot X="-510.2863" Y="1916.735" Z="46.70458" />
                <Hotspot X="-563.2547" Y="1890.679" Z="46.59837" />
                <Hotspot X="-636.4646" Y="1781.999" Z="54.52452" />
            </Hotspots>
        </Objective>
    </Quest>

    <Quest Id="28050" Name="Shark Tank"> <!-- TB -->
        <Objective Type="KillMob" MobId="46608" KillCount="1">
            <Hotspots>
                <Hotspot X="128.1277" Y="1530.333" Z="-1.498052" />
                <Hotspot X="238.5994" Y="1518.904" Z="-3.574885" />
                <Hotspot X="226.5217" Y="1565.425" Z="-1.488782" />
                <Hotspot X="117.839" Y="1565.4" Z="-1.507426" />
            </Hotspots>
        </Objective>
    </Quest>

    <Quest Id="27991" Name="Taking the Overlook Back"> <!-- TB -->
        <Objective Type="KillMob" MobId="47304" KillCount="1">
            <Hotspots>
                <Hotspot X="-142.7136" Y="973.4319" Z="120.1456" />
            </Hotspots>
        </Objective>
    </Quest>

    <QuestOrder>

        <LootMobs Value="true" />
        <UseMount Value="true" />

        <!-- If I am in Dalaran, take the portal to Main City -->
        <If Condition="(Me.ZoneId == 4395)" >
             <If Condition="Me.IsAlliance" >
                <CustomBehavior File="Message" Text="We are in Dalaran, using portal to SW" LogColor="Cornflowerblue" />
                <CustomBehavior File="ForcedDismount" />
                <MoveTo X="5718.221" Y="721.2461" Z="641.7213" />
                <CustomBehavior File="ForcedDismount" />

                <CustomBehavior File="InteractWith" MobId="190960" Range="4" X="5718.221" Y="721.2461" Z="641.7213" />
                <CustomBehavior File="WaitTimer" WaitTime="5000" GoalText="Waiting for port {TimeRemaining}" />
              <If Condition="(Me.ZoneId == 1519)" >
                  <MoveTo X="-8988.831" Y="860.4624" Z="125.7445" />
              </If>
             </If>
        </If>

            <!-- If I am in EK, take the SW portal -->
             <If Condition="(Me.MapId == 0) &amp;&amp; (Me.ZoneId != 5389) &amp;&amp; (Me.ZoneId != 5095)" >
                <CustomBehavior File="FlyTo" DestName="TB SW Portal" X="-8208.783" Y="445.8443" Z="117.9366" />
                <CustomBehavior File="ForcedDismount" />

                <CustomBehavior File="InteractWith" MobId="206594" Range="4" X="-8208.508" Y="449.4972" Z="117.7234" />
                <CustomBehavior File="WaitTimer" WaitTime="5000" GoalText="Waiting for port {TimeRemaining}" />
             </If>

            <!-- This is the MobId, not QuestId -->
            <While Condition="HasQuestAvailable(48250)" >
                <CustomBehavior File="InteractWith"  MobId="48250" CollectionDistance="200"
                                X="-351.8438" Y="1050.149" Z="22.00145" />
                <CustomBehavior File="Misc\RunLua" Lua="SelectGossipAvailableQuest(1);" WaitTime="1000" />
                <CustomBehavior File="Misc\RunLua" Lua="AcceptQuest();" WaitTime="650" />
            </While>
            <While Condition="HasQuestAvailable(48255)" >
                <CustomBehavior File="InteractWith"  MobId="48255" CollectionDistance="200"
                                X="-351.8438" Y="1050.149" Z="22.00145" />
                <CustomBehavior File="Misc\RunLua" Lua="SelectGossipAvailableQuest(1);" WaitTime="1000" />
                <CustomBehavior File="Misc\RunLua" Lua="AcceptQuest();" WaitTime="650" />
            </While>
            <While Condition="HasQuestAvailable(51288)" >
                <CustomBehavior File="InteractWith"  MobId="51288" CollectionDistance="200"
                                X="-351.8438" Y="1050.149" Z="22.00145" />
                <CustomBehavior File="Misc\RunLua" Lua="SelectGossipAvailableQuest(1);" WaitTime="1000" />
                <CustomBehavior File="Misc\RunLua" Lua="AcceptQuest();" WaitTime="650" />
            </While>
            <While Condition="HasQuestAvailable(48254)" >
                <CustomBehavior File="InteractWith"  MobId="48254" CollectionDistance="200"
                                X="-351.8438" Y="1050.149" Z="22.00145" />
                <CustomBehavior File="Misc\RunLua" Lua="SelectGossipAvailableQuest(1);" WaitTime="1000" />
                <CustomBehavior File="Misc\RunLua" Lua="AcceptQuest();" WaitTime="650" />
            </While>
            <While Condition="HasQuestAvailable(47240)" >
                <CustomBehavior File="InteractWith"  MobId="47240" CollectionDistance="200"
                                X="-351.8438" Y="1050.149" Z="22.00145" />
                <CustomBehavior File="Misc\RunLua" Lua="SelectGossipAvailableQuest(1);" WaitTime="1000" />
                <CustomBehavior File="Misc\RunLua" Lua="AcceptQuest();" WaitTime="650" />
            </While>

            <!-- Quests Peninsula -->
            <If Condition="((HasQuest(27992)) &amp;&amp; (!IsQuestCompleted(27992)))" > <!-- TB -->
                <DisableBehavior Name="Pull" />
                <UseMount Value="false" />

                <While Condition="((HasQuest(27992)) &amp;&amp; (!IsQuestCompleted(27992)))" > <!-- TB -->
                <UseItem QuestId="27992" ItemId="62829" X="-354.8989" Y="1729.685" Z="24.83073" />
                <CustomBehavior File="WaitTimer" QuestId="27992" WaitTime="2000" GoalText="Waiting for agro to clear {TimeRemaining}" />
                <CustomBehavior File="InteractWith" QuestId="27992" MobId="206644" MobId2="206651" MobId3="206652"
                                Range="4" NumOfTimes="20" CollectionDistance="20" WaitForNpcs="false" />

                <UseItem QuestId="27992" ItemId="62829" X="-375.6446" Y="1713.888" Z="21.03204" />
                <CustomBehavior File="WaitTimer" QuestId="27992" WaitTime="2000" GoalText="Waiting for agro to clear {TimeRemaining}" />
                <CustomBehavior File="InteractWith" QuestId="27992" MobId="206644" MobId2="206651" MobId3="206652"
                                Range="4" NumOfTimes="20" CollectionDistance="20" WaitForNpcs="false" />

                <UseItem QuestId="27992" ItemId="62829" X="-387.5059" Y="1678.007" Z="17.98487" />
                <CustomBehavior File="WaitTimer" QuestId="27992" WaitTime="2000" GoalText="Waiting for agro to clear {TimeRemaining}" />
                <CustomBehavior File="InteractWith" QuestId="27992" MobId="206644" MobId2="206651" MobId3="206652"
                                Range="4" NumOfTimes="20" CollectionDistance="20" WaitForNpcs="false" />

                <UseItem QuestId="27992" ItemId="62829" X="-369.5399" Y="1662.519" Z="18.06426" />
                <CustomBehavior File="WaitTimer" QuestId="27992" WaitTime="2000" GoalText="Waiting for agro to clear {TimeRemaining}" />
                <CustomBehavior File="InteractWith" QuestId="27992" MobId="206644" MobId2="206651" MobId3="206652"
                                Range="4" NumOfTimes="20" CollectionDistance="20" WaitForNpcs="false" />

                <UseItem QuestId="27992" ItemId="62829" X="-363.9879" Y="1643.076" Z="18.18084" />
                <CustomBehavior File="WaitTimer" QuestId="27992" WaitTime="2000" GoalText="Waiting for agro to clear {TimeRemaining}" />
                <CustomBehavior File="InteractWith" QuestId="27992" MobId="206644" MobId2="206651" MobId3="206652"
                                Range="4" NumOfTimes="20" CollectionDistance="20" WaitForNpcs="false" />

                <UseItem QuestId="27992" ItemId="62829" X="-342.6443" Y="1634.853" Z="20.98205" />
                <CustomBehavior File="WaitTimer" QuestId="27992" WaitTime="2000" GoalText="Waiting for agro to clear {TimeRemaining}" />
                <CustomBehavior File="InteractWith" QuestId="27992" MobId="206644" MobId2="206651" MobId3="206652"
                                Range="4" NumOfTimes="20" CollectionDistance="20" WaitForNpcs="false" />

                <UseItem QuestId="27992" ItemId="62829" X="-359.9781" Y="1617.626" Z="24.28876" />
                <CustomBehavior File="WaitTimer" QuestId="27992" WaitTime="2000" GoalText="Waiting for agro to clear {TimeRemaining}" />
                <CustomBehavior File="InteractWith" QuestId="27992" MobId="206644" MobId2="206651" MobId3="206652"
                                Range="4" NumOfTimes="20" CollectionDistance="20" WaitForNpcs="false" />

                <UseItem QuestId="27992" ItemId="62829" X="-381.2203" Y="1637.391" Z="22.99713" />
                <CustomBehavior File="WaitTimer" QuestId="27992" WaitTime="2000" GoalText="Waiting for agro to clear {TimeRemaining}" />
                <CustomBehavior File="InteractWith" QuestId="27992" MobId="206644" MobId2="206651" MobId3="206652"
                                Range="4" NumOfTimes="20" CollectionDistance="20" WaitForNpcs="false" />

                <UseItem QuestId="27992" ItemId="62829" X="-397.9663" Y="1640.518" Z="20.73367" />
                <CustomBehavior File="WaitTimer" QuestId="27992" WaitTime="2000" GoalText="Waiting for agro to clear {TimeRemaining}" />
                <CustomBehavior File="InteractWith" QuestId="27992" MobId="206644" MobId2="206651" MobId3="206652"
                                Range="4" NumOfTimes="20" CollectionDistance="20" WaitForNpcs="false" />

                <UseItem QuestId="27992" ItemId="62829" X="-415.3267" Y="1617.886" Z="18.6075" />
                <CustomBehavior File="WaitTimer" QuestId="27992" WaitTime="2000" GoalText="Waiting for agro to clear {TimeRemaining}" />
                <CustomBehavior File="InteractWith" QuestId="27992" MobId="206644" MobId2="206651" MobId3="206652"
                                Range="4" NumOfTimes="20" CollectionDistance="20" WaitForNpcs="false" />

                <UseItem QuestId="27992" ItemId="62829" X="-396.8392" Y="1599.369" Z="23.03087" />
                <CustomBehavior File="WaitTimer" QuestId="27992" WaitTime="2000" GoalText="Waiting for agro to clear {TimeRemaining}" />
                <CustomBehavior File="InteractWith" QuestId="27992" MobId="206644" MobId2="206651" MobId3="206652"
                                Range="4" NumOfTimes="20" CollectionDistance="20" WaitForNpcs="false" />

                <UseItem QuestId="27992" ItemId="62829" X="-383.5915" Y="1575.847" Z="17.72996" />
                <CustomBehavior File="WaitTimer" QuestId="27992" WaitTime="2000" GoalText="Waiting for agro to clear {TimeRemaining}" />
                <CustomBehavior File="InteractWith" QuestId="27992" MobId="206644" MobId2="206651" MobId3="206652"
                                Range="4" NumOfTimes="20" CollectionDistance="20" WaitForNpcs="false" />

                <UseItem QuestId="27992" ItemId="62829" X="-412.6295" Y="1572.277" Z="23.08245" />
                <CustomBehavior File="WaitTimer" QuestId="27992" WaitTime="2000" GoalText="Waiting for agro to clear {TimeRemaining}" />
                <CustomBehavior File="InteractWith" QuestId="27992" MobId="206644" MobId2="206651" MobId3="206652"
                                Range="4" NumOfTimes="20" CollectionDistance="20" WaitForNpcs="false" />

                <UseItem QuestId="27992" ItemId="62829" X="-435.7594" Y="1596.063" Z="23.56715" />
                <CustomBehavior File="WaitTimer" QuestId="27992" WaitTime="2000" GoalText="Waiting for agro to clear {TimeRemaining}" />
                <CustomBehavior File="InteractWith" QuestId="27992" MobId="206644" MobId2="206651" MobId3="206652"
                                Range="4" NumOfTimes="20" CollectionDistance="20" WaitForNpcs="false" />

                <UseItem QuestId="27992" ItemId="62829" X="-459.0166" Y="1573.946" Z="24.13523" />
                <CustomBehavior File="WaitTimer" QuestId="27992" WaitTime="2000" GoalText="Waiting for agro to clear {TimeRemaining}" />
                <CustomBehavior File="InteractWith" QuestId="27992" MobId="206644" MobId2="206651" MobId3="206652"
                                Range="4" NumOfTimes="20" CollectionDistance="20" WaitForNpcs="false" />

                <UseItem QuestId="27992" ItemId="62829" X="-457.5177" Y="1555.46" Z="21.3856" />
                <CustomBehavior File="WaitTimer" QuestId="27992" WaitTime="2000" GoalText="Waiting for agro to clear {TimeRemaining}" />
                <CustomBehavior File="InteractWith" QuestId="27992" MobId="206644" MobId2="206651" MobId3="206652"
                                Range="4" NumOfTimes="20" CollectionDistance="20" WaitForNpcs="false" />

                <UseItem QuestId="27992" ItemId="62829" X="-482.6157" Y="1536.296" Z="18.46501" />
                <CustomBehavior File="WaitTimer" QuestId="27992" WaitTime="2000" GoalText="Waiting for agro to clear {TimeRemaining}" />
                <CustomBehavior File="InteractWith" QuestId="27992" MobId="206644" MobId2="206651" MobId3="206652"
                                Range="4" NumOfTimes="20" CollectionDistance="20" WaitForNpcs="false" />
             </While>
                <LootMobs Value="true" />
                <UseMount Value="true" />
                <EnableBehavior Name="Pull" />
            </If>

            <If Condition="((HasQuest(27978)) &amp;&amp; (!IsQuestCompleted(27978)))"> <!-- TB -->
                <Objective QuestName="Ghostbuster" QuestId="27978" Type="KillMob" MobId="47303" KillCount="14" />
            </If>

            <If Condition="((HasQuest(27991)) &amp;&amp; (!IsQuestCompleted(27991)))"> <!-- TB -->
                <Objective QuestName="Taking the Overlook Back" QuestId="27991" Type="KillMob" MobId="47304" KillCount="1" />
            </If>

            <If Condition="((HasQuest(28137)) &amp;&amp; (!IsQuestCompleted(28137)))"> <!-- TB -->
                <Objective QuestName="Teach A Man To Fish.... Or Steal" QuestId="28137" Type="CollectItem" ItemId="63047" CollectCount="22" />
            </If>

            <If Condition="HasQuest(28130) &amp;&amp; !IsQuestCompleted(28130)"> <!-- TB -->
                <Objective QuestName="Not The Friendliest Town" QuestId="28130" Type="KillMob" MobId="47664" KillCount="14" />
            </If>

            <If Condition="HasQuest(27948) &amp;&amp; !IsQuestCompleted(27948)"> <!-- TB -->
                <Objective QuestName="A Sticky Task" QuestId="27948" Type="CollectItem" ItemId="62803" CollectCount="4" />
            </If>

            <If Condition="HasQuest(27944) &amp;&amp; !IsQuestCompleted(27944)"> <!-- TB -->
                <Objective QuestName="Thinning the Brood" QuestId="27944" Type="KillMob" MobId="46508" KillCount="12" />
            </If>

            <If Condition="((HasQuest(27987)) &amp;&amp; (!IsQuestCompleted(27987)))"> <!-- TB -->
                <Objective QuestName="Cannonball!" QuestId="27987" Type="CollectItem" ItemId="62818" CollectCount="4" />
            </If>

            <If Condition="HasQuest(27970) &amp;&amp; !IsQuestCompleted(27970)"> <!-- TB -->
                <MoveTo X="278.4675" Y="1547.377" Z="-1.435819" />
                <Objective QuestName="Captain P. Harris" QuestId="27970" Type="KillMob" MobId="47287" KillCount="1" />
            </If>

            <If Condition="HasQuest(27972) &amp;&amp; !IsQuestCompleted(27972)"> <!-- TB -->
                <Objective QuestName="Boosting Morale" QuestId="27972" Type="CollectItem" ItemId="62810" CollectCount="6" />
            </If>

            <If Condition="HasQuest(27971) &amp;&amp; !IsQuestCompleted(27971)"> <!-- TB -->
                <Objective QuestName="Rattling Their Cages" QuestId="27971" Type="KillMob" MobId="46605" KillCount="8" />
            </If>

            <If Condition="HasQuest(28063) &amp;&amp; !IsQuestCompleted(28063)"> <!-- TB -->
                <Objective QuestName="Leave No Weapon Behind" QuestId="28063" Type="CollectItem" ItemId="62921" CollectCount="12" />
            </If>

            <If Condition="((HasQuest(28059)) &amp;&amp; (!IsQuestCompleted(28059)))"> <!-- TB -->
                <Objective QuestName="Claiming The Keep" QuestId="28059" Type="KillMob" MobId="47447" KillCount="1" />
            </If>

            <If Condition="HasQuest(28065) &amp;&amp; !IsQuestCompleted(28065)"> <!-- TB -->
                <MoveTo QuestId="28065" X="24.51268" Y="1728.881" Z="28.21425"  />
                <CustomBehavior File="InteractWith" QuestId="28065" MobId="48309" X="19.70313" Y="1733.854" Z="28.21435" />
                <CustomBehavior File="FollowNpcUntil" NpcId="49443" Location="21.19097 1728.368 36.44616" EndNpcId="48325" />
                <CustomBehavior File="WaitTimer" QuestId="28065" WaitTime="5000" GoalText="Waiting for  {TimeRemaining}" />
            </If>

            <If Condition="HasQuest(27975) &amp;&amp; !IsQuestCompleted(27975)"> <!-- TB -->
                <Objective QuestName="WANTED: Foreman Wellson" QuestId="27975" Type="KillMob" MobId="46648" KillCount="1" />
            </If>

            <If Condition="HasQuest(27973) &amp;&amp; !IsQuestCompleted(27973)"> <!-- TB -->
                <Objective QuestName="Watch Out For Splinters!" QuestId="27973" Type="CollectItem" ItemId="62811" CollectCount="15" />
            </If>

            <If Condition="HasQuest(28046) &amp;&amp; !IsQuestCompleted(28046)"> <!-- TB -->
                <Objective QuestName="Finish The Job" QuestId="28046" Type="KillMob" MobId="46823" KillCount="5" />
            </If>

            <If Condition="HasQuest(27966) &amp;&amp; !IsQuestCompleted(27966)"> <!-- TB -->
                <Objective QuestName="Salvaging the Remains" QuestId="27966" Type="CollectItem" ItemId="62808" CollectCount="9" />
            </If>

            <If Condition="HasQuest(27967) &amp;&amp; !IsQuestCompleted(27967)"> <!-- TB -->
                <Objective QuestName="First Lieutenant Connor" QuestId="27967" Type="KillMob" MobId="46571" KillCount="1" />
            </If>

            <If Condition="HasQuest(27949) &amp;&amp; !IsQuestCompleted(27949)"> <!-- TB -->
                <Objective QuestName="The Forgotten" QuestId="27949" Type="UseObject" ObjectId="206570" UseCount="6" />
            </If>

            <If Condition="((HasQuest(28275)) &amp;&amp; (!IsQuestCompleted(28275)))" > <!-- TB -->
                <MoveTo X="-71.24492" Y="2008.903" Z="7.228067" />
                <CustomBehavior File="ForcedDismount" />
                <If Condition="Me.Class == WoWClass.Druid">
					<!-- Remove Form: Cat, Travel, Bear, SWolf, Moonkin -->
					<CustomBehavior File="RunCode" >
						<![CDATA[ 
							foreach (var aura in new[]{768,783,5487,2645,24858}.Select(id =>Me.GetAuraById(id)).Where(a => a != null)) 
							aura.TryCancelAura();
						]]>
					</CustomBehavior>
                </If>
                <CustomBehavior File="Vehicles\NoControlVehicle" QuestId="28275" VehicleMountId="48283"
                                TargetId="48286" NumOfTimes="10" AttackButton="1"
                                GoHomeButton="1" MaxRange="200" />
            </If>

            <If Condition="((HasQuest(28050)) &amp;&amp; (!IsQuestCompleted(28050)))"> <!-- TB -->
                <Objective QuestName="Shark Tank" QuestId="28050" Type="KillMob" MobId="46608" KillCount="1" />
            </If>


            <If Condition="(Me.ZoneId == 5389)" >
                <MoveTo X="-360.6322" Y="1053.228" Z="22.03205" />
            </If>

            <If Condition="((HasQuest(27992)) &amp;&amp; (IsQuestCompleted(27992)))" > <!-- TB -->
        <TurnIn QuestName="Magnets, How Do They Work?" QuestId="27992" TurnInName="Lieutenant Farnsworth" TurnInId="48250" />
            </If>
            <If Condition="((HasQuest(28137)) &amp;&amp; (IsQuestCompleted(28137)))" > <!-- TB -->
        <TurnIn QuestName="Teach A Man To Fish.... Or Steal" QuestId="28137" TurnInName="Commander Marcus Johnson" TurnInId="47240" />
            </If>
            <If Condition="((HasQuest(28130)) &amp;&amp; (IsQuestCompleted(28130)))" > <!-- TB -->
        <TurnIn QuestName="Not The Friendliest Town" QuestId="28130" TurnInName="Commander Marcus Johnson" TurnInId="47240" />
            </If>
            <If Condition="((HasQuest(28063)) &amp;&amp; (IsQuestCompleted(28063)))" > <!-- TB -->
        <TurnIn QuestName="Leave No Weapon Behind" QuestId="28063" TurnInName="Commander Marcus Johnson" TurnInId="47240" />
            </If>
            <If Condition="((HasQuest(28059)) &amp;&amp; (IsQuestCompleted(28059)))" > <!-- TB -->
        <TurnIn QuestName="Claiming The Keep" QuestId="28059" TurnInName="Commander Marcus Johnson" TurnInId="47240" />
            </If>
            <If Condition="((HasQuest(28065)) &amp;&amp; (IsQuestCompleted(28065)))" > <!-- TB -->
        <TurnIn QuestName="Walk A Mile In Their Shoes" QuestId="28065" TurnInName="Commander Marcus Johnson" TurnInId="47240" />
            </If>
            <If Condition="((HasQuest(27948)) &amp;&amp; (IsQuestCompleted(27948)))" > <!-- TB -->
        <TurnIn QuestName="A Sticky Task" QuestId="27948" TurnInName="Camp Coordinator Brack" TurnInId="48255" />
            </If>
            <If Condition="((HasQuest(27944)) &amp;&amp; (IsQuestCompleted(27944)))" > <!-- TB -->
        <TurnIn QuestName="Thinning the Brood" QuestId="27944" TurnInName="Camp Coordinator Brack" TurnInId="48255" />
            </If>
            <If Condition="((HasQuest(27970)) &amp;&amp; (IsQuestCompleted(27970)))" > <!-- TB -->
        <TurnIn QuestName="Captain P. Harris" QuestId="27970" TurnInName="Camp Coordinator Brack" TurnInId="48255" />
            </If>
            <If Condition="((HasQuest(27972)) &amp;&amp; (IsQuestCompleted(27972)))" >
        <TurnIn QuestName="Boosting Morale" QuestId="27972" TurnInName="Camp Coordinator Brack" TurnInId="48255" />
            </If>
            <If Condition="((HasQuest(28050)) &amp;&amp; (IsQuestCompleted(28050)))" > <!-- TB -->
        <TurnIn QuestName="Shark Tank" QuestId="28050" TurnInName="Camp Coordinator Brack" TurnInId="48255" />
            </If>
            <If Condition="((HasQuest(27971)) &amp;&amp; (IsQuestCompleted(27971)))" > <!-- TB -->
        <TurnIn QuestName="Rattling Their Cages" QuestId="27971" TurnInName="Camp Coordinator Brack" TurnInId="48255" />
            </If>
            <If Condition="((HasQuest(27991)) &amp;&amp; (IsQuestCompleted(27991)))" > <!-- TB -->
        <TurnIn QuestName="Taking the Overlook Back" QuestId="27991" TurnInName="Sergeant Gray" TurnInId="48254" />
            </If>
            <If Condition="((HasQuest(27975)) &amp;&amp; (IsQuestCompleted(27975)))" > <!-- TB -->
        <TurnIn QuestName="WANTED: Foreman Wellson" QuestId="27975" TurnInName="Sergeant Gray" TurnInId="48254" />
            </If>
            <If Condition="((HasQuest(27973)) &amp;&amp; (IsQuestCompleted(27973)))" > <!-- TB -->
        <TurnIn QuestName="Watch Out For Splinters!" QuestId="27973" TurnInName="Sergeant Gray" TurnInId="48254" />
            </If>
            <If Condition="((HasQuest(28275)) &amp;&amp; (IsQuestCompleted(28275)))" > <!-- TB -->
        <TurnIn QuestName="Bomb's Away!" QuestId="28275" TurnInName="Sergeant Gray" TurnInId="48254" />
            </If>
            <If Condition="((HasQuest(27978)) &amp;&amp; (IsQuestCompleted(27978)))" > <!-- TB -->
        <TurnIn QuestName="Ghostbuster" QuestId="27978" TurnInName="Sergeant Gray" TurnInId="48254" />
            </If>
            <If Condition="((HasQuest(27987)) &amp;&amp; (IsQuestCompleted(27987)))" > <!-- TB -->
        <TurnIn QuestName="Cannonball!" QuestId="27987" TurnInName="Sergeant Gray" TurnInId="48254" />
            </If>
            <If Condition="((HasQuest(28046)) &amp;&amp; (IsQuestCompleted(28046)))" > <!-- TB -->
        <TurnIn QuestName="Finish The Job" QuestId="28046" TurnInName="Lieutenant Farnsworth" TurnInId="48250" />
            </If>
            <If Condition="((HasQuest(27966)) &amp;&amp; (IsQuestCompleted(27966)))" > <!-- TB -->
        <TurnIn QuestName="Salvaging the Remains" QuestId="27966" TurnInName="Lieutenant Farnsworth" TurnInId="48250" />
            </If>
            <If Condition="((HasQuest(27967)) &amp;&amp; (IsQuestCompleted(27967)))" > <!-- TB -->
        <TurnIn QuestName="First Lieutenant Connor" QuestId="27967" TurnInName="Lieutenant Farnsworth" TurnInId="48250" />
            </If>
            <If Condition="((HasQuest(27949)) &amp;&amp; (IsQuestCompleted(27949)))" > <!-- TB -->
        <TurnIn QuestName="The Forgotten" QuestId="27949" TurnInName="Lieutenant Farnsworth" TurnInId="48250" />
            </If>

            <If Condition="(Me.ZoneId == 5389)" >
                <!-- Portal to SW -->
                <CustomBehavior File="InteractWith" MobId="208227" CollectionDistance="200"
                                X="-345.2877" Y="1035.014" Z="22.08401" />
            </If>


            <!--
        <If Condition="(IsQuestCompleted(26709)) &amp;&amp; (Lua.GetReturnVal<int>('return GetDailyQuestsCompleted()', 0) &lt;= 20)">
            -->
        <If Condition="(IsQuestCompleted(26709))">
            <CustomBehavior File="LoadProfile" ProfileName="..\[Fly][N - Rep Quest] DH Therazane Rep Dailies [Kick]" />
        </If>

    <CustomBehavior File="UserDialog"  Title="title" AllowBotStop="true" SoundCue="Asterisk" SoundCueInterval="1" Text="End of Dailies" />




 </QuestOrder>

</HBProfile>
